timestamp,availability_pct,latency_p95_ms,data_completeness_pct,freshness_lag_sec,composite_status,z_score,z_flag,cusum_pos,cusum_neg,cusum_flag,any_alert
2024-01-01 00:00:00,99.8995,38.53575,99.497,46.53325,Amber,,0,0.0,0.0,0,0
2024-01-01 01:00:00,99.83500000000001,46.4345,99.5275,50.0025,Amber,,0,0.0249,0.0,0,0
2024-01-01 02:00:00,99.73275,46.6465,99.6965,54.314750000000004,Green,-1.0663917772908402,0,0.0,0.0,0,0
2024-01-01 03:00:00,99.42824999999999,46.9255,99.787,54.343,Amber,-1.416513695962825,0,0.0,0.0,0,0
2024-01-01 04:00:00,99.5635,57.3125,99.29124999999999,58.2085,Amber,-0.6598124887616337,0,0.0,0.0,0,0
2024-01-01 05:00:00,99.792,69.4945,99.50375,59.1045,Amber,0.46735110645789496,0,0.0,0.0,0,0
2024-01-01 06:00:00,99.7875,76.72800000000001,99.70824999999999,60.7675,Amber,0.6121456116865844,0,0.0,0.0,0,0
2024-01-01 07:00:00,99.80075,90.65025,99.52625,60.25775,Amber,0.7581636847685564,0,0.0,0.0,0,0
2024-01-01 08:00:00,99.67225,100.369,99.53875,54.60725,Amber,-0.011789414241823728,0,0.0,0.0,0,0
2024-01-01 09:00:00,99.5255,96.0375,99.5785,54.421,Red,-1.3402460418008042,0,0.0,0.0,0,1
2024-01-01 10:00:00,99.83025,112.1465,99.49549999999999,53.63175,Amber,0.8239523752702664,0,0.0201,0.0,0,0
2024-01-01 11:00:00,99.4865,121.197,99.57,47.13125,Amber,-1.3301510772966272,0,0.0,0.0,0,0
2024-01-01 12:00:00,99.48575,116.984,99.41149999999999,45.2765,Amber,-0.9409195683540483,0,0.0,0.0,0,0
2024-01-01 13:00:00,99.79825,116.57975,99.04875,39.439750000000004,Amber,1.0553975650450294,0,0.0,0.0,0,0
2024-01-01 14:00:00,99.5455,110.12875,99.59875,37.37475,Amber,-0.4187878629877936,0,0.0,0.0,0,0
2024-01-01 15:00:00,99.09775,108.7225,99.4855,36.14175,Amber,-1.6684612387055995,0,0.0,0.3002,0,0
2024-01-01 16:00:00,99.78775,99.7725,99.456,29.590249999999997,Amber,0.9904734934468006,0,0.0,0.0,0,0
2024-01-01 17:00:00,99.56425,95.124,99.39525,28.97775,Green,0.0692489990294267,0,0.0,0.0,0,0
2024-01-01 18:00:00,99.32300000000001,72.8805,99.73525000000001,32.2735,Amber,-0.7231927351540308,0,0.0,0.0749,0,0
2024-01-01 19:00:00,99.1565,68.06925,99.806,34.9905,Amber,-0.9617554734808965,0,0.0,0.3164,0,0
2024-01-01 20:00:00,99.5435,58.55325,99.69749999999999,34.78175,Amber,0.4940064562269291,0,0.0,0.1708,0,0
2024-01-01 21:00:00,99.502,51.24575,99.47325,36.306000000000004,Amber,0.10364721160767171,0,0.0,0.0667,0,0
2024-01-01 22:00:00,99.68575,48.7,99.46950000000001,40.606,Amber,1.1720455455673229,0,0.0,0.0,0,0
2024-01-01 23:00:00,99.29075,45.32325,99.554,39.72625,Amber,-0.6505007684669603,0,0.0,0.1072,0,0
2024-01-02 00:00:00,99.77025,33.9695,99.7365,43.6375,Green,1.1980113948987547,0,0.0,0.0,0,0
2024-01-02 01:00:00,99.43275,39.39375,99.66375,54.2675,Amber,-0.6061803201674995,0,0.0,0.0,0,0
2024-01-02 02:00:00,99.9385,45.045500000000004,99.376,57.19275,Amber,1.4061650635757508,0,0.1284,0.0,0,0
2024-01-02 03:00:00,99.70075,54.1575,99.39699999999999,57.144,Amber,0.27329526334868876,0,0.019,0.0,0,0
2024-01-02 04:00:00,99.96775,61.4615,99.71275,58.917,Green,1.0439851057306917,0,0.1767,0.0,0,0
2024-01-02 05:00:00,99.8455,69.3895,99.45075,58.5505,Amber,0.35553498302434916,0,0.2121,0.0,0,0
2024-01-02 06:00:00,99.7095,77.12525,99.5815,60.6,Amber,-0.2848360821613045,0,0.1115,0.0,0,0
2024-01-02 07:00:00,99.792,81.68275,99.355,56.201,Amber,-0.2986382193256138,0,0.0933,0.0,0,0
2024-01-02 08:00:00,99.70524999999999,100.972,99.557,57.8795,Amber,-0.7688099677779254,0,0.0,0.0,0,0
2024-01-02 09:00:00,99.701,111.24475000000001,99.48575,54.724000000000004,Amber,-0.8095829474464148,0,0.0,0.0,0,0
2024-01-02 10:00:00,99.57775,116.3295,99.3535,52.9785,Amber,-1.5751193269024084,0,0.0,0.0,0,0
2024-01-02 11:00:00,99.65950000000001,118.14099999999999,99.487,48.39025,Green,-0.44612868702087644,0,0.0,0.0,0,0
2024-01-02 12:00:00,99.46325,120.51075,99.449,41.93875,Amber,-1.6235975846576258,0,0.0,0.0,0,0
2024-01-02 13:00:00,99.7715,117.3065,99.11525,39.64775,Amber,1.1372852072964117,0,0.0,0.0,0,0
2024-01-02 14:00:00,99.417,104.61125,99.48474999999999,37.6305,Amber,-1.309879145028872,0,0.0,0.0,0,0
2024-01-02 15:00:00,99.589,105.26225,99.3025,33.625750000000004,Green,0.07231993285017624,0,0.0,0.0,0,0
2024-01-02 16:00:00,99.44575,100.9485,99.203,33.20575,Amber,-0.7981698881016861,0,0.0,0.0,0,0
2024-01-02 17:00:00,99.8295,87.83725,99.658,25.803,Green,1.3741056126663078,0,0.0194,0.0,0,0
2024-01-02 18:00:00,99.06425,79.2285,99.74775,26.698500000000003,Amber,-1.6350274941624132,0,0.0,0.3337,0,0
2024-01-02 19:00:00,99.59100000000001,74.18275,99.52074999999999,30.5785,Amber,0.3991738592240432,0,0.0,0.1406,0,0
2024-01-02 20:00:00,99.69425,54.88275,99.39224999999999,28.992,Amber,0.601515793864554,0,0.0,0.0,0,0
2024-01-02 21:00:00,99.408,53.9005,99.35900000000001,35.8785,Amber,-0.36539931167109857,0,0.0,0.0,0,0
2024-01-02 22:00:00,99.68775,39.2585,99.35925,37.78725,Amber,0.5179476592278428,0,0.0,0.0,0,0
2024-01-02 23:00:00,99.38025,47.00775,99.4015,38.481750000000005,Amber,-0.37720766083414387,0,0.0,0.0177,0,0
2024-01-03 00:00:00,99.67025,36.8245,99.15025,47.494749999999996,Amber,0.6883994291668151,0,0.0,0.0,0,0
2024-01-03 01:00:00,99.57849999999999,39.7985,99.56075,47.86875,Amber,0.06077589991826756,0,0.0,0.0,0,0
2024-01-03 02:00:00,100.0,40.23825,99.55725,55.221000000000004,Amber,1.6770014430954292,0,0.1899,0.0,0,0
2024-01-03 03:00:00,99.67,44.85625,99.58975,57.95375,Amber,0.02761472637853527,0,0.0498,0.0,0,0
2024-01-03 04:00:00,100.0,57.40675,99.38975,58.543,Amber,1.1629133297215597,0,0.2397,0.0,0,0
2024-01-03 05:00:00,99.96000000000001,66.463,99.6345,60.61475,Amber,0.7587349865131032,0,0.3896,0.0,0,0
2024-01-03 06:00:00,99.8125,78.94800000000001,99.509,58.555499999999995,Amber,-0.13453141003299468,0,0.392,0.0,0,0
2024-01-03 07:00:00,99.55324999999999,87.19075000000001,99.1155,59.1385,Amber,-1.4842096052258422,0,0.1351,0.0,0,0
2024-01-03 08:00:00,99.77025,95.3,99.52825,53.560500000000005,Amber,-0.14179712836716585,0,0.0952,0.0,0,0
2024-01-03 09:00:00,99.7615,109.81675,99.54325,54.96525,Amber,-0.29998450530839554,0,0.0466,0.0,0,0
2024-01-03 10:00:00,99.845,118.64275,99.69275,52.4135,Green,0.457932531818066,0,0.0815,0.0,0,0
2024-01-03 11:00:00,99.50625,120.41475,99.63974999999999,46.792249999999996,Green,-1.4198456596323963,0,0.0,0.0,0,0
2024-01-03 12:00:00,99.71000000000001,110.62950000000001,99.3525,44.6505,Amber,0.1425515637321903,0,0.0,0.0,0,0
2024-01-03 13:00:00,99.26175,116.582,99.587,40.065,Amber,-1.739216862620304,0,0.0,0.1362,0,0
2024-01-03 14:00:00,99.646,116.827,99.506,35.98925,Green,0.11542725001070653,0,0.0,0.0,0,0
2024-01-03 15:00:00,99.47525,104.668,99.502,35.751999999999995,Amber,-0.4832489637617477,0,0.0,0.0,0,0
2024-01-03 16:00:00,99.63125,105.72975,99.4305,33.7605,Amber,0.5730840846772919,0,0.0,0.0,0,0
2024-01-03 17:00:00,98.74825,91.61575,99.521,31.063999999999997,Red,-1.828845722373767,0,0.0,0.6497,0,1
2024-01-03 18:00:00,99.1855,82.77625,99.444,33.7925,Amber,-0.4101997104420157,0,0.0,0.8621,0,0
2024-01-03 19:00:00,99.346,67.80725,99.735,37.567750000000004,Amber,0.021580545763585413,0,0.0,0.914,0,0
2024-01-03 20:00:00,99.533,54.44475,99.5175,35.875499999999995,Amber,0.6660075758850452,0,0.0,0.779,0,0
2024-01-03 21:00:00,99.4205,48.20475,99.663,37.022,Amber,0.34793201587340433,0,0.0,0.7564,0,0
2024-01-03 22:00:00,99.6225,43.398250000000004,99.35975,36.94975,Amber,0.998520576877941,0,0.0,0.5318,0,0
2024-01-03 23:00:00,99.55625,44.95925,99.574,41.11325,Green,0.6981190266886979,0,0.0,0.3735,0,0
2024-01-04 00:00:00,99.59875,38.3985,99.51425,44.50925,Amber,0.7973110100045246,0,0.0,0.1727,0,0
2024-01-04 01:00:00,99.7405,47.14125,99.53525,49.6415,Amber,1.5283410009346166,0,0.0,0.0,0,0
2024-01-04 02:00:00,100.0,42.25675,99.35825,53.97425,Amber,1.7385302642764757,0,0.1899,0.0,0,0
2024-01-04 03:00:00,99.78575000000001,51.357749999999996,99.249,55.24075,Amber,0.4179868502880216,0,0.1655,0.0,0,0
2024-01-04 04:00:00,99.90925,60.6075,99.49425,56.65675,Amber,0.8371616756469359,0,0.2647,0.0,0,0
2024-01-04 05:00:00,99.9455,59.37125,99.657,58.50575,Amber,0.7721134994979316,0,0.4001,0.0,0,0
2024-01-04 06:00:00,100.0,81.164,99.5355,58.163,Amber,0.9371899404427261,0,0.59,0.0,0,0
2024-01-04 07:00:00,99.93325,90.493,99.593,61.96175,Amber,0.05425718266980824,0,0.7131,0.0,0,0
2024-01-04 08:00:00,99.88225,103.16575,99.579,62.609,Amber,-0.3748089550901274,0,0.7852,0.0,0,0
2024-01-04 09:00:00,99.675,107.094,99.60475,56.991,Amber,-1.9125434614170946,0,0.6501,0.0,0,0
2024-01-04 10:00:00,99.78925,111.07600000000001,99.67175,51.04625,Amber,-0.6835782513274229,0,0.6293,0.0,0,0
2024-01-04 11:00:00,99.7205,123.99775,99.5855,46.94125,Amber,-0.8929240537512131,0,0.5397,0.0,0,0
2024-01-04 12:00:00,99.5085,124.8735,99.5435,44.56325,Amber,-1.5854526191499154,0,0.2381,0.0,0,0
2024-01-04 13:00:00,99.48949999999999,112.80775,99.30975000000001,42.978500000000004,Amber,-1.2126716137515694,0,0.0,0.0,0,0
2024-01-04 14:00:00,99.1385,117.438,99.30975,34.60375,Amber,-1.7646963376567724,0,0.0,0.2594,0,0
2024-01-04 15:00:00,99.52850000000001,102.34825000000001,99.4215,36.857749999999996,Amber,-0.0027467645809844668,0,0.0,0.1289,0,0
2024-01-04 16:00:00,99.387,102.362,99.458,30.7075,Amber,-0.39093155089910364,0,0.0,0.1398,0,0
2024-01-04 17:00:00,99.30324999999999,94.0455,99.451,29.0,Amber,-0.5916786505230269,0,0.0,0.2345,0,0
2024-01-04 18:00:00,99.65375,82.45824999999999,99.457,31.892,Amber,1.3040888573759062,0,0.0,0.0,0,0
2024-01-04 19:00:00,99.4855,76.658,99.43725,31.625999999999998,Amber,0.3826234997126861,0,0.0,0.0,0,0
2024-01-04 20:00:00,99.4375,54.83975,99.47274999999999,35.954499999999996,Amber,-0.23505351694833193,0,0.0,0.0,0,0
2024-01-04 21:00:00,99.783,52.62575,99.37725,35.99825,Amber,1.5407025242999324,0,0.0,0.0,0,0
2024-01-04 22:00:00,99.711,51.10625,99.411,38.230000000000004,Amber,0.8116146867992617,0,0.0,0.0,0,0
2024-01-04 23:00:00,99.14025000000001,44.08675,99.477,41.76625,Amber,-1.6858763921156883,0,0.0,0.2577,0,0
2024-01-05 00:00:00,99.75625,39.9615,99.4125,48.8825,Amber,0.822700673729839,0,0.0,0.0,0,0
2024-01-05 01:00:00,99.7185,43.269,99.2955,50.02125,Amber,0.5024310191202115,0,0.0,0.0,0,0
2024-01-05 02:00:00,99.71325,44.1575,99.63225,52.3815,Amber,0.3110003082326487,0,0.0,0.0,0,0
2024-01-05 03:00:00,99.73425,57.651250000000005,99.51325,57.825,Amber,0.43890490438499224,0,0.0,0.0,0,0
2024-01-05 04:00:00,99.703,55.5415,99.358,57.071,Amber,0.31493730884951987,0,0.0,0.0,0,0
2024-01-05 05:00:00,99.78925,75.5875,99.5005,58.4095,Amber,1.6652002224060118,0,0.0,0.0,0,0
2024-01-05 06:00:00,99.858,82.4425,99.58275,59.11025,Amber,1.7567930315690738,0,0.0479,0.0,0,0
2024-01-05 07:00:00,99.7045,82.474,99.3455,55.039500000000004,Amber,-0.7425978481469672,0,0.0,0.0,0,0
2024-01-05 08:00:00,99.98975,101.0075,99.453,56.56625,Green,1.732158728907502,0,0.1796,0.0,0,0
2024-01-05 09:00:00,99.9395,104.25675000000001,99.35175000000001,56.81875,Green,0.9080077493606683,0,0.309,0.0,0,0
2024-01-05 10:00:00,99.833,116.19024999999999,99.06325,48.74125,Amber,-0.18827731285570865,0,0.3319,0.0,0,0
2024-01-05 11:00:00,99.18175,125.2415,99.487,44.6,Amber,-1.9259868992895106,0,0.0,0.2162,0,0
2024-01-05 12:00:00,99.811,114.75175,99.34075,41.432,Amber,0.2313741764212419,0,0.0009,0.0,0,0
2024-01-05 13:00:00,99.297,119.5005,99.62325,34.55675,Red,-1.0933697205635426,0,0.0,0.1009,0,1
2024-01-05 14:00:00,99.30025,113.63925,99.71425,38.120999999999995,Green,-0.776522564348513,0,0.0,0.1986,0,0
2024-01-05 15:00:00,99.31774999999999,115.86825,99.37299999999999,33.35025,Red,-0.4843655124730482,0,0.0,0.2788,0,1
2024-01-05 16:00:00,99.342,101.401,99.3695,29.9425,Red,-0.1493546903305612,0,0.0,0.3347,0,1
2024-01-05 17:00:00,99.179,92.548,99.4545,36.162,Amber,-0.8839936220346344,0,0.0,0.5536,0,0
2024-01-05 18:00:00,99.04050000000001,76.02975,99.38825,28.6505,Red,-1.7809291900144821,0,0.0,0.9111,0,1
2024-01-05 19:00:00,99.51124999999999,65.4845,99.49875,30.47175,Amber,1.441466266616243,0,0.0,0.7978,0,0
2024-01-05 20:00:00,99.5865,59.0475,99.6665,31.667250000000003,Amber,1.2675405813899372,0,0.0,0.6092,0,0
2024-01-05 21:00:00,99.04975,47.39875,99.29325,37.4405,Amber,-1.008469660097615,0,0.0,0.9574,0,0
2024-01-05 22:00:00,99.56775,47.3735,99.4555,37.35175,Green,0.9406797175982636,0,0.0,0.7875,0,0
2024-01-05 23:00:00,99.92699999999999,42.5365,99.33775,38.4915,Amber,1.3950578179949615,0,0.1169,0.2585,0,0
2024-01-06 00:00:00,99.4185,39.7295,99.55875,49.29125,Green,-0.3226231905769184,0,0.0,0.2379,0,0
2024-01-06 01:00:00,99.31700000000001,41.61225,99.48175,55.202,Amber,-0.5454405594822159,0,0.0,0.3188,0,0
2024-01-06 02:00:00,99.96975,47.21575,99.40525,51.904,Amber,1.196604032535313,0,0.1596,0.0,0,0
2024-01-06 03:00:00,99.8615,47.74075,99.5375,59.3895,Amber,0.660406025939954,0,0.211,0.0,0,0
2024-01-06 04:00:00,99.53675,65.19,99.5415,58.15525,Amber,-0.47839278823513487,0,0.0,0.0,0,0
2024-01-06 05:00:00,99.8245,70.93475000000001,99.471,65.01075,Amber,0.6377336671860465,0,0.0144,0.0,0,0
2024-01-06 06:00:00,99.67349999999999,77.0565,99.6455,58.435249999999996,Amber,-0.09855274404729275,0,0.0,0.0,0,0
2024-01-06 07:00:00,99.87825000000001,90.39025000000001,99.314,61.27475,Amber,0.5556539405210914,0,0.0681,0.0,0,0
2024-01-06 08:00:00,99.7465,106.94525,99.66075,58.44025,Amber,-0.0534687317350431,0,0.0045,0.0,0,0
2024-01-06 09:00:00,99.83525,106.959,99.60275,56.32475,Amber,0.678333181704334,0,0.0297,0.0,0,0
2024-01-06 10:00:00,99.6245,118.05625,99.627,49.728,Amber,-1.3960468351907007,0,0.0,0.0,0,0
2024-01-06 11:00:00,99.23025,116.27,99.5195,46.828250000000004,Red,-1.8633329868132762,0,0.0,0.1677,0,1
2024-01-06 12:00:00,99.46225,115.978,99.475,43.12475,Green,-0.6768462397075781,0,0.0,0.1034,0,0
2024-01-06 13:00:00,99.35925,125.8265,99.49175,34.048249999999996,Amber,-0.7884570339597308,0,0.0,0.142,0,0
2024-01-06 14:00:00,99.41875,112.7175,99.654,34.51125,Amber,-0.3262749449600991,0,0.0,0.1212,0,0
2024-01-06 15:00:00,99.63575,106.87425,99.327,29.86475,Amber,1.1542158714781197,0,0.0,0.0,0,0
2024-01-06 16:00:00,99.06524999999999,102.06524999999999,99.57225,26.033,Amber,-1.5075123113914515,0,0.0,0.3327,0,0
2024-01-06 17:00:00,99.36725,83.13775,99.35875,30.14075,Amber,-0.09402624306466137,0,0.0,0.3634,0,0
2024-01-06 18:00:00,99.57075,75.57875,99.23925,32.4525,Amber,0.8399451581649892,0,0.0,0.1905,0,0
2024-01-06 19:00:00,99.3015,60.66425,99.13125,23.77175,Amber,-0.45002582090739635,0,0.0,0.287,0,0
2024-01-06 20:00:00,99.6985,59.317750000000004,99.51875,32.56575,Amber,1.0793753349804358,0,0.0,0.0,0,0
2024-01-06 21:00:00,99.20625,50.22275,99.4355,37.1745,Amber,-0.693828775289847,0,0.0,0.1917,0,0
2024-01-06 22:00:00,99.40025,41.44625,99.51075,41.344750000000005,Amber,-0.13196349960048728,0,0.0,0.1894,0,0
2024-01-06 23:00:00,99.47325000000001,38.516999999999996,99.22200000000001,46.80825,Red,0.17586714749018184,0,0.0,0.114,0,1
2024-01-07 00:00:00,99.7045,50.2065,99.38825,48.747749999999996,Amber,1.1738156495104082,0,0.0,0.0,0,0
2024-01-07 01:00:00,99.884,44.77825,99.307,47.6775,Amber,1.3111236085369595,0,0.0739,0.0,0,0
2024-01-07 02:00:00,99.7645,44.713750000000005,99.14525,58.651250000000005,Amber,0.7545810706770094,0,0.0283,0.0,0,0
2024-01-07 03:00:00,99.79575,51.98275,99.6825,55.0605,Amber,0.6549800050689035,0,0.0139,0.0,0,0
2024-01-07 04:00:00,99.93225,60.64,99.556,57.5155,Amber,1.067461220015955,0,0.1361,0.0,0,0
2024-01-07 05:00:00,99.78375,73.631,99.5505,60.482,Amber,-0.3254965457970455,0,0.1097,0.0,0,0
2024-01-07 06:00:00,99.8845,84.73925,99.527,60.8245,Amber,0.6410399426245355,0,0.1841,0.0,0,0
2024-01-07 07:00:00,99.73425,87.78425,99.54825,57.79175,Amber,-1.0713969943986514,0,0.1082,0.0,0,0
2024-01-07 08:00:00,99.74199999999999,102.4155,99.56475,56.14925,Amber,-0.8798516128473461,0,0.0401,0.0,0,0
2024-01-07 09:00:00,99.81649999999999,107.2615,99.30575,56.24025,Amber,0.012092221790427552,0,0.0465,0.0,0,0
2024-01-07 10:00:00,99.95325,117.96775,99.6065,50.60975,Green,1.5670657049963186,0,0.1897,0.0,0,0
2024-01-07 11:00:00,99.844,116.097,99.49775,47.913250000000005,Amber,0.17716282973353722,0,0.2236,0.0,0,0
2024-01-07 12:00:00,99.54249999999999,117.51925,99.5555,40.59225,Amber,-1.665475286828235,0,0.0,0.0,0,0
2024-01-07 13:00:00,99.59725,117.33275,99.65275,35.006,Green,-0.9770192665322887,0,0.0,0.0,0,0
2024-01-07 14:00:00,99.11925,110.166,99.4915,36.52475,Amber,-1.7477675002848658,0,0.0,0.2787,0,0
2024-01-07 15:00:00,99.2575,110.959,99.22925000000001,33.6695,Red,-0.912002958763777,0,0.0,0.4191,0,1
2024-01-07 16:00:00,99.30725000000001,94.35875,99.5385,32.622749999999996,Amber,-0.5176552912766926,0,0.0,0.5098,0,0
2024-01-07 17:00:00,98.99575,90.0655,99.4105,35.355000000000004,Amber,-1.313100786215843,0,0.0,0.912,0,0
2024-01-07 18:00:00,99.75075,81.18375,99.447,28.2375,Amber,1.441556378462868,0,0.0,0.5591,0,0
2024-01-07 19:00:00,99.4,73.64750000000001,99.456,29.72575,Amber,0.36392566296910855,0,0.0,0.5571,0,0
2024-01-07 20:00:00,99.462,55.979,99.56725,32.159,Amber,0.40036816340835263,0,0.0,0.493,0,0
2024-01-07 21:00:00,99.29825,50.33125,99.33225,35.475750000000005,Amber,-0.28717614329549035,0,0.0,0.5927,0,0
2024-01-07 22:00:00,99.56825,45.157,99.56649999999999,40.2085,Amber,0.6080911333093629,0,0.0,0.4224,0,0
2024-01-07 23:00:00,99.23525000000001,47.45075,99.39099999999999,42.90925,Amber,-1.1568837603582178,0,0.0,0.585,0,0
2024-01-08 00:00:00,99.367,36.048,99.5185,47.83025,Amber,-0.18143711316678254,0,0.0,0.616,0,0
2024-01-08 01:00:00,99.8055,51.128,99.56125,47.40325,Amber,1.680076693510493,0,0.0,0.2084,0,0
2024-01-08 02:00:00,99.7305,40.77275,99.7765,56.0295,Green,0.9713899277038058,0,0.0,0.0,0,0
2024-01-08 03:00:00,99.72025,50.157000000000004,99.77025,59.381,Amber,0.6576884586005882,0,0.0,0.0,0,0
2024-01-08 04:00:00,99.94925,59.8015,99.54375,53.75575,Amber,1.1475721056198216,0,0.1391,0.0,0,0
2024-01-08 05:00:00,99.8235,74.58324999999999,99.5365,60.87375,Amber,0.46073907450562246,0,0.1525,0.0,0,0
2024-01-08 06:00:00,99.819,74.17675,99.28675,57.996,Amber,0.1333448276892513,0,0.1614,0.0,0,0
2024-01-08 07:00:00,99.6545,89.69225,99.50725,60.852000000000004,Amber,-1.2373972807881617,0,0.0058,0.0,0,0
2024-01-08 08:00:00,99.61975,97.43575,99.27799999999999,55.972,Amber,-1.1762068063789213,0,0.0,0.0,0,0
2024-01-08 09:00:00,99.66925,102.5555,99.5495,52.8365,Green,-0.6753470646225315,0,0.0,0.0,0,0
2024-01-08 10:00:00,99.8435,118.6725,99.4825,53.16275,Green,1.045384139671528,0,0.0334,0.0,0,0
2024-01-08 11:00:00,99.72925000000001,124.704,99.74575,48.76975,Green,0.0731800351509191,0,0.0,0.0,0,0
2024-01-08 12:00:00,99.4165,117.303,99.59875,39.013000000000005,Red,-1.695019698124902,0,0.0,0.0,0,1
2024-01-08 13:00:00,99.63875,122.50225,99.47525,38.40775,Amber,-0.09977941611735985,0,0.0,0.0,0,0
2024-01-08 14:00:00,99.263,121.65775,99.62049999999999,32.78025,Amber,-1.5428220926252247,0,0.0,0.1349,0,0
2024-01-08 15:00:00,99.49475,119.5755,99.29825,33.6635,Amber,-0.3255389934366078,0,0.0,0.0381,0,0
2024-01-08 16:00:00,99.85325,96.92949999999999,99.60425000000001,37.68375,Amber,1.3290752596142914,0,0.0431,0.0,0,0
2024-01-08 17:00:00,98.94,96.09625,99.39,26.02525,Amber,-1.5712806572230158,0,0.0,0.4579,0,0
2024-01-08 18:00:00,99.30525,71.4125,99.69825,32.27275,Amber,-0.34650230357835154,0,0.0,0.5506,0,0
2024-01-08 19:00:00,98.88325,72.52175,99.32724999999999,31.69075,Red,-1.1295596929315517,0,0.0,1.0653,0,1
2024-01-08 20:00:00,99.479,51.07925,99.3325,31.341749999999998,Red,0.41653756048531065,0,0.0,0.9842,0,1
2024-01-08 21:00:00,99.57525,53.557249999999996,99.3355,38.5065,Amber,0.626979273678809,0,0.0,0.8069,0,0
2024-01-08 22:00:00,99.6115,42.8465,99.46675,38.43275,Green,0.9801354132794202,0,0.0,0.5933,0,0
2024-01-08 23:00:00,99.73325,48.01625,99.57325,42.0225,Amber,0.9925513237023493,0,0.0,0.258,0,0
2024-01-09 00:00:00,99.71600000000001,33.37175,99.24125000000001,42.96925,Amber,0.6839897237684909,0,0.0,0.0,0,0
2024-01-09 01:00:00,99.762,42.863,99.3875,52.512,Amber,1.056940183453504,0,0.0,0.0,0,0
2024-01-09 02:00:00,99.7685,44.804500000000004,99.57125,56.28875,Amber,0.9104473608862079,0,0.0,0.0,0,0
2024-01-09 03:00:00,99.8145,50.11525,99.42925,54.48475,Amber,1.1629329086877649,0,0.0044,0.0,0,0
2024-01-09 04:00:00,100.0,61.08725,99.40299999999999,57.9845,Amber,1.9309966319578722,0,0.1943,0.0,0,0
2024-01-09 05:00:00,99.77975,62.68175,99.52850000000001,56.647,Amber,-0.2708617546749721,0,0.1639,0.0,0,0
2024-01-09 06:00:00,99.7045,84.3305,99.56825,57.12125,Amber,-0.9839340696604855,0,0.0583,0.0,0,0
2024-01-09 07:00:00,99.98625,90.087,99.4105,59.357749999999996,Amber,1.178022894131242,0,0.2345,0.0,0,0
2024-01-09 08:00:00,99.84275,97.84049999999999,99.60775,56.57075,Amber,-0.10156337228787628,0,0.2671,0.0,0,0
2024-01-09 09:00:00,99.76474999999999,111.68075,99.7495,58.58025,Amber,-0.6687659679838889,0,0.2217,0.0,0,0
2024-01-09 10:00:00,99.67075,112.68625,99.59775,49.951,Amber,-1.0706302014930358,0,0.0824,0.0,0,0
2024-01-09 11:00:00,99.7085,117.9495,99.6865,45.39275,Green,-0.6031109518434401,0,0.0,0.0,0,0
2024-01-09 12:00:00,99.884,115.19275,99.701,44.591,Green,0.6325768708861013,0,0.0739,0.0,0,0
2024-01-09 13:00:00,99.6875,128.9345,99.4285,37.16975,Amber,-0.8269850659056305,0,0.0,0.0,0,0
2024-01-09 14:00:00,99.642,115.08875,99.45325,38.9525,Amber,-0.9618399832077489,0,0.0,0.0,0,0
2024-01-09 15:00:00,99.09825000000001,103.44775,99.283,36.445750000000004,Amber,-1.9338973049327097,0,0.0,0.2997,0,0
2024-01-09 16:00:00,99.23075,104.41175,99.60175,28.536,Amber,-1.0150232140746072,0,0.0,0.4669,0,0
2024-01-09 17:00:00,99.524,79.963,99.425,28.21825,Amber,0.04371559904087159,0,0.0,0.3408,0,0
2024-01-09 18:00:00,99.38775,81.62075,99.40375,35.09375,Red,-0.17430193438773883,0,0.0,0.351,0,1
2024-01-09 19:00:00,99.6805,78.76825,99.33775,33.9925,Green,1.0939978510998967,0,0.0,0.0684,0,0
2024-01-09 20:00:00,99.16325,60.83425,99.601,29.49225,Amber,-0.8181299794953959,0,0.0,0.3031,0,0
2024-01-09 21:00:00,99.60425000000001,51.885,99.45775,36.60025,Amber,0.8326978234905554,0,0.0,0.0968,0,0
2024-01-09 22:00:00,99.5415,37.86125,99.57300000000001,37.429249999999996,Amber,0.31421051902516123,0,0.0,0.0,0,0
2024-01-09 23:00:00,99.652,43.06725,99.80725,43.107749999999996,Green,0.7466588678404585,0,0.0,0.0,0,0
2024-01-10 00:00:00,99.682,42.32525,99.538,47.1445,Amber,0.6446904584834482,0,0.0,0.0,0,0
2024-01-10 01:00:00,99.78999999999999,44.45875,99.2615,51.382,Amber,1.0046390645941503,0,0.0,0.0,0,0
2024-01-10 02:00:00,99.63175,42.192,99.66275,52.38125,Green,-0.22166895845908707,0,0.0,0.0,0,0
2024-01-10 03:00:00,99.89575,57.080999999999996,99.34725,54.08125,Amber,1.5683903588363715,0,0.0856,0.0,0,0
2024-01-10 04:00:00,99.859,62.71575,99.373,58.61,Amber,0.9560907663168768,0,0.1345,0.0,0,0
2024-01-10 05:00:00,99.955,66.44324999999999,99.38275,57.78975,Amber,1.2154002100605232,0,0.2794,0.0,0,0
2024-01-10 06:00:00,100.0,85.4065,99.65,57.8585,Green,1.098820811632103,0,0.4693,0.0,0,0
2024-01-10 07:00:00,100.0,92.2515,99.47125,57.57525,Amber,0.791591746285331,0,0.6592,0.0,0,0
2024-01-10 08:00:00,99.84825000000001,99.90725,99.69200000000001,56.64525,Amber,-1.1452797862905282,0,0.6973,0.0,0,0
2024-01-10 09:00:00,99.8995,107.179,99.224,53.931,Amber,-0.4046416560229212,0,0.7867,0.0,0,0
2024-01-10 10:00:00,99.73425,114.1995,99.50675,48.744749999999996,Amber,-1.6706185809071346,0,0.7109,0.0,0,0
2024-01-10 11:00:00,99.8535,121.11925,99.618,48.62425,Green,-0.35184465168761725,0,0.7543,0.0,0,0
2024-01-10 12:00:00,99.80475,115.36275,99.36725,40.698,Green,-0.5798893246382749,0,0.7489,0.0,0,0
2024-01-10 13:00:00,99.66225,118.59325,99.37825000000001,43.0475,Amber,-1.5763944653710666,0,0.6011,0.0,0,0
2024-01-10 14:00:00,99.439,111.94275,99.54025,39.73775,Amber,-1.7596234361425358,0,0.2299,0.0,0,0
2024-01-10 15:00:00,99.38374999999999,106.83625,99.35225,32.5465,Amber,-1.353979353957321,0,0.0,0.0142,0,0
2024-01-10 16:00:00,99.63575,102.1385,99.66075,28.326500000000003,Amber,0.031298294065826814,0,0.0,0.0,0,0
2024-01-10 17:00:00,98.94125,91.45675,99.25875,28.50025,Red,-1.761088696809461,0,0.0,0.4567,0,1
2024-01-10 18:00:00,99.323,79.97475,99.60325,32.359750000000005,Green,-0.2846576491177212,0,0.0,0.5316,0,0
2024-01-10 19:00:00,99.43775,71.9935,99.67675,30.81875,Amber,0.3369756306031425,0,0.0,0.4918,0,0
2024-01-10 20:00:00,99.18575,57.380250000000004,99.78525,30.7715,Red,-0.5592458029536752,0,0.0,0.704,0,1
2024-01-10 21:00:00,99.54875,51.876999999999995,99.57625,35.671,Green,0.7995372777780829,0,0.0,0.5531,0,0
2024-01-10 22:00:00,99.617,52.134,99.2555,40.0045,Amber,1.098272920384242,0,0.0,0.3341,0,0
2024-01-10 23:00:00,99.8785,41.68675,99.26050000000001,38.732749999999996,Amber,1.5692129276677365,0,0.0684,0.0,0,0
2024-01-11 00:00:00,99.95925,43.42275,99.55475,46.876000000000005,Amber,1.2428714047420648,0,0.2175,0.0,0,0
2024-01-11 01:00:00,99.80250000000001,37.01575,99.62125,51.42725,Amber,0.4871982547751438,0,0.2099,0.0,0,0
2024-01-11 02:00:00,99.62125,46.38225,99.50975,53.90525,Amber,-0.7047140139538054,0,0.0211,0.0,0,0
2024-01-11 03:00:00,99.57975,53.66075,99.36825,60.2525,Amber,-1.0285828828508603,0,0.0,0.0,0,0
2024-01-11 04:00:00,99.419,59.41325,99.37075,57.8945,Amber,-1.4249067923382823,0,0.0,0.0,0,0
2024-01-11 05:00:00,99.8725,69.91175,99.44475,59.25175,Amber,0.8041210800736951,0,0.0624,0.0,0,0
2024-01-11 06:00:00,99.8545,86.1935,99.57300000000001,59.485749999999996,Amber,0.901398995205037,0,0.1068,0.0,0,0
2024-01-11 07:00:00,99.70625,86.844,99.4435,61.6065,Amber,0.17747283192319782,0,0.0029,0.0,0,0
2024-01-11 08:00:00,99.6665,100.01400000000001,99.568,56.657,Amber,-0.09688356254742068,0,0.0,0.0,0,0
2024-01-11 09:00:00,99.89925,109.13925,99.58625,53.230000000000004,Green,0.8953932805507141,0,0.0891,0.0,0,0
2024-01-11 10:00:00,99.8295,109.9255,99.6265,54.397,Amber,0.2596695693289948,0,0.1085,0.0,0,0
2024-01-11 11:00:00,99.98875,126.10925,99.609,47.70025,Green,1.367731958106893,0,0.2872,0.0,0,0
2024-01-11 12:00:00,99.78825,124.34750000000001,99.59425,46.0935,Green,-0.20684432106430845,0,0.2653,0.0,0,0
2024-01-11 13:00:00,99.73125,122.806,99.305,42.80025,Green,-0.741550793969603,0,0.1865,0.0,0,0
2024-01-11 14:00:00,99.3965,115.45575,99.5135,37.411,Amber,-1.836080056004193,0,0.0,0.0014,0,0
2024-01-11 15:00:00,99.59675,98.78399999999999,99.5805,33.0355,Amber,-0.6120601935355605,0,0.0,0.0,0,0
2024-01-11 16:00:00,99.64175,103.1765,99.5535,29.1665,Amber,-0.24532968162937746,0,0.0,0.0,0,0
2024-01-11 17:00:00,99.11275,93.01525000000001,99.47375,28.733249999999998,Red,-1.7208747365913093,0,0.0,0.2852,0,1
2024-01-11 18:00:00,99.62125,77.24575,99.582,31.093999999999998,Amber,0.4614443973382402,0,0.0,0.0619,0,0
2024-01-11 19:00:00,99.24249999999999,74.19075000000001,99.64475,28.204,Green,-0.8690178523096838,0,0.0,0.2173,0,0
2024-01-11 20:00:00,99.669,62.363,99.34425,33.7,Amber,0.7864412225778558,0,0.0,0.0,0,0
2024-01-11 21:00:00,99.48375,45.547,99.57675,34.2305,Green,0.09411438666175408,0,0.0,0.0,0,0
2024-01-11 22:00:00,99.76825,42.163,99.4765,35.44525,Amber,1.1106543135400757,0,0.0,0.0,0,0
2024-01-11 23:00:00,99.593,42.95625,99.48949999999999,39.53475,Amber,0.1645495371420662,0,0.0,0.0,0,0
2024-01-12 00:00:00,99.815,45.106,99.432,48.96375,Amber,1.0463620880235085,0,0.0049,0.0,0,0
2024-01-12 01:00:00,99.33375,37.50025,99.63725000000001,51.118,Red,-1.5321230535652097,0,0.0,0.0642,0,1
2024-01-12 02:00:00,99.55275,40.47925,99.21350000000001,58.41425,Amber,-0.21379553190498965,0,0.0,0.0,0,0
2024-01-12 03:00:00,99.89825,52.2675,99.46925,58.47975,Amber,1.1483090962361269,0,0.0881,0.0,0,0
2024-01-12 04:00:00,99.76575,62.41575,99.5925,59.35975,Amber,0.5118904924950698,0,0.0438,0.0,0,0
2024-01-12 05:00:00,99.74775,72.81049999999999,99.61699999999999,63.198249999999994,Amber,0.300907323235031,0,0.0,0.0,0,0
2024-01-12 06:00:00,99.872,73.1165,99.5835,59.88725,Amber,0.8229920065917687,0,0.0619,0.0,0,0
2024-01-12 07:00:00,100.0,95.86775,99.4715,58.29725,Amber,1.2535523469895042,0,0.2518,0.0,0,0
2024-01-12 08:00:00,99.8725,94.97775,99.03925000000001,56.585,Amber,0.14178777481796773,0,0.3142,0.0,0,0
2024-01-12 09:00:00,99.9375,106.96575,99.5435,57.6575,Green,0.7369191198024396,0,0.4416,0.0,0,0
2024-01-12 10:00:00,99.67325,111.5875,99.60275,54.9855,Amber,-1.4685352590999123,0,0.3047,0.0,0,0
2024-01-12 11:00:00,99.49000000000001,121.28425,99.3115,45.3895,Red,-1.6681749514563826,0,0.0,0.0,0,1
2024-01-12 12:00:00,99.56049999999999,113.41550000000001,99.6765,44.942750000000004,Amber,-0.9262862365940885,0,0.0,0.0,0,0
2024-01-12 13:00:00,99.619,117.648,99.65225000000001,39.4895,Amber,-0.41315902001178656,0,0.0,0.0,0,0
2024-01-12 14:00:00,99.761,118.0215,99.5785,30.63425,Amber,0.5492733693015622,0,0.0,0.0,0,0
2024-01-12 15:00:00,99.74625,108.36575,99.57575,35.719750000000005,Amber,0.9857563714072307,0,0.0,0.0,0,0
2024-01-12 16:00:00,99.64475,101.1815,99.72675,32.57575,Green,0.07458163607710533,0,0.0,0.0,0,0
2024-01-12 17:00:00,99.35275,95.729,99.4795,32.8995,Amber,-1.7522275478983929,0,0.0,0.0452,0,0
2024-01-12 18:00:00,99.52825,71.46799999999999,99.27325,32.708749999999995,Amber,-0.5290945791606751,0,0.0,0.0,0,0
2024-01-12 19:00:00,99.71424999999999,69.9865,99.521,34.706,Amber,0.5672914197220682,0,0.0,0.0,0,0
2024-01-12 20:00:00,99.60575,54.77775,99.395,32.71525,Amber,0.04941247179193301,0,0.0,0.0,0,0
2024-01-12 21:00:00,99.59425,50.71625,99.18875,33.207499999999996,Amber,0.16840295452106474,0,0.0,0.0,0,0
2024-01-12 22:00:00,99.23975,43.97725,99.41425000000001,35.70225,Amber,-1.5065174510834967,0,0.0,0.1582,0,0
2024-01-12 23:00:00,99.24675,45.1385,99.4305,41.3445,Amber,-1.213799881865971,0,0.0,0.3094,0,0
2024-01-13 00:00:00,99.60975,40.716249999999995,99.5415,46.78,Amber,0.5271598795881277,0,0.0,0.0975,0,0
2024-01-13 01:00:00,99.776,41.86875,99.55025,51.3775,Amber,1.2066036005385354,0,0.0,0.0,0,0
2024-01-13 02:00:00,99.21575,43.718,99.2725,53.503499999999995,Amber,-0.9555543795362789,0,0.0,0.1822,0,0
2024-01-13 03:00:00,100.0,46.539500000000004,99.547,58.80175,Amber,1.4638753067550858,0,0.1899,0.0,0,0
2024-01-13 04:00:00,100.0,58.538,99.443,59.182,Amber,1.0240299778146318,0,0.3798,0.0,0,0
2024-01-13 05:00:00,99.8605,64.95925,99.311,58.94925,Amber,0.392625053248814,0,0.4302,0.0,0,0
2024-01-13 06:00:00,99.51225,76.91650000000001,99.624,59.945750000000004,Amber,-0.6967926263632863,0,0.1323,0.0,0,0
2024-01-13 07:00:00,99.79599999999999,93.98675,99.61425,55.7495,Green,0.21080195226097764,0,0.1182,0.0,0,0
2024-01-13 08:00:00,99.68125,94.456,99.66675000000001,58.813,Amber,-0.6694882110017519,0,0.0,0.0,0,0
2024-01-13 09:00:00,99.63725,109.8895,99.3385,53.5165,Amber,-0.6370747322252577,0,0.0,0.0,0,0
2024-01-13 10:00:00,99.64,120.44225,99.23625,55.510999999999996,Amber,-0.38520448529666756,0,0.0,0.0,0,0
2024-01-13 11:00:00,99.90475,121.75125,99.45075,49.39475,Amber,1.526779860578178,0,0.0946,0.0,0,0
2024-01-13 12:00:00,99.716,115.961,99.5025,44.502250000000004,Amber,-0.12690358749350988,0,0.0005,0.0,0,0
2024-01-13 13:00:00,99.43525,117.35974999999999,99.44275,41.531,Amber,-1.5457189746721745,0,0.0,0.0,0,0
2024-01-13 14:00:00,99.225,120.29775000000001,99.5095,31.7665,Amber,-1.5642432231182435,0,0.0,0.1729,0,0
2024-01-13 15:00:00,99.5915,104.15474999999999,99.42675,36.118,Amber,0.025963395454085977,0,0.0,0.0,0,0
2024-01-13 16:00:00,99.4195,98.975,99.47025,35.173500000000004,Amber,-0.5354701215787024,0,0.0,0.0,0,0
2024-01-13 17:00:00,99.426,92.62950000000001,99.5375,29.56425,Green,-0.2553264296310177,0,0.0,0.0,0,0
2024-01-13 18:00:00,99.34975,75.54075,99.7325,33.33525,Amber,-0.48486026244373504,0,0.0,0.0482,0,0
2024-01-13 19:00:00,99.4455,76.31075,99.533,31.54925,Amber,0.29881856974746307,0,0.0,0.0006,0,0
2024-01-13 20:00:00,99.614,69.216,99.35725,36.445499999999996,Amber,1.3321203747774832,0,0.0,0.0,0,0
2024-01-13 21:00:00,99.75675,49.435,99.39775,39.2305,Amber,1.6702136371632432,0,0.0,0.0,0,0
2024-01-13 22:00:00,99.304,41.10575,99.4675,39.9135,Amber,-1.0435993741331888,0,0.0,0.0939,0,0
2024-01-13 23:00:00,99.32525,37.59675,99.37175,46.68275,Amber,-0.770786089388514,0,0.0,0.1666,0,0
2024-01-14 00:00:00,99.666,38.54725,99.49275,49.01225,Green,0.7850104546625583,0,0.0,0.0,0,0
2024-01-14 01:00:00,99.498,40.33225,99.54975,49.77875,Amber,-0.1586408660476179,0,0.0,0.0,0,0
2024-01-14 02:00:00,99.85,48.12525,99.343,52.997,Amber,1.246659382042308,0,0.0399,0.0,0,0
2024-01-14 03:00:00,99.86325,49.11525,99.5865,56.7655,Amber,1.1230739853230274,0,0.093,0.0,0,0
2024-01-14 04:00:00,99.679,54.501000000000005,99.43175,60.94075,Amber,0.1546900384619544,0,0.0,0.0,0,0
2024-01-14 05:00:00,99.9055,69.316,99.54925,62.24725,Amber,1.0347602884717575,0,0.0954,0.0,0,0
2024-01-14 06:00:00,99.82374999999999,75.866,99.48925,59.40025,Amber,0.34952311168385725,0,0.109,0.0,0,0
2024-01-14 07:00:00,99.95375,92.17375,99.39075,58.045,Amber,1.1519447340385434,0,0.2527,0.0,0,0
2024-01-14 08:00:00,99.96825,104.26175,99.61,55.0015,Green,0.966012216135114,0,0.4108,0.0,0,0
2024-01-14 09:00:00,99.429,113.156,99.49600000000001,55.697,Amber,-1.7537330015189665,0,0.0297,0.0,0,0
2024-01-14 10:00:00,99.5135,114.7825,99.443,48.90375,Amber,-1.0725813073562944,0,0.0,0.0,0,0
2024-01-14 11:00:00,99.80625,126.90025,99.767,48.199,Green,0.2522895746995399,0,0.0,0.0,0,0
2024-01-14 12:00:00,99.783,124.06125,99.36425,45.818,Amber,0.1813232309114343,0,0.0,0.0,0,0
2024-01-14 13:00:00,99.49375,120.462,99.562,39.20425,Amber,-0.7948175689341086,0,0.0,0.0,0,0
2024-01-14 14:00:00,99.48275000000001,116.1505,99.541,38.239,Amber,-0.617340139281668,0,0.0,0.0,0,0
2024-01-14 15:00:00,99.755,103.23525000000001,99.46025,32.8725,Amber,0.7380450307567381,0,0.0,0.0,0,0
2024-01-14 16:00:00,99.4745,103.89699999999999,99.423,34.044000000000004,Amber,-0.9636465090473738,0,0.0,0.0,0,0
2024-01-14 17:00:00,99.134,89.77775,99.60625,31.0135,Amber,-1.6404965018355455,0,0.0,0.2639,0,0
2024-01-14 18:00:00,99.52725000000001,80.209,99.34675,31.2305,Amber,0.24826083448620553,0,0.0,0.1346,0,0
2024-01-14 19:00:00,99.0455,64.517,99.335,34.10675,Amber,-1.349961447373251,0,0.0,0.487,0,0
2024-01-14 20:00:00,99.6465,57.48725,99.19525,36.1595,Amber,0.7644056424521256,0,0.0,0.2385,0,0
2024-01-14 21:00:00,99.58449999999999,54.946749999999994,99.37049999999999,35.02175,Amber,0.7293124086200371,0,0.0,0.0519,0,0
2024-01-14 22:00:00,99.43475,43.28,99.304,39.631,Amber,0.15834930397407615,0,0.0,0.0151,0,0
2024-01-14 23:00:00,99.80625,45.83575,99.40075,42.951750000000004,Green,1.1567036470011385,0,0.0,0.0,0,0
2024-01-15 00:00:00,99.35975,43.40075,99.6335,46.93725,Green,-0.45252551227170307,0,0.0,0.0382,0,0
2024-01-15 01:00:00,99.235,45.12525,99.66375,50.0,Amber,-1.3291175307240262,0,0.0,0.2011,0,0
2024-01-15 02:00:00,99.549,46.682249999999996,99.56725,54.1485,Green,0.2724529130085058,0,0.0,0.05,0,0
2024-01-15 03:00:00,99.70949999999999,50.6345,99.22475,56.39175,Amber,0.8981998343754044,0,0.0,0.0,0,0
2024-01-15 04:00:00,99.8625,61.22325,99.557,58.783,Amber,1.0959362575188734,0,0.0524,0.0,0,0
2024-01-15 05:00:00,99.858,75.348,99.70525,61.439,Amber,1.0048453140556497,0,0.1003,0.0,0,0
2024-01-15 06:00:00,99.8115,80.58375,99.26525000000001,60.94025,Amber,0.5760028147326219,0,0.1017,0.0,0,0
2024-01-15 07:00:00,99.58625,95.681,99.517,59.795,Amber,-1.0420950783576737,0,0.0,0.0,0,0
2024-01-15 08:00:00,99.815,95.6625,99.669,58.5475,Amber,0.38465265057357706,0,0.0049,0.0,0,0
2024-01-15 09:00:00,79.848,105.741,99.5215,52.0485,Amber,-2.0410799601385152,0,0.0,0.0,1,1
2024-01-15 10:00:00,59.99725,114.83725000000001,99.52725000000001,49.067750000000004,Red,-1.7920239979515096,0,0.0,0.0,1,1
2024-01-15 11:00:00,59.7785,119.26400000000001,99.507,47.89475,Red,-1.1925487857331005,0,0.0,0.0,1,1
2024-01-15 12:00:00,99.74025,124.287,99.50375,42.88575,Green,0.8485848692498774,0,0.0,0.0,0,0
2024-01-15 13:00:00,99.3265,110.84675,99.48825,41.497,Red,0.8315065880197459,0,0.0,0.0714,0,1
2024-01-15 14:00:00,99.67275000000001,116.76050000000001,99.4195,38.80675,Amber,0.8515053931927009,0,0.0,0.0,0,0
2024-01-15 15:00:00,99.45825,106.37575000000001,99.3315,36.635999999999996,Green,0.6410245485761835,0,0.0,0.0,0,0
2024-01-15 16:00:00,99.56975,103.7565,99.40674999999999,30.253249999999998,Amber,0.4092319585009174,0,0.0,0.0,0,0
2024-01-15 17:00:00,99.646,96.04075,99.40225,30.148249999999997,Amber,0.5037115690944928,0,0.0,0.0,0,0
2024-01-15 18:00:00,99.656,79.95425,99.68075,34.06425,Green,0.7369915954528872,0,0.0,0.0,0,0
2024-01-15 19:00:00,99.4705,70.272,99.54825,33.748999999999995,Amber,-1.134268381956975,0,0.0,0.0,0,0
2024-01-15 20:00:00,99.077,56.0225,99.4865,33.54325,Red,-1.8788592266796154,0,0.0,0.3209,0,1
2024-01-15 21:00:00,99.58825,51.87275,99.37975,31.84325,Amber,0.39868426653321887,0,0.0,0.1306,0,0
2024-01-15 22:00:00,99.62575,45.411500000000004,99.3665,36.17875,Amber,0.5167175078045174,0,0.0,0.0,0,0
2024-01-15 23:00:00,99.851,35.446749999999994,99.68775,37.2945,Green,1.1762813263692973,0,0.0409,0.0,0,0
2024-01-16 00:00:00,99.735,35.59175,99.28425,43.0185,Amber,0.6583975708177376,0,0.0,0.0,0,0
2024-01-16 01:00:00,99.7495,45.83625,99.46575,50.54025,Amber,0.5278100624558179,0,0.0,0.0,0,0
2024-01-16 02:00:00,99.96925,45.28825,99.07775000000001,53.296,Amber,1.5279338791112564,0,0.1591,0.0,0,0
2024-01-16 03:00:00,99.76725,49.157000000000004,99.4065,59.8935,Amber,-0.13498106977675925,0,0.1163,0.0,0,0
2024-01-16 04:00:00,100.0,63.229,99.35825,59.66975,Amber,1.3384787013158406,0,0.3062,0.0,0,0
2024-01-16 05:00:00,99.6925,63.94725,99.4695,58.762,Amber,-0.9644643773272666,0,0.1886,0.0,0,0
2024-01-16 06:00:00,99.9275,84.07900000000001,99.49574999999999,60.55675,Amber,0.5885489984707083,0,0.306,0.0,0,0
2024-01-16 07:00:00,99.764,94.44624999999999,99.23575,61.066500000000005,Amber,-0.6994793840998454,0,0.2598,0.0,0,0
2024-01-16 08:00:00,99.849,101.00425,99.604,62.47175,Amber,0.13610262608476947,0,0.2987,0.0,0,0
2024-01-16 09:00:00,99.73474999999999,111.758,99.2465,52.30925,Amber,-0.7817628067608419,0,0.2234,0.0,0,0
2024-01-16 10:00:00,99.81075,112.0625,99.53475,56.9785,Amber,0.16937791205286087,0,0.224,0.0,0,0
2024-01-16 11:00:00,99.43975,118.96575,99.2965,47.8595,Amber,-1.8692875867039596,0,0.0,0.0,0,0
2024-01-16 12:00:00,99.5805,121.1865,99.5885,45.68475,Amber,-0.7432457125813685,0,0.0,0.0,0,0
2024-01-16 13:00:00,99.759,116.37925,99.361,40.3855,Amber,0.40730475912872566,0,0.0,0.0,0,0
2024-01-16 14:00:00,99.9495,110.471,99.49625,37.78075,Amber,1.3243451667018742,0,0.1394,0.0,0,0
2024-01-16 15:00:00,99.3945,105.87100000000001,99.7805,32.49275,Amber,-1.1882394436668726,0,0.0,0.0034,0,0
2024-01-16 16:00:00,99.556,100.85725000000001,99.22225,28.079,Amber,-0.2748552083156413,0,0.0,0.0,0,0
2024-01-16 17:00:00,99.3975,96.353,99.44075,30.9995,Amber,-0.9671364988672646,0,0.0,0.0004,0,0
2024-01-16 18:00:00,99.05375000000001,84.76525,99.437,31.427750000000003,Amber,-1.4826522874904828,0,0.0,0.3446,0,0
2024-01-16 19:00:00,99.6605,70.4515,99.4635,33.74975,Green,0.5274773522645952,0,0.0,0.082,0,0
2024-01-16 20:00:00,99.5215,57.999249999999996,99.43625,35.51575,Amber,0.43199743844239963,0,0.0,0.0,0,0
2024-01-16 21:00:00,99.8255,50.69575,99.573,33.30675,Amber,1.229945089391226,0,0.0154,0.0,0,0
2024-01-16 22:00:00,99.17224999999999,42.7455,99.50775,36.217,Amber,-0.9115749177038779,0,0.0,0.2257,0,0
2024-01-16 23:00:00,99.41575,39.8215,99.39775,41.5935,Amber,-0.08843080807062781,0,0.0,0.2079,0,0
2024-01-17 00:00:00,99.22149999999999,42.79625,99.46975,46.81875,Amber,-0.9823471020593315,0,0.0,0.3843,0,0
2024-01-17 01:00:00,99.842,49.534,99.653,53.21075,Amber,1.187314208119941,0,0.0319,0.0,0,0
2024-01-17 02:00:00,99.733,42.252250000000004,99.64775,51.0605,Amber,0.6514189525605837,0,0.0,0.0,0,0
2024-01-17 03:00:00,99.934,54.37025,99.41775,56.24625,Green,1.1647331551750142,0,0.1239,0.0,0,0
2024-01-17 04:00:00,99.73525000000001,58.631249999999994,99.4905,58.086,Amber,0.32467378729385155,0,0.049,0.0,0,0
2024-01-17 05:00:00,99.86425,66.4345,99.70824999999999,59.60325,Green,0.5546896006303446,0,0.1032,0.0,0,0
2024-01-17 06:00:00,99.6,87.01625,99.73349999999999,60.24325,Amber,-1.548923733642158,0,0.0,0.0,0,0
2024-01-17 07:00:00,99.96075,89.4165,99.55475,64.119,Amber,1.1245144996295064,0,0.1506,0.0,0,0
2024-01-17 08:00:00,99.54050000000001,96.8075,99.3945,56.3345,Amber,-1.3178336385874423,0,0.0,0.0,0,0
2024-01-17 09:00:00,99.76725,107.95275,99.41499999999999,53.575,Amber,0.14328686926747927,0,0.0,0.0,0,0
2024-01-17 10:00:00,99.47025,116.00750000000001,99.42150000000001,51.7535,Amber,-1.1883247149459242,0,0.0,0.0,0,0
2024-01-17 11:00:00,99.71475,121.98075,99.6095,52.095,Green,0.22076400098981072,0,0.0,0.0,0,0
2024-01-17 12:00:00,99.78025,119.31925,99.52625,37.90425,Amber,0.4208569087389832,0,0.0,0.0,0,0
2024-01-17 13:00:00,99.003,117.52850000000001,99.477,44.04675,Amber,-1.8453627274006468,0,0.0,0.3949,0,0
2024-01-17 14:00:00,99.2715,115.5355,99.444,36.415,Red,-0.729061320039287,0,0.0,0.5214,0,1
2024-01-17 15:00:00,99.589,103.9495,99.28425,37.03675,Amber,0.4018443574806293,0,0.0,0.3303,0,0
2024-01-17 16:00:00,99.36625000000001,101.6075,99.3765,26.8515,Amber,-0.2972205809779049,0,0.0,0.362,0,0
2024-01-17 17:00:00,99.3905,91.27875,99.2955,31.487750000000002,Amber,-0.035932141513415644,0,0.0,0.3694,0,0
2024-01-17 18:00:00,99.17925,77.40325,99.6765,32.42875,Amber,-0.6037831634013772,0,0.0,0.5881,0,0
2024-01-17 19:00:00,99.6405,69.38475,99.42275,30.81725,Green,1.3107612182977344,0,0.0,0.3455,0,0
2024-01-17 20:00:00,99.4785,62.668000000000006,99.38275,34.485,Amber,0.22629087225959854,0,0.0,0.2649,0,0
2024-01-17 21:00:00,99.376,46.039,99.47475,36.93925,Amber,-0.1928413340036447,0,0.0,0.2869,0,0
2024-01-17 22:00:00,99.84049999999999,42.573,99.6265,37.8815,Amber,1.5479436945214795,0,0.0304,0.0,0,0
2024-01-17 23:00:00,99.70400000000001,37.676,99.47225,40.2275,Amber,0.6980417121424419,0,0.0,0.0,0,0
2024-01-18 00:00:00,99.62675,47.486000000000004,99.53425,45.686749999999996,Amber,0.09552049011941097,0,0.0,0.0,0,0
2024-01-18 01:00:00,99.64975,42.707,99.26075,54.76625,Amber,0.22549276486800932,0,0.0,0.0,0,0
2024-01-18 02:00:00,99.92625,51.41525,99.4525,58.878249999999994,Amber,1.2500709062806,0,0.1161,0.0,0,0
2024-01-18 03:00:00,99.80625,47.484,99.68475000000001,54.929249999999996,Green,0.40206089508386766,0,0.1123,0.0,0,0
2024-01-18 04:00:00,100.0,61.896,99.21075,57.33825,Amber,1.4050959294337149,0,0.3022,0.0,0,0
2024-01-18 05:00:00,99.9175,64.4575,99.56174999999999,63.19975,Amber,0.6231255731265442,0,0.4096,0.0,0,0
2024-01-18 06:00:00,99.8735,78.566,99.49875,62.083999999999996,Amber,0.09247860099565831,0,0.473,0.0,0,0
2024-01-18 07:00:00,99.6265,97.61475,99.491,59.460499999999996,Amber,-1.779418482582472,0,0.2893,0.0,0,0
2024-01-18 08:00:00,99.76225,106.27175,99.67275000000001,58.50675,Amber,-0.5272608639920804,0,0.2415,0.0,0,0
2024-01-18 09:00:00,99.8615,102.44475,99.4015,52.3255,Amber,0.16347491496661973,0,0.2929,0.0,0,0
2024-01-18 10:00:00,99.66499999999999,117.94575,99.432,49.96825,Amber,-0.9998156520780921,0,0.1478,0.0,0,0
2024-01-18 11:00:00,99.876,114.337,99.54775000000001,52.13875,Amber,0.8873375016073006,0,0.2137,0.0,0,0
2024-01-18 12:00:00,99.64575,122.91975,99.2485,47.01975,Amber,-0.8477854816587302,0,0.0493,0.0,0,0
2024-01-18 13:00:00,99.5135,117.57025,99.52625,38.25575,Amber,-1.484915227514829,0,0.0,0.0,0,0
2024-01-18 14:00:00,99.543,121.406,99.4015,35.93775,Amber,-0.9142188336141885,0,0.0,0.0,0,0
2024-01-18 15:00:00,99.5625,109.14025000000001,99.3665,31.4055,Amber,-0.5424582560414898,0,0.0,0.0,0,0
2024-01-18 16:00:00,99.3045,100.3955,99.28925,32.41525,Red,-1.44688826678919,0,0.0,0.0934,0,1
2024-01-18 17:00:00,99.72775,92.44800000000001,99.392,36.92875,Amber,1.2445308190853732,0,0.0,0.0,0,0
2024-01-18 18:00:00,99.656,81.70625,99.7055,31.07375,Green,0.7244084358075907,0,0.0,0.0,0,0
2024-01-18 19:00:00,99.405,65.16775,99.38974999999999,27.66175,Amber,-0.8181500092946778,0,0.0,0.0,0,0
2024-01-18 20:00:00,99.21275,62.916,99.5295,36.23325,Amber,-1.3040796633549474,0,0.0,0.1852,0,0
2024-01-18 21:00:00,99.60974999999999,48.79175,99.12975,37.63825,Amber,0.594457465361465,0,0.0,0.0,0,0
2024-01-18 22:00:00,99.77775,43.329499999999996,99.3945,36.4105,Amber,0.989051472156387,0,0.0,0.0,0,0
2024-01-18 23:00:00,99.637,42.008250000000004,99.52875,40.869,Green,0.42695014631931166,0,0.0,0.0,0,0
2024-01-19 00:00:00,99.77375,35.9935,99.3295,51.274499999999996,Amber,0.9223446201450418,0,0.0,0.0,0,0
2024-01-19 01:00:00,99.6095,40.3285,99.59075,56.1675,Amber,0.029457878448622344,0,0.0,0.0,0,0
2024-01-19 02:00:00,99.664,43.97875,99.66475,53.69775,Amber,-0.18773744009098944,0,0.0,0.0,0,0
2024-01-19 03:00:00,99.9185,53.6075,99.561,60.2815,Amber,1.6246245970476185,0,0.1084,0.0,0,0
2024-01-19 04:00:00,99.874,59.28075,99.65899999999999,56.3895,Green,0.9857120987903368,0,0.1723,0.0,0,0
2024-01-19 05:00:00,99.6615,68.67,99.88225,63.18575,Amber,-0.7043869186650294,0,0.0237,0.0,0,0
2024-01-19 06:00:00,99.68925,81.6005,99.5395,61.376999999999995,Amber,-0.3676674565235478,0,0.0,0.0,0,0
2024-01-19 07:00:00,99.98025,86.3025,99.5085,54.6875,Amber,1.277051393515012,0,0.1701,0.0,0,0
2024-01-19 08:00:00,99.77525,95.02425,99.3765,59.44625,Amber,-0.32091646518878897,0,0.1353,0.0,0,0
2024-01-19 09:00:00,99.761,110.187,99.72925,57.65275,Amber,-0.2451589079995544,0,0.0862,0.0,0,0
2024-01-19 10:00:00,99.93725,118.1895,99.6675,55.474000000000004,Green,1.0474888012650558,0,0.2133,0.0,0,0
2024-01-19 11:00:00,99.4375,117.789,99.356,47.53275,Amber,-1.6758779552771388,0,0.0,0.0,0,0
2024-01-19 12:00:00,99.44925,122.85825,99.78125,45.589,Amber,-1.1739638148508575,0,0.0,0.0,0,0
2024-01-19 13:00:00,99.31524999999999,116.261,99.453,42.70325,Red,-1.214596376687081,0,0.0,0.0827,0,1
2024-01-19 14:00:00,99.22125,116.2885,99.53825,39.548,Amber,-1.0915547490016362,0,0.0,0.2594,0,0
2024-01-19 15:00:00,99.41975,109.97275,99.60675,31.27625,Amber,-0.17580003297426408,0,0.0,0.2375,0,0
2024-01-19 16:00:00,99.424,99.0185,99.73475,36.052499999999995,Amber,0.5099260331760594,0,0.0,0.2115,0,0
2024-01-19 17:00:00,99.40275,93.4255,99.61225,28.8835,Amber,0.3529772263400868,0,0.0,0.2066,0,0
2024-01-19 18:00:00,99.26675,78.331,99.635,29.02825,Amber,-0.8655349018212501,0,0.0,0.3378,0,0
2024-01-19 19:00:00,99.0935,60.432500000000005,99.47125,27.209,Red,-1.5731365329940392,0,0.0,0.6423,0,1
2024-01-19 20:00:00,99.32900000000001,53.385,99.48825,33.192,Amber,0.049843915306448626,0,0.0,0.7112,0,0
2024-01-19 21:00:00,99.60549999999999,56.63375,99.497,31.37125,Amber,1.4710824062833376,0,0.0,0.5036,0,0
2024-01-19 22:00:00,99.068,45.55625,99.38,37.215,Amber,-1.1253509818221548,0,0.0,0.8335,0,0
2024-01-19 23:00:00,99.535,39.18,99.321,40.697500000000005,Amber,0.987267109219291,0,0.0,0.6965,0,0
2024-01-20 00:00:00,99.72975,29.19525,99.518,43.79075,Amber,1.2228531917733305,0,0.0,0.3646,0,0
2024-01-20 01:00:00,99.87075,38.968,99.53999999999999,52.99425,Amber,1.2066408471996062,0,0.0606,0.0,0,0
2024-01-20 02:00:00,99.894,53.308,99.7095,51.749,Amber,0.9106283395219378,0,0.1445,0.0,0,0
2024-01-20 03:00:00,99.7715,48.062,99.649,54.339,Amber,0.4083142908584553,0,0.1059,0.0,0,0
2024-01-20 04:00:00,99.65675,63.867000000000004,99.61525,58.204249999999995,Amber,-0.6396800008499985,0,0.0,0.0,0,0
2024-01-20 05:00:00,99.7615,68.43625,99.56675,57.72525,Amber,-0.2164982501967918,0,0.0,0.0,0,0
2024-01-20 06:00:00,99.9185,75.95725,99.7465,62.46525,Amber,1.0653517611705219,0,0.1084,0.0,0,0
2024-01-20 07:00:00,99.75675,91.11425,99.5245,58.18075,Amber,-0.3744806513917698,0,0.055,0.0,0,0
2024-01-20 08:00:00,99.956,102.23,99.493,52.6845,Green,1.3586816508242274,0,0.2009,0.0,0,0
2024-01-20 09:00:00,99.70925,107.86275,99.57124999999999,56.679,Amber,-0.7078444422627307,0,0.1001,0.0,0,0
2024-01-20 10:00:00,99.75025,112.069,99.2945,52.6945,Green,-0.5733045116403217,0,0.0402,0.0,0,0
2024-01-20 11:00:00,99.39574999999999,122.7575,99.35225,52.7555,Amber,-1.768879308254841,0,0.0,0.0022,0,0
2024-01-20 12:00:00,99.8865,115.23575,99.497,41.3485,Amber,0.7432063034664611,0,0.0764,0.0,0,0
2024-01-20 13:00:00,99.18674999999999,120.44924999999999,99.768,36.992000000000004,Amber,-1.5488072444765577,0,0.0,0.2112,0,0
2024-01-20 14:00:00,99.5265,114.238,99.51075,36.0415,Amber,-0.19174390293767138,0,0.0,0.0826,0,0
2024-01-20 15:00:00,99.4525,110.048,99.7975,38.64525,Amber,-0.3196656923198925,0,0.0,0.028,0,0
2024-01-20 16:00:00,99.4355,98.7915,99.3035,28.274250000000002,Amber,-0.19648580447841546,0,0.0,0.0,0,0
2024-01-20 17:00:00,99.27924999999999,84.27199999999999,99.4635,32.58175,Amber,-0.7498177778427204,0,0.0,0.1187,0,0
2024-01-20 18:00:00,99.553,73.54525000000001,99.4615,30.7845,Amber,1.0256237162867547,0,0.0,0.0,0,0
2024-01-20 19:00:00,99.656,70.2525,99.5405,33.86025,Amber,1.3495182990801902,0,0.0,0.0,0,0
2024-01-20 20:00:00,99.16225,60.21775,99.691,29.717,Red,-1.4541540796752739,0,0.0,0.2357,0,1
2024-01-20 21:00:00,99.61625000000001,48.6945,99.598,27.769750000000002,Green,0.8446117419171448,0,0.0,0.0174,0,0
2024-01-20 22:00:00,99.426,47.683,99.65075,38.58875,Amber,-0.1159443841448339,0,0.0,0.0,0,0
2024-01-20 23:00:00,99.395,40.4915,99.6835,40.263999999999996,Amber,-0.4021605172490623,0,0.0,0.0029,0,0
2024-01-21 00:00:00,99.44775,42.52675,99.384,49.83825,Amber,-0.015780469308989766,0,0.0,0.0,0,0
2024-01-21 01:00:00,99.39425,43.423,99.4575,52.1145,Green,-0.08698836747036477,0,0.0,0.0037,0,0
2024-01-21 02:00:00,99.81700000000001,45.239,99.315,54.954,Amber,1.7803934935498646,0,0.0069,0.0,0,0
2024-01-21 03:00:00,99.6875,47.457750000000004,99.44675,57.911,Amber,0.8882662669172421,0,0.0,0.0,0,0
2024-01-21 04:00:00,100.0,57.1015,99.53425,59.409,Amber,1.4903731662003779,0,0.1899,0.0,0,0
2024-01-21 05:00:00,99.9065,72.40625,99.23474999999999,61.238,Amber,0.8027904591012412,0,0.2863,0.0,0,0
2024-01-21 06:00:00,99.94875,87.298,99.6045,58.652,Amber,0.6985470169722656,0,0.4249,0.0,0,0
2024-01-21 07:00:00,99.76225,97.394,99.5365,58.43125,Amber,-0.7695481625987551,0,0.3771,0.0,0,0
2024-01-21 08:00:00,99.6925,96.865,99.59,57.37925,Amber,-1.0317764945453702,0,0.2595,0.0,0,0
2024-01-21 09:00:00,99.7055,107.85475,99.48975,56.4155,Amber,-0.9850676453354278,0,0.1548,0.0,0,0
2024-01-21 10:00:00,99.9495,110.70275,99.446,53.3975,Amber,1.008346167578394,0,0.2942,0.0,0,0
2024-01-21 11:00:00,99.77175,116.52850000000001,99.52775,43.59925,Green,-0.28752338382044046,0,0.2559,0.0,0,0
2024-01-21 12:00:00,99.43299999999999,121.5455,99.388,42.019999999999996,Amber,-1.706849681542143,0,0.0,0.0,0,0
2024-01-21 13:00:00,99.65,117.3765,99.84649999999999,41.916,Green,-0.2996887909641976,0,0.0,0.0,0,0
2024-01-21 14:00:00,99.70925,110.75825,99.41025,35.54375,Amber,0.03619455052187241,0,0.0,0.0,0,0
2024-01-21 15:00:00,99.2045,105.993,99.6445,34.0575,Amber,-1.5735213234066503,0,0.0,0.1934,0,0
2024-01-21 16:00:00,99.76575,107.609,99.6565,35.76675,Green,0.782484633528199,0,0.0,0.0,0,0
2024-01-21 17:00:00,99.57300000000001,92.6975,99.37100000000001,32.96775,Amber,0.08232824571411788,0,0.0,0.0,0,0
2024-01-21 18:00:00,99.81700000000001,81.44925,99.65075,30.769,Amber,0.8925808679488118,0,0.0069,0.0,0,0
2024-01-21 19:00:00,99.19275,62.522000000000006,99.518,26.21525,Amber,-1.2558486299655922,0,0.0,0.2052,0,0
2024-01-21 20:00:00,99.21674999999999,56.69675,99.73775,34.435,Amber,-0.8354457044383224,0,0.0,0.3864,0,0
2024-01-21 21:00:00,99.19825,52.6765,99.548,33.567,Amber,-0.8916455077171483,0,0.0,0.586,0,0
2024-01-21 22:00:00,99.47075,42.447,99.375,38.401250000000005,Amber,0.23262510487711366,0,0.0,0.5132,0,0
2024-01-21 23:00:00,99.49825,41.12375,99.423,40.8765,Amber,0.40150888754992126,0,0.0,0.4129,0,0
2024-01-22 00:00:00,99.35625,39.63475,99.2985,46.37075,Amber,0.2441249971868706,0,0.0,0.4546,0,0
2024-01-22 01:00:00,99.73025,39.55675,99.39425,51.99375,Amber,1.5961232422550637,0,0.0,0.1223,0,0
2024-01-22 02:00:00,99.57475,48.62625,99.31175,53.03725,Amber,0.5666438739868254,0,0.0,0.0,0,0
2024-01-22 03:00:00,99.78575000000001,58.01775,99.4145,61.08975,Amber,1.3272564731612777,0,0.0,0.0,0,0
2024-01-22 04:00:00,100.0,59.26025,99.43475000000001,55.87075,Amber,1.4960174039508443,0,0.1899,0.0,0,0
2024-01-22 05:00:00,99.71,66.44274999999999,99.61525,60.06525,Amber,0.07970943593287233,0,0.0898,0.0,0,0
2024-01-22 06:00:00,99.79575,81.701,99.4,55.09075,Amber,0.21297040866987307,0,0.0754,0.0,0,0
2024-01-22 07:00:00,99.88,86.3375,99.72375,58.25575,Green,0.6139375048271091,0,0.1453,0.0,0,0
2024-01-22 08:00:00,99.822,95.5625,99.56425,53.151250000000005,Green,-0.10357788838853695,0,0.1572,0.0,0,0
2024-01-22 09:00:00,99.499,114.02250000000001,99.32225,54.07675,Amber,-1.6811816910383,0,0.0,0.0,0,0
2024-01-22 10:00:00,99.86275,119.66625,99.649,49.591499999999996,Green,0.7129166652769273,0,0.0526,0.0,0,0
2024-01-22 11:00:00,99.82300000000001,109.822,99.75775,46.830999999999996,Green,0.30160982372663186,0,0.0655,0.0,0,0
2024-01-22 12:00:00,99.30924999999999,117.838,99.4705,43.877250000000004,Amber,-1.642592337686241,0,0.0,0.0887,0,0
2024-01-22 13:00:00,100.0,122.39,99.46275,33.923500000000004,Amber,1.080535480846416,0,0.1899,0.0,0,0
2024-01-22 14:00:00,99.44475,122.044,99.29825,35.64025,Amber,-0.7694868935709052,0,0.0,0.0,0,0
2024-01-22 15:00:00,99.60325,106.8515,99.51425,30.773,Amber,-0.2650038720193241,0,0.0,0.0,0,0
2024-01-22 16:00:00,99.03524999999999,96.42,99.5235,30.894750000000002,Red,-1.430265760343295,0,0.0,0.3627,0,1
2024-01-22 17:00:00,99.10125,92.1455,99.336,33.173,Amber,-0.8839844525244045,0,0.0,0.6594,0,0
2024-01-22 18:00:00,99.57375,80.6825,99.54775000000001,27.5505,Amber,0.32015845281832667,0,0.0,0.4835,0,0
2024-01-22 19:00:00,99.47575,61.19475,99.475,32.961,Green,0.42436535242213536,0,0.0,0.4057,0,0
2024-01-22 20:00:00,99.31450000000001,63.33875,99.55075,32.807,Green,-0.14943137624312683,0,0.0,0.4891,0,0
2024-01-22 21:00:00,99.4525,50.9845,99.54724999999999,33.254,Amber,0.5858244288076616,0,0.0,0.4346,0,0
2024-01-22 22:00:00,99.50325000000001,42.98825,99.51525,40.70225,Amber,0.5840783288973246,0,0.0,0.3293,0,0
2024-01-22 23:00:00,99.59725,43.75925,99.37325,37.283,Amber,1.0997423438991212,0,0.0,0.1299,0,0
2024-01-23 00:00:00,99.61025,40.786249999999995,99.28725,45.26925,Amber,1.090748316308313,0,0.0,0.0,0,0
2024-01-23 01:00:00,99.30825,38.591,99.5045,49.725,Amber,-1.1803844325109814,0,0.0,0.0897,0,0
2024-01-23 02:00:00,99.90975,43.56675,99.67325,53.611,Amber,1.7126551518311064,0,0.0996,0.0,0,0
2024-01-23 03:00:00,99.81775,47.2315,99.1155,51.74425,Red,0.8929696451040274,0,0.1073,0.0,0,1
2024-01-23 04:00:00,99.9985,56.596,99.73025,58.69025,Amber,1.154672391515348,0,0.2957,0.0,0,0
2024-01-23 05:00:00,99.88325,71.82775,99.46975,59.3765,Amber,0.5051598665199281,0,0.3688,0.0,0,0
2024-01-23 06:00:00,99.65950000000001,76.8235,99.65475,61.24225,Amber,-0.4136888558735812,0,0.2182,0.0,0,0
2024-01-23 07:00:00,100.0,88.58375,99.5025,56.83325,Amber,0.9527760752914665,0,0.4081,0.0,0,0
2024-01-23 08:00:00,99.62425,95.79475,99.667,60.527,Amber,-1.2711818865846658,0,0.2222,0.0,0,0
2024-01-23 09:00:00,99.68299999999999,105.6805,99.311,52.05275,Amber,-0.7215484547226028,0,0.0951,0.0,0,0
2024-01-23 10:00:00,99.62025,114.733,99.33324999999999,48.01875,Amber,-0.7878806841265096,0,0.0,0.0,0,0
2024-01-23 11:00:00,99.797,121.60025,99.29375,43.90375,Amber,0.45177280849647006,0,0.0,0.0,0,0
2024-01-23 12:00:00,99.7145,120.996,99.31625,45.9725,Amber,-0.17694756736948497,0,0.0,0.0,0,0
2024-01-23 13:00:00,99.30375000000001,123.4065,99.39625000000001,37.13675,Amber,-1.8847239934852562,0,0.0,0.0942,0,0
2024-01-23 14:00:00,99.666,117.44075,99.11875,32.2205,Amber,0.20652208049492932,0,0.0,0.0,0,0
2024-01-23 15:00:00,99.4805,108.41225,99.51124999999999,34.068,Amber,-0.6539669405436632,0,0.0,0.0,0,0
2024-01-23 16:00:00,99.3945,95.82775000000001,99.57325,35.11275,Amber,-0.8443534198958178,0,0.0,0.0034,0,0
2024-01-23 17:00:00,99.4635,89.57175000000001,99.382,37.719,Amber,-0.25499337056850385,0,0.0,0.0,0,0
2024-01-23 18:00:00,99.06425,78.066,99.41875,30.182000000000002,Amber,-1.6428856235366822,0,0.0,0.3337,0,0
2024-01-23 19:00:00,99.298,77.27175,99.69575,33.05175,Green,-0.4772515717923622,0,0.0,0.4336,0,0
2024-01-23 20:00:00,99.36725,59.3605,99.36075,32.73225,Amber,0.14802667495858077,0,0.0,0.4643,0,0
2024-01-23 21:00:00,99.54675,50.58175,99.24300000000001,31.15,Amber,1.1498015913834716,0,0.0,0.3155,0,0
2024-01-23 22:00:00,99.59349999999999,52.21775,99.1915,36.78325,Amber,1.0595873102631863,0,0.0,0.1199,0,0
2024-01-23 23:00:00,99.72,37.3835,99.56825,40.94825,Green,1.2195182481074875,0,0.0,0.0,0,0
2024-01-24 00:00:00,99.594,38.4725,99.52,49.14025,Amber,0.47003113415703657,0,0.0,0.0,0,0
2024-01-24 01:00:00,99.779,37.0565,99.67625,47.692750000000004,Green,1.2433925377063806,0,0.0,0.0,0,0
2024-01-24 02:00:00,99.81,51.74,99.5515,53.06575,Amber,1.2353605972000998,0,0.0,0.0,0,0
2024-01-24 03:00:00,99.7985,52.7065,99.63325,59.3305,Amber,0.8306857499265061,0,0.0,0.0,0,0
2024-01-24 04:00:00,99.82975,63.873,99.387,61.193,Amber,0.8525139367034468,0,0.0196,0.0,0,0
2024-01-24 05:00:00,99.678,70.3345,99.52975,65.599,Amber,-0.7601397981166506,0,0.0,0.0,0,0
2024-01-24 06:00:00,99.60175,86.25525,99.539,57.128,Amber,-1.6454518220952832,0,0.0,0.0,0,0
2024-01-24 07:00:00,99.8195,92.00075,99.38775,59.3775,Amber,0.6737095888510384,0,0.0094,0.0,0,0
2024-01-24 08:00:00,99.78575000000001,99.4995,99.675,55.71275,Amber,0.3661726236695984,0,0.0,0.0,0,0
2024-01-24 09:00:00,99.64625000000001,104.37049999999999,99.28225,53.76875,Amber,-0.829616344788155,0,0.0,0.0,0,0
2024-01-24 10:00:00,99.8765,113.19749999999999,99.59625,53.049,Amber,1.3103100284687466,0,0.0664,0.0,0,0
2024-01-24 11:00:00,99.4545,115.532,99.57025,44.1765,Amber,-1.532667773366229,0,0.0,0.0,0,0
2024-01-24 12:00:00,99.3925,117.837,99.7235,40.85425,Green,-1.3430886367772865,0,0.0,0.0054,0,0
2024-01-24 13:00:00,99.66975,124.35125,99.568,45.397999999999996,Amber,0.172789053180151,0,0.0,0.0,0,0
2024-01-24 14:00:00,99.545,114.688,99.58975,37.796,Green,-0.3019563068988707,0,0.0,0.0,0,0
2024-01-24 15:00:00,99.37825,104.2225,99.6155,35.183499999999995,Amber,-0.9087887926263709,0,0.0,0.0197,0,0
2024-01-24 16:00:00,99.0755,96.27375,99.3305,26.769750000000002,Red,-1.7171772706048491,0,0.0,0.3421,0,1
2024-01-24 17:00:00,99.48725,90.16325,99.27475,31.469749999999998,Amber,0.3099548388110228,0,0.0,0.2528,0,0
2024-01-24 18:00:00,99.1285,80.1065,99.45975,35.57625,Red,-1.0683433668506015,0,0.0,0.5222,0,1
2024-01-24 19:00:00,99.48625,70.581,99.4825,30.0475,Amber,0.6795434943042667,0,0.0,0.4339,0,0
2024-01-24 20:00:00,99.77625,57.868249999999996,99.4995,32.5435,Amber,1.496626726974114,0,0.0,0.0556,0,0
2024-01-24 21:00:00,99.3815,51.113749999999996,99.485,34.69325,Amber,-0.029767820529649533,0,0.0,0.072,0,0
2024-01-24 22:00:00,99.63025,45.394000000000005,99.5345,42.50275,Green,0.6730623700327532,0,0.0,0.0,0,0
2024-01-24 23:00:00,99.604,43.32425,99.35825,44.2455,Amber,0.4543538222339551,0,0.0,0.0,0,0
2024-01-25 00:00:00,99.91675000000001,40.392250000000004,99.341,52.97825,Green,1.4711222734596958,0,0.1066,0.0,0,0
2024-01-25 01:00:00,99.9135,39.3615,99.36975,53.538250000000005,Amber,1.0144985036847383,0,0.21,0.0,0,0
2024-01-25 02:00:00,99.99125000000001,44.10375,99.545,49.86475,Amber,1.0570170095582632,0,0.3912,0.0,0,0
2024-01-25 03:00:00,99.66875,53.319500000000005,99.55574999999999,58.5365,Amber,-0.6930287321779139,0,0.2498,0.0,0,0
2024-01-25 04:00:00,100.0,60.483000000000004,99.62175,59.89475,Amber,0.8886009145244029,0,0.4397,0.0,0,0
2024-01-25 05:00:00,99.81125,69.286,99.49074999999999,60.4195,Amber,-0.5771892138415236,0,0.4408,0.0,0,0
2024-01-25 06:00:00,99.952,85.488,99.58375,61.76325,Amber,0.48866884298974034,0,0.5827,0.0,0,0
2024-01-25 07:00:00,99.75925,84.433,99.65175,62.815,Amber,-0.7608914015333914,0,0.5319,0.0,0,0
2024-01-25 08:00:00,99.87774999999999,98.96825,99.1155,62.190250000000006,Amber,0.26680939427198436,0,0.5995,0.0,0,0
2024-01-25 09:00:00,99.901,113.07900000000001,99.26650000000001,49.87825,Amber,0.19701619550147084,0,0.6904,0.0,0,0
2024-01-25 10:00:00,99.42824999999999,114.45824999999999,99.7075,57.1955,Amber,-1.9052852545852956,0,0.3086,0.0,0,0
2024-01-25 11:00:00,99.89075,118.24975,99.6875,45.888999999999996,Green,0.4609701280722853,0,0.3892,0.0,0,0
2024-01-25 12:00:00,99.69225,118.5215,99.3035,44.245000000000005,Red,-0.362571478328597,0,0.2713,0.0,0,1
2024-01-25 13:00:00,99.3955,126.54475000000001,99.6015,41.3355,Amber,-1.288146257412616,0,0.0,0.0024,0,0
2024-01-25 14:00:00,99.162,117.87375,99.33525,38.7675,Amber,-1.397012536658353,0,0.0,0.2384,0,0
2024-01-25 15:00:00,99.241,108.06875,99.4785,33.74075,Amber,-0.8233838582913321,0,0.0,0.3953,0,0
2024-01-25 16:00:00,99.34225,102.574,99.41675000000001,34.957,Amber,-0.3979157008947904,0,0.0,0.451,0,0
2024-01-25 17:00:00,99.777,87.85025,99.53025,31.2025,Amber,1.3836532021120511,0,0.0,0.0719,0,0
2024-01-25 18:00:00,99.1725,79.88425,99.5875,29.276249999999997,Amber,-0.7665968139258202,0,0.0,0.2973,0,0
2024-01-25 19:00:00,99.21674999999999,64.8305,99.29375,30.561,Amber,-0.43584327021734365,0,0.0,0.4785,0,0
2024-01-25 20:00:00,99.22175,60.19325,99.489,30.4185,Amber,-0.47083892957491635,0,0.0,0.6547,0,0
2024-01-25 21:00:00,99.399,51.086,99.5155,33.76775,Green,0.19719210978457583,0,0.0,0.6536,0,0
2024-01-25 22:00:00,99.1165,39.726,99.266,40.908,Red,-0.8215782091702346,0,0.0,0.935,0,1
2024-01-25 23:00:00,99.44475,36.45225,99.63374999999999,41.65975,Amber,1.4024667253795435,0,0.0,0.8882,0,0
2024-01-26 00:00:00,99.559,44.07625,99.612,45.76475,Amber,1.3886518132062204,0,0.0,0.7271,0,0
2024-01-26 01:00:00,99.79125,45.3865,99.67824999999999,50.53675,Amber,1.5341351777377235,0,0.0,0.3338,0,0
2024-01-26 02:00:00,99.82325,46.0485,99.39675,54.18525,Amber,1.1372841590179437,0,0.0131,0.0,0,0
2024-01-26 03:00:00,99.7045,52.40775,99.62675,54.494749999999996,Amber,0.4944123975363902,0,0.0,0.0,0,0
2024-01-26 04:00:00,99.83025,60.50025,99.58624999999999,57.57599999999999,Amber,0.872729929126329,0,0.0201,0.0,0,0
2024-01-26 05:00:00,99.96525,65.34975,99.58924999999999,59.28325,Amber,1.363523535443632,0,0.1753,0.0,0,0
2024-01-26 06:00:00,99.79925,76.88625,99.475,60.7805,Amber,-0.23289960918001557,0,0.1644,0.0,0,0
2024-01-26 07:00:00,99.819,93.20075,99.6615,60.27975,Amber,-0.05485347797874486,0,0.1733,0.0,0,0
2024-01-26 08:00:00,99.88775,102.81875,99.429,55.5675,Amber,0.6100731904883878,0,0.251,0.0,0,0
2024-01-26 09:00:00,99.64325,108.7655,99.56675,54.912,Amber,-1.6886849867897904,0,0.0841,0.0,0,0
2024-01-26 10:00:00,99.79225,115.15,99.257,49.57525,Amber,-0.2369430994193596,0,0.0662,0.0,0,0
2024-01-26 11:00:00,99.726,122.477,99.423,50.86425,Amber,-0.6183867762753172,0,0.0,0.0,0,0
2024-01-26 12:00:00,99.268,118.81775,99.5615,47.311,Amber,-1.8929290882805487,0,0.0,0.1299,0,0
2024-01-26 13:00:00,99.69024999999999,116.55325,99.394,39.15975,Amber,0.10453963689996544,0,0.0,0.0,0,0
2024-01-26 14:00:00,99.6045,110.47149999999999,99.71625,31.2735,Amber,-0.08776714045906363,0,0.0,0.0,0,0
2024-01-26 15:00:00,99.47675,108.80199999999999,99.51175,35.01675,Green,-0.6023203901156909,0,0.0,0.0,0,0
2024-01-26 16:00:00,99.5565,99.90275,99.397,30.2415,Amber,0.017025849370136056,0,0.0,0.0,0,0
2024-01-26 17:00:00,99.74799999999999,88.7825,99.47375,29.711499999999997,Amber,1.1140634728376106,0,0.0,0.0,0,0
2024-01-26 18:00:00,99.2595,77.3,99.321,29.0255,Red,-1.7032495750360257,0,0.0,0.1384,0,1
2024-01-26 19:00:00,99.4565,69.00675000000001,99.56825,31.48075,Amber,-0.36908216808361377,0,0.0,0.0799,0,0
2024-01-26 20:00:00,99.557,54.064,99.66675000000001,32.308,Amber,0.3000587788072403,0,0.0,0.0,0,0
2024-01-26 21:00:00,99.495,48.90925,99.57425,33.571,Amber,-0.10726356559954665,0,0.0,0.0,0,0
2024-01-26 22:00:00,99.25175,38.748000000000005,99.58075,39.21675,Red,-1.1132342757449316,0,0.0,0.1462,0,1
2024-01-26 23:00:00,99.60225,38.47925,99.48,42.54625,Amber,1.1077108766519304,0,0.0,0.0,0,0
2024-01-27 00:00:00,99.7675,46.3495,99.412,46.581500000000005,Amber,1.438685086787038,0,0.0,0.0,0,0
2024-01-27 01:00:00,99.794,44.0965,99.48225000000001,52.765,Amber,1.0888239415430887,0,0.0,0.0,0,0
2024-01-27 02:00:00,99.69024999999999,50.331,99.72975,51.6245,Amber,0.44385742942525896,0,0.0,0.0,0,0
2024-01-27 03:00:00,99.62525,52.57725,99.5695,57.34725,Amber,0.017394979286383838,0,0.0,0.0,0,0
2024-01-27 04:00:00,99.939,59.31925,99.66875,58.50325,Amber,1.6242558683609918,0,0.1289,0.0,0,0
2024-01-27 05:00:00,99.5855,69.78,99.72275,61.04625,Amber,-1.1525541250944422,0,0.0,0.0,0,0
2024-01-27 06:00:00,99.95925,76.9625,99.565,59.198,Amber,1.219347206595938,0,0.1491,0.0,0,0
2024-01-27 07:00:00,100.0,88.53625,99.2645,59.462,Amber,1.0750265555287732,0,0.339,0.0,0,0
2024-01-27 08:00:00,99.7115,98.0125,99.68299999999999,59.9975,Amber,-0.4999731791672549,0,0.2404,0.0,0,0
2024-01-27 09:00:00,99.70775,110.61525,99.6885,55.18575,Green,-0.6419283112166048,0,0.1381,0.0,0,0
2024-01-27 10:00:00,99.75399999999999,110.9585,99.33924999999999,46.9275,Amber,-0.20152638310436163,0,0.082,0.0,0,0
2024-01-27 11:00:00,99.437,118.65350000000001,99.22975,50.1195,Amber,-1.5962704289192728,0,0.0,0.0,0,0
2024-01-27 12:00:00,99.557,118.5645,99.51375,42.64,Amber,-0.7198321757865813,0,0.0,0.0,0,0
2024-01-27 13:00:00,99.35475,119.7315,99.6685,39.1875,Green,-1.411809019194882,0,0.0,0.0432,0,0
2024-01-27 14:00:00,99.64525,109.77600000000001,99.398,35.067,Amber,0.44274028059393084,0,0.0,0.0,0,0
2024-01-27 15:00:00,99.29625,101.8,99.46325,31.9035,Amber,-1.1986576471519796,0,0.0,0.1017,0,0
2024-01-27 16:00:00,99.22775,102.86449999999999,99.526,33.804,Red,-1.2073975538236972,0,0.0,0.2719,0,1
2024-01-27 17:00:00,99.199,91.759,99.5025,29.89125,Red,-0.9955300791524064,0,0.0,0.4708,0,1
2024-01-27 18:00:00,99.30375,81.26650000000001,99.50800000000001,30.76675,Amber,-0.21187252165046921,0,0.0,0.565,0,0
2024-01-27 19:00:00,99.3815,68.9385,99.592,31.49125,Amber,0.24287823086102553,0,0.0,0.5814,0,0
2024-01-27 20:00:00,99.88775,62.48475,99.43375,31.51425,Green,1.976426210854609,0,0.0776,0.0916,0,0
2024-01-27 21:00:00,99.7155,59.47,99.473,35.795,Amber,0.9290550071417061,0,0.0,0.0,0,0
2024-01-27 22:00:00,99.4205,45.3935,99.47200000000001,38.003,Amber,-0.2443288836334154,0,0.0,0.0,0,0
2024-01-27 23:00:00,99.571,40.409,99.42575,44.87075,Amber,0.10933900837490591,0,0.0,0.0,0,0
2024-01-28 00:00:00,99.51575,31.919,99.54575,41.675,Amber,-0.3471510019970686,0,0.0,0.0,0,0
2024-01-28 01:00:00,99.74075,37.97625,99.78425,52.12675,Green,0.5794381050070633,0,0.0,0.0,0,0
2024-01-28 02:00:00,99.445,38.8945,99.78075,55.58875,Green,-0.9112380492199752,0,0.0,0.0,0,0
2024-01-28 03:00:00,99.479,55.1535,99.655,58.597750000000005,Amber,-0.42555903534348377,0,0.0,0.0,0,0
2024-01-28 04:00:00,99.85375,61.1455,99.44624999999999,54.8765,Amber,1.5634602478716728,0,0.0436,0.0,0,0
2024-01-28 05:00:00,99.97,66.90575000000001,99.5115,58.56725,Amber,1.3823613985729444,0,0.2035,0.0,0,0
2024-01-28 06:00:00,99.90825,77.05675,99.14750000000001,58.97825,Amber,0.7862760919631666,0,0.3017,0.0,0,0
2024-01-28 07:00:00,100.0,86.07275,99.40775,54.86175,Green,0.9008893861038914,0,0.4916,0.0,0,0
2024-01-28 08:00:00,99.87975,100.83225,99.48225,56.32525,Amber,0.16546530040220875,0,0.5612,0.0,0,0
2024-01-28 09:00:00,99.83725,120.00825,99.60375,53.03275,Amber,-1.0928484072773412,0,0.5883,0.0,0,0
2024-01-28 10:00:00,99.98425,110.61675,99.36149999999999,51.245,Amber,0.8375102829162404,0,0.7625,0.0,0,0
2024-01-28 11:00:00,99.75375,118.744,99.51025,49.637499999999996,Amber,-1.516701031877917,0,0.7061,0.0,0,0
2024-01-28 12:00:00,99.53075,116.554,99.56425,41.90875,Amber,-1.7299133873786876,0,0.4268,0.0,0,0
2024-01-28 13:00:00,99.1385,118.49575,99.69275,43.0255,Amber,-1.77554849802352,0,0.0,0.2594,0,0
2024-01-28 14:00:00,99.65125,106.49275,99.79675,35.1695,Amber,0.00665160763316759,0,0.0,0.0061,0,0
2024-01-28 15:00:00,99.68599999999999,103.8065,99.56375,34.96825,Amber,0.2201204130555868,0,0.0,0.0,0,0
2024-01-28 16:00:00,99.493,99.7215,99.64224999999999,37.72275,Green,-0.22328282603963012,0,0.0,0.0,0,0
2024-01-28 17:00:00,99.10175,80.555,99.541,27.97475,Red,-1.3089631465484601,0,0.0,0.2962,0,1
2024-01-28 18:00:00,99.2415,71.4435,99.49875,30.4455,Red,-0.5558936651110192,0,0.0,0.4526,0,1
2024-01-28 19:00:00,99.55275,66.11574999999999,99.7445,34.5025,Green,0.420821493627485,0,0.0,0.2978,0,0
2024-01-28 20:00:00,99.0505,58.3985,99.768,30.0625,Red,-1.1692299576594911,0,0.0,0.6452,0,1
2024-01-28 21:00:00,99.3375,56.331,99.40825,37.012,Amber,0.2029339196499791,0,0.0,0.7056,0,0
2024-01-28 22:00:00,99.674,45.533500000000004,99.69125,38.53975,Amber,1.405405747113877,0,0.0,0.4296,0,0
2024-01-28 23:00:00,99.5995,43.653,99.72874999999999,41.9685,Green,0.7913409504400776,0,0.0,0.228,0,0
2024-01-29 00:00:00,99.71674999999999,43.09575,99.7045,46.2385,Amber,0.9056364641785093,0,0.0,0.0,0,0
2024-01-29 01:00:00,99.86725,46.68475,99.64274999999999,49.56125,Green,1.0995187424971589,0,0.0571,0.0,0,0
2024-01-29 02:00:00,99.80275,48.051,99.218,52.8595,Amber,0.7311244165226611,0,0.0498,0.0,0,0
2024-01-29 03:00:00,100.0,56.704499999999996,99.3555,61.979,Amber,1.546154765542451,0,0.2397,0.0,0,0
2024-01-29 04:00:00,99.999,60.17925,99.23949999999999,58.954,Amber,1.0610165446284465,0,0.4286,0.0,0,0
2024-01-29 05:00:00,99.8505,69.30324999999999,99.783,61.2235,Amber,-0.19960913809313663,0,0.469,0.0,0,0
2024-01-29 06:00:00,99.561,83.54025,99.52875,61.872,Amber,-1.7674685587775187,0,0.2198,0.0,0,0
2024-01-29 07:00:00,99.92025,81.8695,99.34,62.8815,Amber,0.3932534619334176,0,0.33,0.0,0,0
2024-01-29 08:00:00,99.7765,97.42099999999999,99.74725000000001,57.89325,Amber,-0.4487965417727727,0,0.2964,0.0,0,0
2024-01-29 09:00:00,99.975,105.77225,99.7045,55.333,Green,0.7886289655526217,0,0.4613,0.0,0,0
2024-01-29 10:00:00,99.76725,111.198,99.59475,56.18275,Amber,-0.2827923957079604,0,0.4184,0.0,0,0
2024-01-29 11:00:00,99.69325,117.92775,99.5145,47.983,Amber,-0.5908871908683019,0,0.3016,0.0,0,0
2024-01-29 12:00:00,99.846,119.4155,99.30324999999999,41.35925,Amber,0.15543963879808986,0,0.3374,0.0,0,0
2024-01-29 13:00:00,99.7795,123.36275,99.48725,39.22825,Amber,-0.2790480432574491,0,0.3068,0.0,0,0
2024-01-29 14:00:00,99.05875,120.10475,99.312,36.5845,Red,-1.9507925013184435,0,0.0,0.3392,0,1
2024-01-29 15:00:00,99.76325,111.3885,99.62375,32.726,Amber,0.3802223298194245,0,0.0,0.0,0,0
2024-01-29 16:00:00,99.28475,96.2755,99.3635,32.58325,Amber,-0.8913668782342066,0,0.0,0.1132,0,0
2024-01-29 17:00:00,99.271,87.32475,99.50825,31.60625,Amber,-0.6855135303451417,0,0.0,0.2401,0,0
2024-01-29 18:00:00,99.41325,78.6385,99.40625,29.442999999999998,Amber,-0.052475324183532,0,0.0,0.2248,0,0
2024-01-29 19:00:00,99.60675,62.084500000000006,99.27074999999999,29.830750000000002,Amber,0.8171441261160771,0,0.0,0.016,0,0
2024-01-29 20:00:00,99.2485,56.904250000000005,99.4395,30.83975,Amber,-0.867511692540286,0,0.0,0.1654,0,0
2024-01-29 21:00:00,99.1975,46.21275,99.58225,35.10675,Amber,-0.927836744378961,0,0.0,0.3658,0,0
2024-01-29 22:00:00,99.5665,39.741,99.38550000000001,37.38625,Amber,1.055233343085824,0,0.0,0.1973,0,0
2024-01-29 23:00:00,99.38374999999999,43.2845,99.521,42.178,Amber,-0.11545290511366663,0,0.0,0.2114,0,0
2024-01-30 00:00:00,99.366,37.408,99.5065,51.641,Amber,-0.17502979143182892,0,0.0,0.2434,0,0
2024-01-30 01:00:00,99.74775,38.95125,99.32325,51.88225,Amber,1.5997350715240073,0,0.0,0.0,0,0
2024-01-30 02:00:00,99.59700000000001,45.3155,99.56075,51.34725,Amber,0.6108314788667961,0,0.0,0.0,0,0
2024-01-30 03:00:00,99.69775,52.12525,99.62625,57.850750000000005,Amber,0.8748511329771643,0,0.0,0.0,0,0
2024-01-30 04:00:00,99.87049999999999,62.567750000000004,99.65100000000001,55.81975,Amber,1.2829150958475588,0,0.0604,0.0,0,0
2024-01-30 05:00:00,99.64699999999999,63.50750000000001,99.35375,62.352000000000004,Amber,-0.04323960624362826,0,0.0,0.0,0,0
2024-01-30 06:00:00,99.835,79.49825,99.50925000000001,57.961,Amber,0.9628689637862686,0,0.0249,0.0,0,0
2024-01-30 07:00:00,99.95575,89.62575,99.68325,56.911,Amber,1.33980947546492,0,0.1705,0.0,0,0
2024-01-30 08:00:00,99.7405,95.35675,99.4685,57.165,Green,-0.4357375894846324,0,0.1009,0.0,0,0
2024-01-30 09:00:00,99.69875,108.161,99.5495,50.57875,Amber,-0.797919403494231,0,0.0,0.0,0,0
2024-01-30 10:00:00,99.89725,111.25475,99.5855,55.647,Green,0.8459988082008706,0,0.0871,0.0,0,0
2024-01-30 11:00:00,99.42975,114.20175,99.48225,46.509,Amber,-1.7576931585695192,0,0.0,0.0,0,0
2024-01-30 12:00:00,99.6435,115.96075,99.6745,45.66075,Green,-0.44611756495691357,0,0.0,0.0,0,0
2024-01-30 13:00:00,99.872,119.423,99.668,40.48125,Amber,0.9292193665133649,0,0.0619,0.0,0,0
2024-01-30 14:00:00,99.34775,115.9795,99.4915,30.561999999999998,Red,-1.3363594382849548,0,0.0,0.0502,0,1
2024-01-30 15:00:00,99.1805,103.769,99.42025,32.48025,Amber,-1.30925295599944,0,0.0,0.2676,0,0
2024-01-30 16:00:00,99.31975,100.253,99.769,27.9285,Amber,-0.5812748338023264,0,0.0,0.3458,0,0
2024-01-30 17:00:00,99.37950000000001,91.72,99.679,30.72225,Amber,-0.3068900010062647,0,0.0,0.3642,0,0
2024-01-30 18:00:00,99.45525,76.589,99.03049999999999,28.7395,Amber,0.12456963822363933,0,0.0,0.3069,0,0
2024-01-30 19:00:00,99.36175,71.54675,99.832,33.43725,Green,0.2312784192589786,0,0.0,0.3431,0,0
2024-01-30 20:00:00,99.25375,62.85925,99.5785,35.22625,Amber,-0.733641209098542,0,0.0,0.4873,0,0
2024-01-30 21:00:00,99.67925,44.17575,99.592,32.247749999999996,Amber,1.824534079977002,0,0.0,0.2059,0,0
2024-01-30 22:00:00,99.125,40.848,99.509,39.77375,Amber,-1.334977710336173,0,0.0,0.4789,0,0
2024-01-30 23:00:00,99.464,38.33075,99.54325,43.25875,Amber,0.387690098423721,0,0.0,0.4128,0,0
2024-01-31 00:00:00,99.16575,44.24425,99.55,46.66675,Red,-0.848038833455407,0,0.0,0.645,0,1
2024-01-31 01:00:00,99.37575,44.01925,99.59475,51.47325,Green,0.15327186939378673,0,0.0,0.6671,0,0
2024-01-31 02:00:00,99.61075,40.157,99.594,57.94275,Amber,0.9136052244395535,0,0.0,0.4543,0,0
2024-01-31 03:00:00,100.0,52.2485,99.43,61.1015,Amber,1.683852946526801,0,0.1899,0.0,0,0
2024-01-31 04:00:00,99.68775,60.3005,99.45075,59.66275,Amber,0.47838328071317315,0,0.0675,0.0,0,0
2024-01-31 05:00:00,99.8655,68.18975,99.37675,59.2435,Amber,0.8040838542245878,0,0.1229,0.0,0,0
2024-01-31 06:00:00,99.61475,77.37700000000001,99.46549999999999,57.769999999999996,Amber,-0.3563092417115213,0,0.0,0.0,0,0
2024-01-31 07:00:00,99.8685,88.04175000000001,99.56225,59.7575,Amber,0.5876369624075962,0,0.0584,0.0,0,0
2024-01-31 08:00:00,99.8985,100.7425,99.62275,56.08175,Amber,0.5306390864274168,0,0.1468,0.0,0,0
2024-01-31 09:00:00,99.939,111.18525,99.30675,55.563,Amber,0.9771921900406662,0,0.2757,0.0,0,0
2024-01-31 10:00:00,99.743,102.6505,99.651,51.80625,Amber,-0.6509610903380908,0,0.2086,0.0,0,0
2024-01-31 11:00:00,99.80425,114.17699999999999,99.36825,43.64425,Amber,-0.05963996377994638,0,0.2027,0.0,0,0
2024-01-31 12:00:00,99.8535,114.2295,99.561,43.292,Amber,0.03416489951485089,0,0.2461,0.0,0,0
2024-01-31 13:00:00,99.7945,122.6575,99.46625,37.0015,Amber,-0.6124032302297413,0,0.2305,0.0,0,0
2024-01-31 14:00:00,99.16775,113.01825,99.54974999999999,31.9435,Amber,-1.9822277948228413,0,0.0,0.2302,0,0
2024-01-31 15:00:00,99.59100000000001,100.87675,99.47425,30.912750000000003,Amber,-0.26457155192394877,0,0.0,0.0371,0,0
2024-01-31 16:00:00,98.961,105.178,99.28450000000001,29.96275,Amber,-1.5080013374315766,0,0.0,0.474,0,0
2024-01-31 17:00:00,99.42425,93.0175,99.6415,30.107499999999998,Amber,-0.11672419038166593,0,0.0,0.4477,0,0
2024-01-31 18:00:00,99.64025,84.53975,99.57625,26.61225,Green,0.6710836295417827,0,0.0,0.2054,0,0
2024-01-31 19:00:00,99.51075,69.181,99.55175,33.03375,Amber,0.48344397025140634,0,0.0,0.0926,0,0
2024-01-31 20:00:00,99.0795,54.98975,99.6095,34.3665,Amber,-1.024048578794607,0,0.0,0.411,0,0
2024-01-31 21:00:00,99.57875,52.1865,99.52175,32.45475,Amber,0.7617564352981298,0,0.0,0.2302,0,0
2024-01-31 22:00:00,99.135,39.53475,99.4735,40.338,Amber,-1.1069637312298009,0,0.0,0.4931,0,0
2024-01-31 23:00:00,99.66775,37.50075,99.8125,43.97875,Green,0.8924830821418284,0,0.0,0.2233,0,0
2024-02-01 00:00:00,99.7885,37.075,99.62325,42.371,Green,1.135786736118904,0,0.0,0.0,0,0
2024-02-01 01:00:00,99.97175,45.9,99.446,47.650999999999996,Green,1.213609622049475,0,0.1616,0.0,0,0
2024-02-01 02:00:00,99.54375,45.119,99.319,53.78425,Amber,-0.25021321030464755,0,0.0,0.0,0,0
2024-02-01 03:00:00,99.83675,53.11125,99.31475,59.5935,Amber,0.6091962708129115,0,0.0266,0.0,0,0
2024-02-01 04:00:00,99.84,58.1595,99.464,56.20675,Amber,0.4361458745759028,0,0.0565,0.0,0,0
2024-02-01 05:00:00,99.82375,68.53825,99.18025,61.75275,Amber,0.1636145689279588,0,0.0702,0.0,0,0
2024-02-01 06:00:00,99.6015,83.63550000000001,99.40825,66.1705,Amber,-1.0324187277775305,0,0.0,0.0,0,0
2024-02-01 07:00:00,99.62774999999999,89.179,99.47375,60.939,Amber,-0.6227708957943602,0,0.0,0.0,0,0
2024-02-01 08:00:00,99.90125,100.69675000000001,99.55425,57.25375,Amber,1.0356426086072408,0,0.0911,0.0,0,0
2024-02-01 09:00:00,99.51474999999999,111.63225,99.5945,52.1015,Amber,-1.2986522863305343,0,0.0,0.0,0,0
2024-02-01 10:00:00,99.274,122.16075000000001,99.23,53.4625,Amber,-1.5591375601851019,0,0.0,0.1239,0,0
2024-02-01 11:00:00,99.765,119.0215,99.666,49.73825,Amber,0.7021554058665046,0,0.0,0.0,0,0
2024-02-01 12:00:00,99.46825,119.28275,99.5835,45.3215,Amber,-0.5535144640193228,0,0.0,0.0,0,0
2024-02-01 13:00:00,99.14175,118.39525,99.4165,41.4335,Amber,-1.2870643220528442,0,0.0,0.2562,0,0
2024-02-01 14:00:00,99.523,117.32375,99.42075,38.951750000000004,Amber,0.34687736973884997,0,0.0,0.1311,0,0
2024-02-01 15:00:00,99.30125,109.18549999999999,99.41075000000001,34.168749999999996,Amber,-0.5018340981669912,0,0.0,0.2278,0,0
2024-02-01 16:00:00,99.47800000000001,101.8925,99.494,32.7795,Amber,0.15062930693687715,0,0.0,0.1477,0,0
2024-02-01 17:00:00,99.34100000000001,90.146,99.301,31.9095,Amber,-0.24159449421668544,0,0.0,0.2046,0,0
2024-02-01 18:00:00,99.345,82.4465,99.43575,28.62725,Amber,-0.07371551429143369,0,0.0,0.2576,0,0
2024-02-01 19:00:00,99.32325,66.54625,99.62025,34.104749999999996,Amber,-0.6760268621706572,0,0.0,0.3323,0,0
2024-02-01 20:00:00,99.21325,61.129000000000005,99.51025,30.8285,Amber,-1.4055394394621552,0,0.0,0.5169,0,0
2024-02-01 21:00:00,99.43075,51.93175,99.46625,33.9165,Amber,0.8216494958533607,0,0.0,0.4841,0,0
2024-02-01 22:00:00,99.5335,41.75025,99.60125,41.339,Amber,1.563316125047802,0,0.0,0.3485,0,0
2024-02-01 23:00:00,99.68725,39.0905,99.75775,44.525,Green,1.5722974391359545,0,0.0,0.0592,0,0
2024-02-02 00:00:00,99.7935,38.06425,99.699,45.77275,Green,1.352214399737549,0,0.0,0.0,0,0
2024-02-02 01:00:00,99.91,38.826,99.708,48.37025,Green,1.2392900758757055,0,0.0999,0.0,0,0
2024-02-02 02:00:00,99.54375,46.19125,99.486,55.43825,Green,-0.5881926198127171,0,0.0,0.0,0,0
2024-02-02 03:00:00,99.93225,49.647,99.56025,53.367,Green,1.1391364767460304,0,0.1221,0.0,0,0
2024-02-02 04:00:00,99.513,63.1555,99.603,58.34425,Amber,-1.209275811830567,0,0.0,0.0,0,0
2024-02-02 05:00:00,99.877,68.80825,99.425,58.7015,Amber,0.6173879788105322,0,0.0669,0.0,0,0
2024-02-02 06:00:00,99.98325,86.368,99.50175,59.33775,Green,0.9125321272462452,0,0.24,0.0,0,0
2024-02-02 07:00:00,99.90899999999999,84.52074999999999,99.73825,59.99575,Amber,0.5571017021403178,0,0.3389,0.0,0,0
2024-02-02 08:00:00,99.72149999999999,102.143,99.56649999999999,55.4505,Amber,-0.5758353919666237,0,0.2503,0.0,0,0
2024-02-02 09:00:00,99.4975,112.328,99.53475,53.9465,Amber,-1.2142906220065175,0,0.0,0.0,0,0
2024-02-02 10:00:00,99.7125,115.2695,99.31,54.960499999999996,Amber,-0.4029206411249738,0,0.0,0.0,0,0
2024-02-02 11:00:00,99.7655,122.6385,99.74000000000001,44.99875,Amber,0.0036755297507096753,0,0.0,0.0,0,0
2024-02-02 12:00:00,99.55,122.52575,99.50575,41.208999999999996,Amber,-0.9541977453266125,0,0.0,0.0,0,0
2024-02-02 13:00:00,99.53925,123.611,99.407,37.070499999999996,Green,-0.8006192981803562,0,0.0,0.0,0,0
2024-02-02 14:00:00,99.4675,115.4225,99.51724999999999,36.89875,Amber,-0.9994745044669807,0,0.0,0.0,0,0
2024-02-02 15:00:00,99.44425,105.64175,99.57724999999999,28.7045,Amber,-1.0361579475145253,0,0.0,0.0,0,0
2024-02-02 16:00:00,99.4445,101.85275,99.625,30.319499999999998,Amber,-0.7434930590323146,0,0.0,0.0,0,0
2024-02-02 17:00:00,99.157,92.426,99.45175,31.9225,Amber,-1.931965870885417,0,0.0,0.2409,0,0
2024-02-02 18:00:00,99.33775,74.92625,99.56700000000001,28.423499999999997,Amber,-0.44989349755544544,0,0.0,0.3011,0,0
2024-02-02 19:00:00,99.35325,73.21000000000001,99.49799999999999,36.559,Amber,-0.12182351686574971,0,0.0,0.3458,0,0
2024-02-02 20:00:00,98.713,59.592,99.131,35.94825,Red,-1.891517816297601,0,0.0,1.0307,0,1
2024-02-02 21:00:00,99.529,50.06975,99.4845,32.2,Green,0.930853537139847,0,0.0,0.8996,0,0
2024-02-02 22:00:00,99.4135,42.357,99.5735,43.47775,Amber,0.562149457969017,0,0.0,0.8841,0,0
2024-02-02 23:00:00,99.259,42.47,99.5415,41.42,Amber,-0.02999153704202767,0,0.0,1.023,0,0
2024-02-03 00:00:00,99.6075,40.887249999999995,99.254,46.85725,Amber,0.9253471623919582,0,0.0,0.8134,0,0
2024-02-03 01:00:00,99.47225,37.32025,99.3925,51.407,Amber,0.42982107937344555,0,0.0,0.7391,0,0
2024-02-03 02:00:00,99.68325,43.48775,99.22825,58.41,Amber,1.2633528939143637,0,0.0,0.4538,0,0
2024-02-03 03:00:00,99.7925,53.8745,99.57249999999999,56.87175,Amber,1.3112203705439847,0,0.0,0.0592,0,0
2024-02-03 04:00:00,99.73725,58.393249999999995,99.5625,57.3625,Amber,0.7355362625982208,0,0.0,0.0,0,0
2024-02-03 05:00:00,99.94825,72.1585,99.5905,60.39175,Amber,1.4858247541106295,0,0.1381,0.0,0,0
2024-02-03 06:00:00,99.49375,71.09325,99.3285,56.965250000000005,Amber,-1.0673961961085388,0,0.0,0.0,0,0
2024-02-03 07:00:00,99.7085,90.13275,99.67525,59.693,Green,-0.12640765367103018,0,0.0,0.0,0,0
2024-02-03 08:00:00,100.0,104.95224999999999,99.337,57.65725,Amber,1.2081130313290382,0,0.1899,0.0,0,0
2024-02-03 09:00:00,99.62275,102.986,99.4295,55.95625,Amber,-0.6696874388113914,0,0.0025,0.0,0,0
2024-02-03 10:00:00,99.80175,111.97725,99.22399999999999,52.27075,Amber,0.2028904639469174,0,0.0,0.0,0,0
2024-02-03 11:00:00,100.0,114.538,99.585,43.961,Amber,1.120592444270634,0,0.1899,0.0,0,0
2024-02-03 12:00:00,99.39575,119.819,99.393,43.61025,Amber,-1.5423634250790008,0,0.0,0.0022,0,0
2024-02-03 13:00:00,99.7485,124.28049999999999,99.39925,38.92375,Amber,-0.055911194384931986,0,0.0,0.0,0,0
2024-02-03 14:00:00,99.45625,116.02974999999999,99.36225,36.955,Amber,-0.9491663202740442,0,0.0,0.0,0,0
2024-02-03 15:00:00,99.256,104.5035,99.78725,35.429,Amber,-1.2460267693375162,0,0.0,0.1419,0,0
2024-02-03 16:00:00,99.29975,97.76375,99.4625,32.070499999999996,Red,-0.7806861412772922,0,0.0,0.2401,0,1
2024-02-03 17:00:00,99.51425,97.47325000000001,99.78825,33.2695,Green,0.3912301037256626,0,0.0,0.1238,0,0
2024-02-03 18:00:00,99.47725,79.103,99.4765,28.83775,Red,0.10596672010703555,0,0.0,0.0445,0,1
2024-02-03 19:00:00,99.45824999999999,61.964749999999995,99.47,33.535,Amber,0.45426694608608625,0,0.0,0.0,0,0
2024-02-03 20:00:00,99.36625000000001,55.71425,99.48325,32.096000000000004,Amber,-0.27892253863331823,0,0.0,0.0317,0,0
2024-02-03 21:00:00,99.77875,47.3065,99.84975,34.4345,Green,1.7948105608575546,0,0.0,0.0,0,0
2024-02-03 22:00:00,99.58,41.534,99.52199999999999,39.829,Amber,0.36088870495687647,0,0.0,0.0,0,0
2024-02-03 23:00:00,99.594,41.563,99.39925,44.559,Amber,0.3606393383150817,0,0.0,0.0,0,0
2024-02-04 00:00:00,99.7175,43.241,99.44800000000001,45.6865,Amber,0.8750521560631682,0,0.0,0.0,0,0
2024-02-04 01:00:00,99.749,44.1975,99.51625,50.81325,Green,0.7709509212098115,0,0.0,0.0,0,0
2024-02-04 02:00:00,99.856,45.419,99.439,55.79925,Amber,1.3327004545542271,0,0.0459,0.0,0,0
2024-02-04 03:00:00,99.99275,53.16425,99.475,57.7845,Amber,1.5501085540630093,0,0.2285,0.0,0,0
2024-02-04 04:00:00,99.6035,53.449,99.503,58.738,Amber,-0.9716253042662002,0,0.0219,0.0,0,0
2024-02-04 05:00:00,99.73375,70.6435,99.52575,63.417249999999996,Amber,-0.31218020442825967,0,0.0,0.0,0,0
2024-02-04 06:00:00,99.57275,82.10225,99.8155,56.38675,Green,-1.1369615840646934,0,0.0,0.0,0,0
2024-02-04 07:00:00,99.70125,89.577,99.469,60.6145,Amber,-0.26571515537271456,0,0.0,0.0,0,0
2024-02-04 08:00:00,99.7095,97.1995,99.563,53.6695,Amber,-0.06340327962371144,0,0.0,0.0,0,0
2024-02-04 09:00:00,99.6935,104.68325,99.53025,54.292,Amber,0.3771540076510919,0,0.0,0.0,0,0
2024-02-04 10:00:00,99.99425,118.01275,99.36125,54.274249999999995,Amber,1.866860401069426,0,0.1841,0.0,0,0
2024-02-04 11:00:00,99.7125,120.33175,99.463,48.46225,Amber,-0.12983670413842968,0,0.0865,0.0,0,0
2024-02-04 12:00:00,99.62575,121.19125,99.1965,40.9515,Amber,-0.8823103262328957,0,0.0,0.0,0,0
2024-02-04 13:00:00,99.67675,119.595,99.3265,40.38925,Amber,-0.4485340619875577,0,0.0,0.0,0,0
2024-02-04 14:00:00,99.27575,107.49325,99.35625,40.265,Amber,-1.6835926402206216,0,0.0,0.1222,0,0
2024-02-04 15:00:00,99.58225,109.85300000000001,99.181,31.67675,Amber,-0.2689625293663297,0,0.0,0.0,0,0
2024-02-04 16:00:00,99.31625,102.2555,99.67175,33.19775,Green,-1.144075444955429,0,0.0,0.0817,0,0
2024-02-04 17:00:00,99.60575,95.94475,99.51050000000001,28.11925,Green,0.5348845938423474,0,0.0,0.0,0,0
2024-02-04 18:00:00,99.42425,81.26925,99.50025,31.47575,Amber,-0.33827598128268777,0,0.0,0.0,0,0
2024-02-04 19:00:00,99.492,70.09225,99.464,29.573249999999998,Amber,0.3135123879875555,0,0.0,0.0,0,0
2024-02-04 20:00:00,99.5695,63.387249999999995,99.3695,28.104000000000003,Amber,0.6374124954934351,0,0.0,0.0,0,0
2024-02-04 21:00:00,99.4705,50.5485,99.66525,35.55225,Amber,-0.08862430912333841,0,0.0,0.0,0,0
2024-02-04 22:00:00,99.54475,50.88275,99.342,39.1785,Amber,0.39931537964890135,0,0.0,0.0,0,0
2024-02-04 23:00:00,99.33,44.5715,99.71175,41.42,Amber,-1.6345938154780237,0,0.0,0.0679,0,0
2024-02-05 00:00:00,98.9805,42.42775,99.54400000000001,46.811,Amber,-1.8894830779802194,0,0.0,0.4854,0,0
2024-02-05 01:00:00,99.72425,43.7435,99.35025,47.70625,Amber,1.1152864348369138,0,0.0,0.159,0,0
2024-02-05 02:00:00,99.769,48.71725,99.3815,56.877750000000006,Amber,1.033649024100176,0,0.0,0.0,0,0
2024-02-05 03:00:00,99.6335,57.3755,99.62975,53.509,Amber,0.4595151405557732,0,0.0,0.0,0,0
2024-02-05 04:00:00,99.73175,65.74625,99.39525,60.1365,Amber,0.6515212160453934,0,0.0,0.0,0,0
2024-02-05 05:00:00,100.0,69.2515,99.565,61.269,Amber,1.0425481650307862,0,0.1899,0.0,0,0
2024-02-05 06:00:00,99.8265,77.31,99.4805,60.82225,Amber,0.36662029824295383,0,0.2063,0.0,0,0
2024-02-05 07:00:00,99.68925,90.77025,99.5065,58.821,Amber,-0.6673237111623282,0,0.0854,0.0,0,0
2024-02-05 08:00:00,99.767,104.10025,99.503,56.3115,Amber,-0.059653664675589343,0,0.0423,0.0,0,0
2024-02-05 09:00:00,99.916,102.21175,99.64,58.3555,Amber,0.8003830705459334,0,0.1482,0.0,0,0
2024-02-05 10:00:00,99.91499999999999,114.30075,99.52225,47.976749999999996,Green,0.5528394818167746,0,0.2531,0.0,0,0
2024-02-05 11:00:00,99.56775,106.94924999999999,99.757,47.7775,Green,-1.5637050854819696,0,0.0107,0.0,0,0
2024-02-05 12:00:00,99.588,121.86475,99.598,47.6145,Amber,-0.9940470653731193,0,0.0,0.0,0,0
2024-02-05 13:00:00,99.498,121.71275,99.32425,37.073,Amber,-1.1498692581207568,0,0.0,0.0,0,0
2024-02-05 14:00:00,99.4285,122.27675,99.42725,32.65375,Amber,-1.0575670073319514,0,0.0,0.0,0,0
2024-02-05 15:00:00,99.48875,111.9005,99.40075,32.75625,Amber,-0.5318334434746479,0,0.0,0.0,0,0
2024-02-05 16:00:00,99.516,99.11925,99.469,32.275,Green,0.026055350106089645,0,0.0,0.0,0,0
2024-02-05 17:00:00,99.806,88.6,99.52025,34.571,Amber,1.8846389640832772,0,0.0,0.0,0,0
2024-02-05 18:00:00,99.71575,81.81275,99.40575,31.6035,Amber,0.9392618537762248,0,0.0,0.0,0,0
2024-02-05 19:00:00,99.20775,73.40975,99.407,30.0185,Amber,-1.4999774002733635,0,0.0,0.1902,0,0
2024-02-05 20:00:00,99.547,56.12675,99.32675,29.62975,Amber,0.0006028005634876537,0,0.0,0.0411,0,0
2024-02-05 21:00:00,99.34025,46.576750000000004,99.509,33.439499999999995,Amber,-0.8123271790382279,0,0.0,0.0988,0,0
2024-02-05 22:00:00,99.25975,45.703,99.21375,37.12025,Amber,-0.8843429334819684,0,0.0,0.237,0,0
2024-02-05 23:00:00,99.279,47.12125,99.53375,44.4175,Amber,-0.5690336117284845,0,0.0,0.3559,0,0
2024-02-06 00:00:00,99.61325,41.845,99.33,49.1845,Amber,1.4369797838848615,0,0.0,0.1406,0,0
2024-02-06 01:00:00,99.97325000000001,44.89775,99.592,48.629,Amber,1.7295785012917264,0,0.1631,0.0,0,0
2024-02-06 02:00:00,99.69425,49.007,99.6125,55.107749999999996,Amber,0.590909146524389,0,0.0473,0.0,0,0
2024-02-06 03:00:00,99.8255,48.196,99.325,55.72275,Amber,0.7542412539005543,0,0.0627,0.0,0,0
2024-02-06 04:00:00,99.59649999999999,58.3525,99.488,58.784,Amber,-0.2846791096503839,0,0.0,0.0,0,0
2024-02-06 05:00:00,99.73525000000001,69.119,99.47975,59.759,Amber,-0.031154532109790942,0,0.0,0.0,0,0
2024-02-06 06:00:00,99.5815,74.1545,99.14224999999999,57.37525,Amber,-1.0337129298310002,0,0.0,0.0,0,0
2024-02-06 07:00:00,99.8025,84.1545,99.583,62.2855,Amber,0.9463807720245769,0,0.0,0.0,0,0
2024-02-06 08:00:00,99.5605,95.59525,99.512,55.54275,Amber,-1.0398167498445572,0,0.0,0.0,0,0
2024-02-06 09:00:00,99.9075,107.1235,99.3435,58.5835,Amber,1.4940680725944624,0,0.0974,0.0,0,0
2024-02-06 10:00:00,99.7875,115.68525,99.52074999999999,50.034,Green,0.4330036112755144,0,0.0748,0.0,0,0
2024-02-06 11:00:00,99.738,120.91975,99.31475,47.522,Amber,0.06241790919118526,0,0.0027,0.0,0,0
2024-02-06 12:00:00,99.469,123.43549999999999,99.36574999999999,41.24975,Amber,-1.4729522910750956,0,0.0,0.0,0,0
2024-02-06 13:00:00,99.5845,124.168,99.53475,45.731,Amber,-0.5489100643301903,0,0.0,0.0,0,0
2024-02-06 14:00:00,99.53375,117.773,99.43625,36.994,Amber,-0.8112834371477872,0,0.0,0.0,0,0
2024-02-06 15:00:00,99.27975,114.77000000000001,99.31649999999999,34.28575,Amber,-1.54301923512174,0,0.0,0.1182,0,0
2024-02-06 16:00:00,99.204,104.3945,99.416,34.3505,Red,-1.3344806972455194,0,0.0,0.3121,0,1
2024-02-06 17:00:00,99.3105,93.22825,99.32300000000001,30.745,Amber,-0.5636731688859697,0,0.0,0.3995,0,0
2024-02-06 18:00:00,99.33975,69.101,99.45525,29.51075,Red,-0.23717622901694796,0,0.0,0.4577,0,1
2024-02-06 19:00:00,99.53875,66.60175,99.24375,30.29175,Amber,1.2378529489629972,0,0.0,0.3169,0,0
2024-02-06 20:00:00,99.41375,62.99325,99.59725,32.8135,Amber,0.5677153689397189,0,0.0,0.3011,0,0
2024-02-06 21:00:00,99.65125,47.08825,99.60525,35.97425,Green,1.4864887935510918,0,0.0,0.0478,0,0
2024-02-06 22:00:00,99.91325,46.5285,99.706,44.005,Green,1.6915400854949212,0,0.1031,0.0,0,0
2024-02-06 23:00:00,99.24549999999999,40.775,99.42075,43.83725,Amber,-1.1249955630332158,0,0.0,0.1524,0,0
2024-02-07 00:00:00,99.6085,46.28975,99.5315,48.76075,Amber,0.2061609318156773,0,0.0,0.0,0,0
2024-02-07 01:00:00,99.69975,44.338499999999996,99.34075,52.91075,Amber,0.4777054450184394,0,0.0,0.0,0,0
2024-02-07 02:00:00,99.56049999999999,43.04975,99.58575,57.9885,Amber,-0.24172923378215092,0,0.0,0.0,0,0
2024-02-07 03:00:00,99.98775,52.338,99.70975,59.02175,Amber,1.192129417528305,0,0.1776,0.0,0,0
2024-02-07 04:00:00,99.957,59.913,99.34875,54.8,Amber,1.0175629168377975,0,0.3245,0.0,0,0
2024-02-07 05:00:00,99.84049999999999,68.8735,99.40899999999999,58.54175,Amber,0.3601082521206216,0,0.3549,0.0,0,0
2024-02-07 06:00:00,99.57875,80.914,99.60849999999999,60.2225,Amber,-1.032711296734623,0,0.1236,0.0,0,0
2024-02-07 07:00:00,99.8395,85.76975,99.561,60.4695,Amber,0.2473444281296186,0,0.153,0.0,0,0
2024-02-07 08:00:00,99.5885,101.50875,99.22825,57.53925,Amber,-1.1868985063121862,0,0.0,0.0,0,0
2024-02-07 09:00:00,99.925,113.23575,99.697,56.532000000000004,Amber,0.8284348755967584,0,0.1149,0.0,0,0
2024-02-07 10:00:00,99.77325,117.54674999999999,99.328,54.2775,Amber,0.10945821007052718,0,0.078,0.0,0,0
2024-02-07 11:00:00,99.701,118.3495,99.4135,48.1875,Amber,-0.24117515575029974,0,0.0,0.0,0,0
2024-02-07 12:00:00,99.56275,125.88925,99.78225,42.8055,Amber,-1.1902331643235102,0,0.0,0.0,0,0
2024-02-07 13:00:00,99.60075,119.7655,99.447,38.510999999999996,Amber,-0.6551997149177563,0,0.0,0.0,0,0
2024-02-07 14:00:00,99.32325,120.61625,99.61775,39.37075,Green,-1.5822846328486213,0,0.0,0.0747,0,0
2024-02-07 15:00:00,99.674,105.88775,99.60725,37.33275,Amber,0.43379189932788337,0,0.0,0.0,0,0
2024-02-07 16:00:00,99.52475,99.3275,99.6615,27.8575,Green,-0.2928706108500102,0,0.0,0.0,0,0
2024-02-07 17:00:00,99.03575000000001,87.354,99.53925,31.62525,Red,-1.7693030496501811,0,0.0,0.3622,0,1
2024-02-07 18:00:00,99.425,83.9495,99.28975,28.860750000000003,Red,-0.024274411031428654,0,0.0,0.3351,0,1
2024-02-07 19:00:00,99.1435,67.862,99.59625,22.8955,Amber,-0.8861629978007103,0,0.0,0.5895,0,0
2024-02-07 20:00:00,99.6065,57.76525,99.57925,32.5975,Amber,0.7947987676772025,0,0.0,0.381,0,0
2024-02-07 21:00:00,99.55575,54.04225,99.60425000000001,39.1605,Amber,0.7352983085614762,0,0.0,0.2231,0,0
2024-02-07 22:00:00,99.3635,55.52875,99.5115,36.67675,Amber,0.03762551043803991,0,0.0,0.2576,0,0
2024-02-07 23:00:00,99.46950000000001,37.609,99.5935,43.20525,Amber,0.25686120677776164,0,0.0,0.186,0,0
2024-02-08 00:00:00,99.86175,39.78325,99.307,48.5925,Amber,1.496669051221577,0,0.0516,0.0,0,0
2024-02-08 01:00:00,99.81825,37.533,99.50825,53.43875,Amber,1.0548030315848251,0,0.0598,0.0,0,0
2024-02-08 02:00:00,99.66,42.85975,99.46525,53.061,Green,0.19673133541332033,0,0.0,0.0,0,0
2024-02-08 03:00:00,99.8235,61.07175,99.3695,57.70525,Amber,0.756568118767126,0,0.0134,0.0,0,0
2024-02-08 04:00:00,99.83500000000001,56.720749999999995,99.70125,60.841499999999996,Amber,0.592090800957274,0,0.0383,0.0,0,0
2024-02-08 05:00:00,99.97975,70.435,99.38325,58.467,Amber,1.4637279734049269,0,0.2079,0.0,0,0
2024-02-08 06:00:00,99.84825000000001,73.40549999999999,99.4875,57.7835,Amber,0.20422361575835254,0,0.2461,0.0,0,0
2024-02-08 07:00:00,99.959,95.96350000000001,99.11925000000001,59.77725,Amber,0.9425934994346242,0,0.395,0.0,0,0
2024-02-08 08:00:00,99.78825,101.29975,99.4985,59.35225,Amber,-1.0764327194515322,0,0.3731,0.0,0,0
2024-02-08 09:00:00,99.868,110.59949999999999,99.37525,53.10675,Amber,-0.15706142376137233,0,0.431,0.0,0,0
2024-02-08 10:00:00,71.95625,118.815,99.33924999999999,48.13775,Red,-2.041201600460845,0,0.0,0.0,1,1
2024-02-08 11:00:00,71.92125,123.48025000000001,99.616,48.7,Red,-1.2921982051234617,0,0.0,0.0,1,1
2024-02-08 12:00:00,71.7825,115.77475,99.57625,42.931,Red,-0.9196544184522824,0,0.0,0.0,1,1
2024-02-08 13:00:00,71.6895,122.018,99.59,39.8955,Red,-0.6557122515531478,0,0.0,0.0,1,1
2024-02-08 14:00:00,78.71600000000001,113.1745,99.52775,34.75775,Red,0.09447181119539338,0,0.0,0.0,1,1
2024-02-08 15:00:00,99.18275,110.4225,99.554,37.01475,Red,1.9757142670735843,0,0.0,0.2152,0,1
2024-02-08 16:00:00,99.303,103.37125,99.57425,30.634750000000004,Amber,1.269905464157056,0,0.0,0.3101,0,0
2024-02-08 17:00:00,99.66475,94.62375,99.42925,24.1685,Amber,0.9177206700228019,0,0.0,0.0433,0,0
2024-02-08 18:00:00,99.24875,75.34275,99.47125,28.747500000000002,Red,0.6274532006258224,0,0.0,0.1925,0,1
2024-02-08 19:00:00,99.61075,73.063,99.67125,28.8415,Amber,0.4328492778420021,0,0.0,0.0,0,0
2024-02-08 20:00:00,99.02075,61.273,99.727,29.456,Amber,-1.2655842939554272,0,0.0,0.3772,0,0
2024-02-08 21:00:00,99.36,52.86825,99.33875,36.9025,Red,-0.0334449870925952,0,0.0,0.4151,0,1
2024-02-08 22:00:00,99.28475,45.13175,99.292,35.20375,Amber,-0.3337784500420775,0,0.0,0.5283,0,0
2024-02-08 23:00:00,99.68825,39.791000000000004,99.50925000000001,37.0285,Amber,1.2967716329020886,0,0.0,0.238,0,0
2024-02-09 00:00:00,99.3325,40.26225,99.29425,45.6685,Amber,-0.20935730720331677,0,0.0,0.3034,0,0
2024-02-09 01:00:00,99.6445,46.52575,99.688,50.0995,Amber,1.0361076924519397,0,0.0,0.0568,0,0
2024-02-09 02:00:00,99.52325,51.31275,99.73025,55.13275,Amber,0.29848065938092294,0,0.0,0.0,0,0
2024-02-09 03:00:00,99.9755,57.65025,99.6285,60.36,Amber,1.5746530474691693,0,0.1654,0.0,0,0
2024-02-09 04:00:00,99.88374999999999,62.997,99.62475,57.251000000000005,Amber,0.8911999184742594,0,0.239,0.0,0,0
2024-02-09 05:00:00,99.8775,72.44024999999999,99.48475,58.11325,Amber,0.6877369285639655,0,0.3064,0.0,0,0
2024-02-09 06:00:00,99.867,78.99549999999999,99.29775,60.43375,Amber,0.41571329886826675,0,0.3633,0.0,0,0
2024-02-09 07:00:00,99.57375,90.023,99.61325,57.8735,Amber,-1.1227120485741757,0,0.127,0.0,0,0
2024-02-09 08:00:00,99.2905,97.91749999999999,99.4625,60.58675,Amber,-1.7398129939622569,0,0.0,0.1074,0,0
2024-02-09 09:00:00,99.55325,111.41825,99.57724999999999,52.39125,Amber,-0.49886318834528465,0,0.0,0.0,0,0
2024-02-09 10:00:00,99.721,111.80449999999999,99.64275,46.57625,Amber,0.3313524928551665,0,0.0,0.0,0,0
2024-02-09 11:00:00,99.84525,115.11075,99.49925,48.7615,Amber,0.9399580036832466,0,0.0351,0.0,0,0
2024-02-09 12:00:00,99.63325,124.23225,99.421,42.1175,Amber,0.16281162131767987,0,0.0,0.0,0,0
2024-02-09 13:00:00,99.3495,111.41475,99.41075000000001,37.59425,Amber,-1.0080918505209893,0,0.0,0.0484,0,0
2024-02-09 14:00:00,99.02,116.76375,99.57249999999999,36.72775,Red,-1.6883202021308694,0,0.0,0.4264,0,1
2024-02-09 15:00:00,99.17925,98.91075,99.36275,32.3805,Red,-0.8553646697794441,0,0.0,0.645,0,1
2024-02-09 16:00:00,99.539,107.5835,99.70775,31.8095,Green,0.3657079720087918,0,0.0,0.504,0,0
2024-02-09 17:00:00,98.92775,85.342,99.50524999999999,25.20975,Red,-1.229493383200792,0,0.0,0.9741,0,1
2024-02-09 18:00:00,99.1415,83.21725,99.19075000000001,29.20675,Amber,-0.23080266483802617,0,0.0,1.2306,0,0
2024-02-09 19:00:00,99.42075,72.194,99.1585,31.86375,Amber,0.9230671235710358,0,0.0,1.2078,0,0
2024-02-09 20:00:00,99.42425,55.563500000000005,99.3925,34.285250000000005,Amber,0.666351882939253,0,0.0,1.1814,0,0
2024-02-09 21:00:00,99.607,47.0625,99.59225,40.75825,Amber,1.0203125533070434,0,0.0,0.9724,0,0
2024-02-09 22:00:00,99.34025,40.9925,99.5855,38.53225,Amber,0.12479442123392691,0,0.0,1.03,0,0
2024-02-09 23:00:00,99.63325,47.20325,99.29125,41.75975,Amber,1.1341638025203131,0,0.0,0.7947,0,0
2024-02-10 00:00:00,99.45775,41.81575,99.7635,46.86725,Amber,-0.19799153974207578,0,0.0,0.7349,0,0
2024-02-10 01:00:00,99.90025,37.79825,99.652,50.46025,Amber,1.6967684882274936,0,0.0901,0.2326,0,0
2024-02-10 02:00:00,99.63625,48.7255,99.52025,54.585750000000004,Amber,0.2131053850991767,0,0.0,0.0,0,0
2024-02-10 03:00:00,99.75025,45.914,99.48825,55.101,Green,0.6520545222585185,0,0.0,0.0,0,0
2024-02-10 04:00:00,99.69075,60.27975,99.4105,55.03675,Amber,0.08657406083038886,0,0.0,0.0,0,0
2024-02-10 05:00:00,99.8125,68.64099999999999,99.39175,58.002250000000004,Amber,0.6812706179649087,0,0.0024,0.0,0,0
2024-02-10 06:00:00,99.86225,78.60475,99.6135,65.25475,Amber,0.8546142569765276,0,0.0545,0.0,0,0
2024-02-10 07:00:00,99.8205,91.679,99.4855,58.650999999999996,Amber,0.67861959621116,0,0.0649,0.0,0,0
2024-02-10 08:00:00,99.5475,102.21900000000001,99.66525,59.847,Amber,-1.739629728022248,0,0.0,0.0,0,0
2024-02-10 09:00:00,99.72125,107.132,99.73725,53.71225,Amber,-0.18392904711047572,0,0.0,0.0,0,0
2024-02-10 10:00:00,99.541,114.399,99.60425000000001,49.2615,Amber,-1.2439891402680605,0,0.0,0.0,0,0
2024-02-10 11:00:00,99.5065,117.48325,99.34575,47.7495,Green,-1.0304672273250775,0,0.0,0.0,0,0
2024-02-10 12:00:00,99.92625000000001,122.35675,99.57575,44.41425,Amber,1.442841816380323,0,0.1161,0.0,0,0
2024-02-10 13:00:00,99.31524999999999,110.08225,99.50225,37.06975,Amber,-1.3333339406399514,0,0.0,0.0827,0,0
2024-02-10 14:00:00,99.82825,105.34224999999999,99.362,28.992,Amber,0.8313341124741034,0,0.0181,0.0,0,0
2024-02-10 15:00:00,99.3995,108.50825,99.54599999999999,30.78125,Amber,-0.7737342684890638,0,0.0,0.0,0,0
2024-02-10 16:00:00,99.49575,103.485,99.69624999999999,36.88175,Amber,-0.3400535389177569,0,0.0,0.0,0,0
2024-02-10 17:00:00,99.23625,89.9605,99.60225,29.337249999999997,Amber,-1.0557112260973478,0,0.0,0.1617,0,0
2024-02-10 18:00:00,99.224,80.81775,99.45125,28.856749999999998,Red,-0.8508948729323519,0,0.0,0.3356,0,1
2024-02-10 19:00:00,99.589,63.93825,99.43525,33.02775,Amber,0.5532850592040911,0,0.0,0.1445,0,0
2024-02-10 20:00:00,99.38025,60.3835,99.49925,34.6955,Amber,-0.050437361412231464,0,0.0,0.1622,0,0
2024-02-10 21:00:00,99.6135,51.8275,99.50225,39.36175,Amber,1.1162172101900678,0,0.0,0.0,0,0
2024-02-10 22:00:00,99.6335,47.15075,99.5935,39.896249999999995,Amber,0.9843236234682811,0,0.0,0.0,0,0
2024-02-10 23:00:00,99.89150000000001,42.04425,99.4265,42.7665,Amber,1.462962738182072,0,0.0814,0.0,0,0
2024-02-11 00:00:00,99.49725,40.10675,99.51650000000001,49.6665,Amber,-0.6077569481470957,0,0.0,0.0,0,0
2024-02-11 01:00:00,99.53025,38.5925,99.4325,53.53075,Green,-0.3515579450130384,0,0.0,0.0,0,0
2024-02-11 02:00:00,99.911,38.8905,99.42025,51.12575,Amber,1.2921114559094398,0,0.1009,0.0,0,0
2024-02-11 03:00:00,99.64750000000001,50.998,99.387,56.79575,Amber,-0.2125827474725349,0,0.0,0.0,0,0
2024-02-11 04:00:00,99.84125,54.25475,99.4375,62.5945,Amber,0.6558641341335425,0,0.0311,0.0,0,0
2024-02-11 05:00:00,99.95425,74.126,99.39375,57.18375,Amber,1.1304940625807645,0,0.1753,0.0,0,0
2024-02-11 06:00:00,99.9085,87.8995,99.6725,56.01675,Green,0.6428997689290519,0,0.2737,0.0,0,0
2024-02-11 07:00:00,99.67750000000001,96.499,99.47925000000001,55.8815,Amber,-1.1212395555639796,0,0.1411,0.0,0,0
2024-02-11 08:00:00,99.77825,110.75325000000001,99.65325,60.713750000000005,Amber,-0.18622440464510126,0,0.1092,0.0,0,0
2024-02-11 09:00:00,99.97575,112.68299999999999,99.5855,54.79925,Green,1.052026230733756,0,0.2748,0.0,0,0
2024-02-11 10:00:00,99.818,116.46225,99.48725,46.926249999999996,Amber,-0.2962796644881581,0,0.2827,0.0,0,0
2024-02-11 11:00:00,99.7895,119.94149999999999,99.606,49.99525,Amber,-0.3346651765465437,0,0.2621,0.0,0,0
2024-02-11 12:00:00,99.441,121.08075,99.304,43.03975,Red,-1.7161672855755028,0,0.0,0.0,0,1
2024-02-11 13:00:00,99.32225,115.74825,99.3205,37.55825,Amber,-1.4598346759366612,0,0.0,0.0757,0,0
2024-02-11 14:00:00,99.118,119.5595,99.50200000000001,33.38875,Green,-1.3773121905905394,0,0.0,0.3556,0,0
2024-02-11 15:00:00,99.3485,108.586,99.426,35.412,Red,-0.44852405461355455,0,0.0,0.405,0,1
2024-02-11 16:00:00,99.37675,95.729,99.281,29.13225,Amber,-0.10261961466573691,0,0.0,0.4262,0,0
2024-02-11 17:00:00,98.89125,88.449,99.56675,31.73675,Red,-1.7339180821656206,0,0.0,0.9329,0,1
2024-02-11 18:00:00,99.2475,83.421,99.32775000000001,33.6125,Amber,0.16302449414374712,0,0.0,1.0833,0,0
2024-02-11 19:00:00,99.23925,66.67075,99.58825,35.7855,Amber,0.20020150718061266,0,0.0,1.242,0,0
2024-02-11 20:00:00,99.408,64.382,99.55475,31.36125,Amber,0.8239179483954185,0,0.0,1.2319,0,0
2024-02-11 21:00:00,99.3265,49.07025,99.45675,33.2705,Red,0.41766879565923665,0,0.0,1.3034,0,1
2024-02-11 22:00:00,99.322,49.847750000000005,99.5235,41.147,Amber,0.45767918843947547,0,0.0,1.3793,0,0
2024-02-11 23:00:00,99.743,42.51375,99.46625,44.76125,Green,1.9284798925489453,0,0.0,1.0342,0,0
2024-02-12 00:00:00,99.1895,46.25675,99.6,46.9435,Amber,-0.9222999714075378,0,0.0,1.2426,0,0
2024-02-12 01:00:00,99.7445,39.1,99.539,48.7315,Amber,1.2349736854993487,0,0.0,0.8961,0,0
2024-02-12 02:00:00,99.75675,35.45325,99.46,54.1285,Amber,0.9295392792742497,0,0.0,0.5373,0,0
2024-02-12 03:00:00,99.9295,52.93775,99.26425,59.565,Amber,1.0890880063489032,0,0.1194,0.0057,0,0
2024-02-12 04:00:00,99.879,71.93549999999999,99.51400000000001,57.466499999999996,Amber,0.6480243987957973,0,0.1883,0.0,0,0
2024-02-12 05:00:00,99.872,65.11825,99.28875,59.13375,Amber,0.5236831685643846,0,0.2502,0.0,0,0
2024-02-12 06:00:00,99.969,78.85675,99.517,61.88375,Amber,1.2177204135506874,0,0.4091,0.0,0,0
2024-02-12 07:00:00,99.8755,90.97725,99.40674999999999,57.97925,Amber,-0.06690476454887574,0,0.4745,0.0,0,0
2024-02-12 08:00:00,99.77425,93.6385,99.5675,56.685,Amber,-1.6586004727719224,0,0.4386,0.0,0,0
2024-02-12 09:00:00,99.708,113.5965,99.48625,54.554,Amber,-1.5096801730331952,0,0.3365,0.0,0,0
2024-02-12 10:00:00,99.5715,114.6045,99.43525,49.5175,Amber,-1.5756672297773868,0,0.0979,0.0,0,0
2024-02-12 11:00:00,99.36574999999999,124.74025,99.607,45.03725,Amber,-1.5866298137861201,0,0.0,0.0322,0,0
2024-02-12 12:00:00,99.50425,115.43575,99.30775,40.2995,Green,-0.6870303126561542,0,0.0,0.0,0,0
2024-02-12 13:00:00,99.7745,123.457,99.72475,43.131,Amber,0.9597555648465115,0,0.0,0.0,0,0
2024-02-12 14:00:00,99.577,117.2735,99.4165,34.7705,Green,-0.04467103079197672,0,0.0,0.0,0,0
2024-02-12 15:00:00,99.48775,101.34325,99.531,30.029,Green,-0.436577545623579,0,0.0,0.0,0,0
2024-02-12 16:00:00,99.42075,96.76425,99.42325,30.148,Amber,-0.7033439254196465,0,0.0,0.0,0,0
2024-02-12 17:00:00,99.38,95.2325,99.5445,32.58375,Amber,-1.025422196412145,0,0.0,0.0179,0,0
2024-02-12 18:00:00,99.5365,82.5195,99.607,28.928,Amber,0.05053080152758331,0,0.0,0.0,0,0
2024-02-12 19:00:00,99.47,71.44675000000001,99.48225,31.4195,Amber,-0.11958581920729555,0,0.0,0.0,0,0
2024-02-12 20:00:00,99.49325,56.367000000000004,99.68675,32.71625,Green,0.5103984889333897,0,0.0,0.0,0,0
2024-02-12 21:00:00,99.05675000000001,48.64825,99.4455,42.31525,Amber,-1.9369138421003764,0,0.0,0.3412,0,0
2024-02-12 22:00:00,99.613,42.78625,99.35925,39.018249999999995,Green,0.9595779881209229,0,0.0,0.1261,0,0
2024-02-12 23:00:00,99.5225,46.061,99.63749999999999,45.234249999999996,Amber,0.3727122038135765,0,0.0,0.0015,0,0
2024-02-13 00:00:00,99.6775,41.50925,99.53475,45.74775,Amber,0.9420358215554714,0,0.0,0.0,0,0
2024-02-13 01:00:00,99.8495,37.844750000000005,99.5155,49.5475,Amber,1.177206258734742,0,0.0394,0.0,0,0
2024-02-13 02:00:00,99.9305,43.7335,99.62275,53.73175,Green,1.0416930460363503,0,0.1598,0.0,0,0
2024-02-13 03:00:00,100.0,56.12025,99.50475,55.96725,Amber,1.2382628846924484,0,0.3497,0.0,0,0
2024-02-13 04:00:00,99.44775,64.0415,99.4405,57.619749999999996,Amber,-1.291466206124064,0,0.0,0.0,0,0
2024-02-13 05:00:00,99.92475,72.2105,99.7305,58.0465,Amber,0.5788613403971787,0,0.1146,0.0,0,0
2024-02-13 06:00:00,99.878,74.4335,99.70824999999999,62.787,Amber,0.1997466880123096,0,0.1825,0.0,0,0
2024-02-13 07:00:00,99.84925,91.7975,99.33875,55.86175,Amber,0.05487854143400225,0,0.2217,0.0,0,0
2024-02-13 08:00:00,99.69425,104.77425,99.72475,54.11175,Amber,-0.5246304522985578,0,0.1058,0.0,0,0
2024-02-13 09:00:00,99.79325,108.42825,99.53975,53.5765,Green,0.16474190200632163,0,0.089,0.0,0,0
2024-02-13 10:00:00,99.559,108.304,99.62475,51.354,Amber,-1.6549826522668984,0,0.0,0.0,0,0
2024-02-13 11:00:00,99.60675,124.30775,99.729,51.189499999999995,Green,-0.941312813453063,0,0.0,0.0,0,0
2024-02-13 12:00:00,99.74975,120.51750000000001,99.556,41.985,Amber,0.36975730972256804,0,0.0,0.0,0,0
2024-02-13 13:00:00,99.387,118.328,99.74625,40.7715,Amber,-1.6515509505880908,0,0.0,0.0109,0,0
2024-02-13 14:00:00,99.542,119.5635,99.46875,36.50675,Amber,-0.4334687276828392,0,0.0,0.0,0,0
2024-02-13 15:00:00,99.49125,105.12425,99.3685,29.36425,Amber,-0.5352617198896326,0,0.0,0.0,0,0
2024-02-13 16:00:00,98.90375,101.4,99.42025,31.613500000000002,Red,-1.8583669271603158,0,0.0,0.4942,0,1
2024-02-13 17:00:00,99.04175000000001,90.97625,99.52074999999999,27.98275,Red,-0.97125767137591,0,0.0,0.8504,0,1
2024-02-13 18:00:00,99.05225,79.187,99.2675,31.29975,Red,-0.6827497284299621,0,0.0,1.196,0,1
2024-02-13 19:00:00,99.0605,70.09625,99.623,30.263,Amber,-0.45635948695676193,0,0.0,1.5335,0,0
2024-02-13 20:00:00,99.10975,64.65,99.547,30.15625,Amber,-0.0006276195195850583,0,0.0,1.8216,0,0
2024-02-13 21:00:00,99.453,55.864000000000004,99.489,36.95525,Amber,1.893326008253199,0,0.0,1.7666,0,0
2024-02-13 22:00:00,99.44375,35.762249999999995,99.47675,35.5045,Red,1.2586728210615772,0,0.0,1.7208,0,1
2024-02-13 23:00:00,99.521,37.679249999999996,99.42075,46.34325,Green,1.1218745889874835,0,0.0,1.5977,0,0
2024-02-14 00:00:00,99.74025,38.3465,99.44125,41.85,Amber,1.3631810149696273,0,0.0,1.2554,0,0
2024-02-14 01:00:00,99.6865,45.036,99.45125,49.3335,Amber,0.8676977690327748,0,0.0,0.9668,0,0
2024-02-14 02:00:00,99.4885,50.15175,99.465,48.33275,Amber,-0.5297903327238136,0,0.0,0.8762,0,0
2024-02-14 03:00:00,99.9155,52.9155,99.43625,56.9005,Green,1.564964236314283,0,0.1054,0.3586,0,0
2024-02-14 04:00:00,99.68025,59.712,99.49199999999999,59.130250000000004,Amber,0.05309845864850168,0,0.0,0.0763,0,0
2024-02-14 05:00:00,99.80575,66.89125,99.28325,58.057,Amber,0.6033462054953315,0,0.0,0.0,0,0
2024-02-14 06:00:00,99.99275,70.48225,99.6395,66.4725,Amber,1.2692792588453254,0,0.1826,0.0,0,0
2024-02-14 07:00:00,99.8595,90.69149999999999,99.374,58.896249999999995,Amber,0.38065603293895206,0,0.232,0.0,0,0
2024-02-14 08:00:00,99.729,99.33325,99.645,57.96575,Amber,-0.8707606726719396,0,0.1509,0.0,0,0
2024-02-14 09:00:00,99.86875,103.6435,99.44024999999999,54.755,Green,0.4146746024033201,0,0.2096,0.0,0,0
2024-02-14 10:00:00,99.64475,114.92675,99.67525,52.32025,Green,-1.4243346714589127,0,0.0442,0.0,0,0
2024-02-14 11:00:00,99.587,121.27199999999999,99.286,53.8575,Amber,-1.2603518659648103,0,0.0,0.0,0,0
2024-02-14 12:00:00,99.10075,124.4555,99.40775,45.75425,Amber,-1.8731160198983314,0,0.0,0.2972,0,0
2024-02-14 13:00:00,99.43575,111.49025,99.41825,40.3575,Amber,-0.46798856854149934,0,0.0,0.2594,0,0
2024-02-14 14:00:00,99.6915,112.62774999999999,99.39125,35.75775,Amber,0.5193102161161801,0,0.0,0.0,0,0
2024-02-14 15:00:00,99.3625,103.30075000000001,99.7445,32.09225,Amber,-0.48997370230041004,0,0.0,0.0354,0,0
2024-02-14 16:00:00,99.65299999999999,102.6825,99.4675,33.70425,Amber,0.8183085723153605,0,0.0,0.0,0,0
2024-02-14 17:00:00,99.15175,87.326,99.1995,30.817999999999998,Amber,-1.0054955273212254,0,0.0,0.2462,0,0
2024-02-14 18:00:00,99.064,76.75399999999999,99.71525,29.63925,Amber,-1.2889823521681343,0,0.0,0.5801,0,0
2024-02-14 19:00:00,99.1625,72.632,99.31225,31.768750000000004,Amber,-0.6850514700705964,0,0.0,0.8155,0,0
2024-02-14 20:00:00,99.10650000000001,65.65675,99.4795,32.85125,Amber,-0.6450899445918993,0,0.0,1.107,0,0
2024-02-14 21:00:00,99.21475,49.56975,99.4525,38.9715,Amber,-0.049463024558618486,0,0.0,1.2901,0,0
2024-02-14 22:00:00,99.73425,44.785250000000005,99.41975000000001,37.30075,Amber,1.9971869999346177,0,0.0,0.9538,0,0
2024-02-14 23:00:00,99.57724999999999,40.467749999999995,99.46675,41.678,Amber,0.9645959194403702,0,0.0,0.7745,0,0
2024-02-15 00:00:00,99.644,37.159,99.67275000000001,51.48925,Amber,0.862162317281411,0,0.0,0.5284,0,0
2024-02-15 01:00:00,99.72825,46.47275,99.582,50.83475,Amber,0.8361354862995339,0,0.0,0.1981,0,0
2024-02-15 02:00:00,99.74674999999999,45.591750000000005,99.4165,53.642250000000004,Amber,0.6849387760933812,0,0.0,0.0,0,0
2024-02-15 03:00:00,99.90675,53.58725,99.536,54.37525,Amber,1.6516961290775012,0,0.0966,0.0,0,0
2024-02-15 04:00:00,99.47475,61.458,99.19200000000001,57.99125,Red,-1.3677831531012716,0,0.0,0.0,0,1
2024-02-15 05:00:00,100.0,68.02025,99.34875,60.20875,Amber,1.3375711804419204,0,0.1899,0.0,0,0
2024-02-15 06:00:00,99.7125,78.02375,99.389,59.40375,Amber,-0.2706153959990743,0,0.0923,0.0,0,0
2024-02-15 07:00:00,99.544,95.50475,99.3055,59.11175,Amber,-0.9236881397995143,0,0.0,0.0,0,0
2024-02-15 08:00:00,99.737,105.446,99.4625,52.3535,Amber,0.03875796496699505,0,0.0,0.0,0,0
2024-02-15 09:00:00,99.934,105.39775,99.48425,55.22075,Amber,0.9669331600276619,0,0.1239,0.0,0,0
2024-02-15 10:00:00,99.84325,107.03825,99.47225,51.604,Amber,0.29089811318750064,0,0.157,0.0,0,0
2024-02-15 11:00:00,99.67275000000001,116.94075,99.27175,48.1745,Amber,-0.5000784607972523,0,0.0197,0.0,0,0
2024-02-15 12:00:00,99.3285,115.74000000000001,99.371,44.7675,Amber,-1.6006704208783111,0,0.0,0.0694,0,0
2024-02-15 13:00:00,99.65925,124.01575,99.249,35.9725,Amber,-0.17542392524416,0,0.0,0.0,0,0
2024-02-15 14:00:00,99.28575000000001,113.03999999999999,99.44975,36.47625,Amber,-1.2665411698164237,0,0.0,0.1122,0,0
2024-02-15 15:00:00,99.452,100.5855,99.39425,36.11575,Amber,-0.40203225995051606,0,0.0,0.0581,0,0
2024-02-15 16:00:00,99.03625,104.66075000000001,99.54,30.05825,Amber,-1.522270421488435,0,0.0,0.4198,0,0
2024-02-15 17:00:00,99.663,86.16075,99.3615,35.2965,Amber,1.0759205043725706,0,0.0,0.1547,0,0
2024-02-15 18:00:00,99.31125,75.38175,99.46625,32.96075,Amber,-0.37222008775900617,0,0.0,0.2414,0,0
2024-02-15 19:00:00,99.43975,70.042,99.43925,31.974,Red,0.35859334481451965,0,0.0,0.1996,0,1
2024-02-15 20:00:00,99.5855,58.79775,99.481,35.22725,Amber,0.7691602061682946,0,0.0,0.012,0,0
2024-02-15 21:00:00,99.538,48.45475,99.5325,34.56075,Amber,0.4787666969481226,0,0.0,0.0,0,0
2024-02-15 22:00:00,99.661,47.09325,99.24625,32.423249999999996,Amber,0.9332566245245075,0,0.0,0.0,0,0
2024-02-15 23:00:00,99.30775,38.36125,99.36225,38.09775,Amber,-1.1366866450049378,0,0.0,0.0902,0,0
2024-02-16 00:00:00,99.19725,42.0285,99.3785,45.232,Red,-1.464604366866256,0,0.0,0.2909,0,1
2024-02-16 01:00:00,99.81325,35.69325,99.39,52.3155,Amber,1.2994467803584064,0,0.0031,0.0,0,0
2024-02-16 02:00:00,99.544,47.7775,99.507,55.79575,Amber,0.14950924808122035,0,0.0,0.0,0,0
2024-02-16 03:00:00,99.382,48.33975,99.49799999999999,53.17,Amber,-0.44227556673612145,0,0.0,0.0159,0,0
2024-02-16 04:00:00,99.84725,62.375499999999995,99.58675,58.1985,Amber,1.2342256429937748,0,0.0371,0.0,0,0
2024-02-16 05:00:00,99.92125,73.59,99.5085,59.94025,Amber,1.046990875511681,0,0.1483,0.0,0,0
2024-02-16 06:00:00,99.8305,86.42775,99.2155,63.1435,Green,0.5090989038043376,0,0.1687,0.0,0,0
2024-02-16 07:00:00,99.5405,85.348,99.32825,59.8465,Amber,-0.6315801444115264,0,0.0,0.0,0,0
2024-02-16 08:00:00,99.842,101.15174999999999,99.62025,56.625,Green,0.5350976080463998,0,0.0319,0.0,0,0
2024-02-16 09:00:00,100.0,111.19875,99.4555,54.1325,Amber,1.0890441683772505,0,0.2218,0.0,0,0
2024-02-16 10:00:00,99.369,112.824,99.63575,52.51775,Amber,-1.5686027377769811,0,0.0,0.0289,0,0
2024-02-16 11:00:00,100.0,119.74875,99.6925,45.6755,Green,0.9229027163860516,0,0.1899,0.0,0,0
2024-02-16 12:00:00,99.59049999999999,116.89675,99.515,42.338499999999996,Amber,-0.507844603289069,0,0.0,0.0,0,0
2024-02-16 13:00:00,99.805,119.878,99.50925,38.65075,Amber,0.15077144111766042,0,0.0,0.0,0,0
2024-02-16 14:00:00,99.876,116.05275,99.36525,36.2415,Amber,0.41118141713027356,0,0.0659,0.0,0,0
2024-02-16 15:00:00,99.46325,113.28375,99.61825,35.41075,Amber,-0.8891743062410385,0,0.0,0.0,0,0
2024-02-16 16:00:00,99.2775,83.63975,99.57675,27.134500000000003,Amber,-1.432943571734998,0,0.0,0.1204,0,0
2024-02-16 17:00:00,99.1815,87.5575,99.418,30.025750000000002,Amber,-1.258241394174822,0,0.0,0.3369,0,0
2024-02-16 18:00:00,99.44225,87.41125,99.44475,24.735,Amber,-0.23402385342999396,0,0.0,0.2925,0,0
2024-02-16 19:00:00,99.5385,69.3025,99.62225000000001,35.10475,Amber,0.31261484824124364,0,0.0,0.152,0,0
2024-02-16 20:00:00,99.07025,61.84825,99.63325,32.26875,Red,-1.418966614193023,0,0.0,0.4796,0,1
2024-02-16 21:00:00,99.07499999999999,53.94975,99.65174999999999,36.3135,Red,-0.9771867793979484,0,0.0,0.8026,0,1
2024-02-16 22:00:00,99.7165,41.685500000000005,99.5525,40.05775,Amber,1.4137006893006856,0,0.0,0.484,0,0
2024-02-16 23:00:00,99.65625,44.457,99.51525000000001,38.6525,Amber,0.8482811086201091,0,0.0,0.2257,0,0
2024-02-17 00:00:00,99.40225000000001,44.632,99.57425,44.996750000000006,Amber,-0.026703621067820166,0,0.0,0.2214,0,0
2024-02-17 01:00:00,99.7275,44.97275,99.51275,52.01775,Green,0.926412596025049,0,0.0,0.0,0,0
2024-02-17 02:00:00,99.9015,52.98975,99.419,56.87325,Amber,1.0890700829791649,0,0.0914,0.0,0,0
2024-02-17 03:00:00,99.811,61.34825,99.466,55.71325,Amber,0.6382719748215143,0,0.0923,0.0,0,0
2024-02-17 04:00:00,99.90675,60.312,99.57325,61.7395,Amber,0.9094427769550885,0,0.1889,0.0,0,0
2024-02-17 05:00:00,99.809,72.481,99.41024999999999,65.062,Amber,0.26324650689799967,0,0.1878,0.0,0,0
2024-02-17 06:00:00,99.934,79.0335,99.4,64.443,Amber,1.0864039310160574,0,0.3117,0.0,0,0
2024-02-17 07:00:00,99.55175,91.16575,99.721,61.332750000000004,Amber,-1.8962211042408788,0,0.0533,0.0,0,0
2024-02-17 08:00:00,99.94625,104.6,99.43775,55.67,Amber,0.8136847705205458,0,0.1895,0.0,0,0
2024-02-17 09:00:00,99.9455,111.0505,99.343,53.01775,Amber,0.625571992941714,0,0.3249,0.0,0,0
2024-02-17 10:00:00,99.69275,117.81975,99.66325,53.42775,Amber,-0.7394670112338212,0,0.2075,0.0,0,0
2024-02-17 11:00:00,99.67099999999999,115.09275,99.66325,51.344500000000004,Amber,-0.688912009147011,0,0.0684,0.0,0,0
2024-02-17 12:00:00,99.53225,124.69624999999999,99.49825,41.3065,Amber,-1.0398952801110728,0,0.0,0.0,0,0
2024-02-17 13:00:00,99.56775,118.77250000000001,99.61500000000001,39.32175,Amber,-0.8749233007251292,0,0.0,0.0,0,0
2024-02-17 14:00:00,99.52799999999999,108.58725,99.554,35.739000000000004,Amber,-0.8112771741119448,0,0.0,0.0,0,0
2024-02-17 15:00:00,99.37525,109.59825000000001,99.548,30.36175,Amber,-1.6191527679849864,0,0.0,0.0227,0,0
2024-02-17 16:00:00,99.456,96.54325,99.55175,29.164250000000003,Green,-0.6549504423013018,0,0.0,0.0,0,0
2024-02-17 17:00:00,99.40525,92.232,99.27074999999999,31.4195,Green,-0.9343152739573128,0,0.0,0.0,0,0
2024-02-17 18:00:00,99.77025,78.7505,99.37674999999999,28.76425,Amber,1.7627475745107657,0,0.0,0.0,0,0
2024-02-17 19:00:00,99.17525,71.8305,99.615,31.275750000000002,Red,-1.4115348888651909,0,0.0,0.2227,0,1
2024-02-17 20:00:00,99.27225,61.24375,99.67824999999999,33.43125,Amber,-0.6719644317992185,0,0.0,0.3484,0,0
2024-02-17 21:00:00,99.76925,58.2765,99.59525,29.152749999999997,Amber,1.1830245294081356,0,0.0,0.0,0,0
2024-02-17 22:00:00,99.8605,40.809,99.46475000000001,39.73775,Amber,1.084195876717386,0,0.0504,0.0,0,0
2024-02-17 23:00:00,99.501,37.545,99.324,41.92075,Amber,-0.19871878944646154,0,0.0,0.0,0,0
2024-02-18 00:00:00,99.4555,39.351,99.544,46.91825,Amber,-0.18639629055208884,0,0.0,0.0,0,0
2024-02-18 01:00:00,99.76525000000001,45.247,99.40299999999999,50.2035,Amber,0.7048471401519323,0,0.0,0.0,0,0
2024-02-18 02:00:00,99.54175,43.331,99.33475,54.591,Red,-0.632217492437398,0,0.0,0.0,0,1
2024-02-18 03:00:00,99.79475,58.70025,99.50725,56.99375,Amber,0.8170295391402175,0,0.0,0.0,0,0
2024-02-18 04:00:00,99.8155,55.2415,99.4795,60.6445,Amber,1.0405544130891247,0,0.0054,0.0,0,0
2024-02-18 05:00:00,99.73875,72.15325,99.48775,59.96825,Amber,0.3581101496550566,0,0.0,0.0,0,0
2024-02-18 06:00:00,99.54875,83.66575,99.6545,63.77275,Amber,-1.233279064781849,0,0.0,0.0,0,0
2024-02-18 07:00:00,99.22375,89.85249999999999,99.7375,58.413,Red,-1.7279324476719922,0,0.0,0.1742,0,1
2024-02-18 08:00:00,99.95625,104.27725000000001,99.4525,58.589749999999995,Amber,1.0660207962949324,0,0.1461,0.0,0,0
2024-02-18 09:00:00,99.75875,106.5945,99.61225,50.5215,Amber,0.3316128810163855,0,0.0948,0.0,0,0
2024-02-18 10:00:00,99.6125,113.017,99.485,51.0285,Amber,-0.11028149933598687,0,0.0,0.0,0,0
2024-02-18 11:00:00,99.95,118.851,99.53975,43.92875,Amber,0.9907577875582447,0,0.1399,0.0,0,0
2024-02-18 12:00:00,99.444,120.37925,99.5615,47.69225,Amber,-0.7360830548614609,0,0.0,0.0,0,0
2024-02-18 13:00:00,99.524,123.989,99.32300000000001,42.112,Amber,-0.8460171847166338,0,0.0,0.0,0,0
2024-02-18 14:00:00,99.64,110.86625000000001,99.33375,37.88725,Amber,-0.08276614086498645,0,0.0,0.0,0,0
2024-02-18 15:00:00,99.24375,110.47,99.251,34.9815,Amber,-1.385709055266169,0,0.0,0.1542,0,0
2024-02-18 16:00:00,99.33800000000001,99.682,99.7285,30.33125,Green,-0.7388472801006859,0,0.0,0.2141,0,0
2024-02-18 17:00:00,99.76875,91.1495,99.45325,36.12675,Amber,1.4248304889411578,0,0.0,0.0,0,0
2024-02-18 18:00:00,99.363,81.64775,99.65,28.884249999999998,Amber,-0.5820752979336855,0,0.0,0.0349,0,0
2024-02-18 19:00:00,99.1555,66.238,99.59375,27.565,Amber,-1.1079851022870078,0,0.0,0.2774,0,0
2024-02-18 20:00:00,99.236,61.809999999999995,99.328,32.32125,Amber,-0.5265858825074875,0,0.0,0.4393,0,0
2024-02-18 21:00:00,99.6465,47.2195,99.49775,34.99075,Amber,0.9544249638705352,0,0.0,0.1907,0,0
2024-02-18 22:00:00,99.7055,48.89525,99.463,40.14975,Amber,0.8671890175240196,0,0.0,0.0,0,0
2024-02-18 23:00:00,99.502,50.317750000000004,99.35300000000001,43.2845,Amber,0.3036209299479135,0,0.0,0.0,0,0
2024-02-19 00:00:00,99.79,43.7685,99.48575,45.12775,Amber,1.0959360268300757,0,0.0,0.0,0,0
2024-02-19 01:00:00,99.822,50.53225,99.54625,52.73275,Amber,0.9375647751092997,0,0.0119,0.0,0,0
2024-02-19 02:00:00,99.9505,50.28475,99.51575,54.51675,Amber,1.3839456662745604,0,0.1523,0.0,0,0
2024-02-19 03:00:00,100.0,52.320750000000004,99.20175,53.42175,Amber,1.1430647588874379,0,0.3422,0.0,0,0
2024-02-19 04:00:00,99.9555,62.4565,99.33125,59.7195,Amber,0.6479961933052054,0,0.4876,0.0,0,0
2024-02-19 05:00:00,99.52825,69.7745,99.68625,57.232749999999996,Green,-1.7989843327904846,0,0.2057,0.0,0,0
2024-02-19 06:00:00,99.843,85.53725,99.4825,60.5115,Amber,-0.03994845529085938,0,0.2386,0.0,0,0
2024-02-19 07:00:00,99.86675,92.9005,99.455,62.79625,Amber,0.05487052308392997,0,0.2952,0.0,0,0
2024-02-19 08:00:00,99.69624999999999,102.18375,99.6105,57.47625,Amber,-0.6769434185356713,0,0.1814,0.0,0,0
2024-02-19 09:00:00,99.97075,113.528,99.63525,53.303,Green,0.9479148904303502,0,0.342,0.0,0,0
2024-02-19 10:00:00,99.70675,116.1345,99.413,50.964,Amber,-0.3947229110077321,0,0.2387,0.0,0,0
2024-02-19 11:00:00,99.68549999999999,120.08574999999999,99.58475,50.88125,Green,-0.9384241216023981,0,0.1141,0.0,0,0
2024-02-19 12:00:00,99.56025,123.54625,99.57124999999999,45.90625,Amber,-1.279917146620874,0,0.0,0.0,0,0
2024-02-19 13:00:00,99.5135,115.10875,99.27375,38.24175,Amber,-1.0995350360345515,0,0.0,0.0,0,0
2024-02-19 14:00:00,99.5825,111.92175,99.2865,39.10575,Amber,-0.5293318978436906,0,0.0,0.0,0,0
2024-02-19 15:00:00,99.196,102.22200000000001,99.36574999999999,36.4675,Amber,-1.8684222515012552,0,0.0,0.2019,0,0
2024-02-19 16:00:00,99.53575000000001,104.46775,99.50399999999999,33.789500000000004,Green,0.14154442762182542,0,0.0,0.0641,0,0
2024-02-19 17:00:00,99.2955,83.02225,99.40275,29.95175,Amber,-0.9431561843594368,0,0.0,0.1665,0,0
2024-02-19 18:00:00,99.015,78.07075,99.23225,27.35625,Amber,-1.5147289246579902,0,0.0,0.5495,0,0
2024-02-19 19:00:00,99.158,71.14225,99.59425,38.642,Red,-0.6252446011632339,0,0.0,0.7894,0,1
2024-02-19 20:00:00,99.5685,67.78325000000001,99.47675,35.99075,Amber,1.2499978662995015,0,0.0,0.6188,0,0
2024-02-19 21:00:00,99.1445,50.47325,99.641,34.33575,Amber,-0.6310706333318871,0,0.0,0.8723,0,0
2024-02-19 22:00:00,99.4185,39.99575,99.4675,42.78175,Amber,0.7497465131500731,0,0.0,0.8517,0,0
2024-02-19 23:00:00,99.292,44.769999999999996,99.5705,38.5365,Amber,0.12803523085455912,0,0.0,0.9576,0,0
2024-02-20 00:00:00,99.52275,46.517250000000004,99.3125,47.306,Amber,0.9478273484372446,0,0.0,0.8328,0,0
2024-02-20 01:00:00,99.52225,39.61525,99.32175,50.1415,Amber,0.6747367618106938,0,0.0,0.7085,0,0
2024-02-20 02:00:00,99.6495,46.06175,99.362,55.706,Green,1.2332137882123007,0,0.0,0.4569,0,0
2024-02-20 03:00:00,99.8375,56.04775,99.37025,57.39525,Amber,1.577312987055169,0,0.0274,0.0173,0,0
2024-02-20 04:00:00,99.844,60.58625,99.418,55.52375,Green,1.0980256062156442,0,0.0613,0.0,0,0
2024-02-20 05:00:00,99.845,77.90925,99.5005,61.17625,Amber,0.8908126665177954,0,0.0962,0.0,0,0
2024-02-20 06:00:00,99.99225,81.99275,99.544,58.681,Amber,1.2574201797022417,0,0.2783,0.0,0,0
2024-02-20 07:00:00,99.70875000000001,91.3445,99.3845,58.063500000000005,Amber,-0.8654641551305092,0,0.177,0.0,0,0
2024-02-20 08:00:00,99.7385,108.15125,99.2475,57.3665,Amber,-0.893065693200272,0,0.1053,0.0,0,0
2024-02-20 09:00:00,99.684,103.28,99.50525,54.86875,Amber,-1.0242216336248668,0,0.0,0.0,0,0
2024-02-20 10:00:00,99.761,111.414,99.40025,54.45675,Amber,-0.23855370918225932,0,0.0,0.0,0,0
2024-02-20 11:00:00,99.52625,117.431,99.40825,41.048,Amber,-1.3849351622960513,0,0.0,0.0,0,0
2024-02-20 12:00:00,99.42175,117.79375,99.42725,40.866749999999996,Amber,-1.6129716062262882,0,0.0,0.0,0,0
2024-02-20 13:00:00,99.89150000000001,131.249,99.41975,44.74225,Amber,1.299900410728181,0,0.0814,0.0,0,0
2024-02-20 14:00:00,99.74975,114.04825,99.264,37.35275,Amber,0.45255872956129284,0,0.021,0.0,0,0
2024-02-20 15:00:00,99.051,112.3885,99.523,34.5865,Amber,-1.690988355125602,0,0.0,0.3469,0,0
2024-02-20 16:00:00,99.22675,100.86675,99.57300000000001,33.858999999999995,Amber,-0.7973689526275236,0,0.0,0.5181,0,0
2024-02-20 17:00:00,99.65725,90.11500000000001,99.76050000000001,27.398,Amber,0.48735172160432083,0,0.0,0.2588,0,0
2024-02-20 18:00:00,99.07325,80.80875,99.523,29.4295,Amber,-1.0000480813921353,0,0.0,0.5835,0,0
2024-02-20 19:00:00,99.34225,67.2045,99.65875,28.16425,Amber,-0.026402727711781083,0,0.0,0.6391,0,0
2024-02-20 20:00:00,99.67125,62.74925,99.6665,30.25,Amber,1.2160872365726714,0,0.0,0.3658,0,0
2024-02-20 21:00:00,99.55,56.70075,99.61125,32.673,Amber,0.530265281422927,0,0.0,0.2138,0,0
2024-02-20 22:00:00,99.42925,46.9135,99.5865,40.4225,Amber,-0.10887170163491307,0,0.0,0.1824,0,0
2024-02-20 23:00:00,99.43025,43.52575,99.4415,45.529250000000005,Amber,0.06993092479592693,0,0.0,0.1501,0,0
2024-02-21 00:00:00,99.50399999999999,34.356750000000005,99.45100000000001,40.85775,Amber,0.1410228343722022,0,0.0,0.044,0,0
2024-02-21 01:00:00,99.45425,39.23,99.50675,53.357,Amber,-0.5598393993943924,0,0.0,0.0,0,0
2024-02-21 02:00:00,99.73875,46.766,99.587,55.487,Amber,1.8732730729185618,0,0.0,0.0,0,0
2024-02-21 03:00:00,99.79825,45.932500000000005,99.408,53.696,Amber,1.4448192895574803,0,0.0,0.0,0,0
2024-02-21 04:00:00,99.83525,67.9205,99.383,60.782,Amber,1.1343184433566325,0,0.0251,0.0,0,0
2024-02-21 05:00:00,99.9515,74.07124999999999,99.42699999999999,57.1545,Amber,1.2188158880266504,0,0.1665,0.0,0,0
2024-02-21 06:00:00,100.0,84.58975000000001,99.58,60.81225,Amber,1.0519774505699324,0,0.3564,0.0,0,0
2024-02-21 07:00:00,99.8715,84.31625,99.528,59.141000000000005,Amber,0.058002265641706345,0,0.4178,0.0,0,0
2024-02-21 08:00:00,99.50575,99.775,99.48375,54.67225,Amber,-1.8457377099662604,0,0.1135,0.0,0,0
2024-02-21 09:00:00,99.91325,108.3455,99.33,53.45,Amber,0.37966499409694404,0,0.2166,0.0,0,0
2024-02-21 10:00:00,99.737,112.57925,99.4695,51.82475,Amber,-0.509332685030142,0,0.1435,0.0,0,0
2024-02-21 11:00:00,99.69825,127.77425,99.821,46.4435,Green,-0.5028944420403367,0,0.0316,0.0,0,0
2024-02-21 12:00:00,99.56625,116.4485,99.6795,41.741749999999996,Amber,-0.9229039812989266,0,0.0,0.0,0,0
2024-02-21 13:00:00,99.739,119.59475,99.53775,38.70775,Amber,0.31765106233494966,0,0.0,0.0,0,0
2024-02-21 14:00:00,99.60849999999999,109.78875,99.32225,34.85325,Amber,-0.8374972872960285,0,0.0,0.0,0,0
2024-02-21 15:00:00,99.632,110.267,99.5525,34.187,Amber,-0.4386447949112061,0,0.0,0.0,0,0
2024-02-21 16:00:00,99.282,96.6435,99.60375,28.96975,Amber,-1.8853898056463134,0,0.0,0.1159,0,0
2024-02-21 17:00:00,99.31575,93.423,99.2525,30.27925,Amber,-1.133128059543389,0,0.0,0.1981,0,0
2024-02-21 18:00:00,99.6545,78.40350000000001,99.398,25.355,Amber,0.6061717390003206,0,0.0,0.0,0,0
2024-02-21 19:00:00,98.67750000000001,70.37575000000001,99.59325,33.855000000000004,Red,-1.8334792263677226,0,0.0,0.7204,0,1
2024-02-21 20:00:00,99.38225,62.72625,99.5555,31.94125,Green,0.1644559673488962,0,0.0,0.7361,0,0
2024-02-21 21:00:00,99.489,55.129999999999995,99.3265,33.698750000000004,Amber,0.5661541613623335,0,0.0,0.645,0,0
2024-02-21 22:00:00,99.73625,44.0155,99.21275,41.33,Amber,0.9552047513288172,0,0.0,0.3067,0,0
2024-02-21 23:00:00,99.5825,45.55575,99.44575,45.224,Amber,0.4218451870585734,0,0.0,0.1221,0,0
2024-02-22 00:00:00,99.69675,34.23075,99.33875,46.161,Amber,0.6908519065660685,0,0.0,0.0,0,0
2024-02-22 01:00:00,99.85225,44.24525,99.32175,53.25725,Amber,1.3298278430938586,0,0.0421,0.0,0,0
2024-02-22 02:00:00,99.499,46.68675,99.56675,52.860749999999996,Amber,-0.9983514643309198,0,0.0,0.0,0,0
2024-02-22 03:00:00,99.822,55.57625,99.4265,58.44225,Amber,0.905501309273879,0,0.0119,0.0,0,0
2024-02-22 04:00:00,99.87275,58.28125,99.493,59.891,Amber,0.9823571844854372,0,0.0745,0.0,0,0
2024-02-22 05:00:00,99.90299999999999,64.84049999999999,99.68025,63.883500000000005,Amber,0.8435160825873391,0,0.1674,0.0,0,0
2024-02-22 06:00:00,99.737,73.904,99.5385,60.292500000000004,Amber,-0.2946198468185252,0,0.0943,0.0,0,0
2024-02-22 07:00:00,99.65775,89.92349999999999,99.5195,55.63575,Amber,-0.598083397539775,0,0.0,0.0,0,0
2024-02-22 08:00:00,99.61475,96.30325,99.76875,53.21075,Amber,-1.3061859114515608,0,0.0,0.0,0,0
2024-02-22 09:00:00,99.7925,104.801,99.5565,55.8225,Amber,0.2566475299883802,0,0.0,0.0,0,0
2024-02-22 10:00:00,100.0,117.432,99.24675,52.75175,Amber,1.4707217178609937,0,0.1899,0.0,0,0
2024-02-22 11:00:00,99.8315,124.27275,99.3445,50.42775,Amber,0.42995837470464626,0,0.2113,0.0,0,0
2024-02-22 12:00:00,99.39875,116.02875,99.4805,51.78475,Red,-1.5323781829899035,0,0.0,0.0,0,1
2024-02-22 13:00:00,99.526,116.67999999999999,99.0915,38.46375,Amber,-0.7602451735914333,0,0.0,0.0,0,0
2024-02-22 14:00:00,99.75,109.9295,99.46825,36.15375,Amber,0.15381851898989396,0,0.0,0.0,0,0
2024-02-22 15:00:00,99.1855,111.64224999999999,99.61275,35.21375,Red,-1.4287120220393634,0,0.0,0.2124,0,1
2024-02-22 16:00:00,99.4485,109.003,99.50525,30.8285,Amber,-0.3155022303214083,0,0.0,0.1619,0,0
2024-02-22 17:00:00,99.288,93.9505,99.41825,32.69425,Amber,-0.7372905275237269,0,0.0,0.2718,0,0
2024-02-22 18:00:00,99.622,82.9185,99.56475,25.596,Amber,0.7260081286994767,0,0.0,0.0477,0,0
2024-02-22 19:00:00,99.27875,72.201,99.49175,28.01025,Amber,-0.681418875630146,0,0.0,0.1669,0,0
2024-02-22 20:00:00,99.37625,61.694250000000004,99.51050000000001,32.529250000000005,Green,0.06327364367459845,0,0.0,0.1886,0,0
2024-02-22 21:00:00,99.7985,47.803,99.27275,35.29475,Amber,1.6095848343435393,0,0.0,0.0,0,0
2024-02-22 22:00:00,99.346,44.68575,99.53075,40.73425,Amber,-0.5001233330711125,0,0.0,0.0519,0,0
2024-02-22 23:00:00,99.89625000000001,38.62925,99.34575,40.3635,Amber,1.331920256181598,0,0.0861,0.0,0,0
2024-02-23 00:00:00,99.33500000000001,41.73225,99.766,43.9035,Amber,-0.6329947224607608,0,0.0,0.0629,0,0
2024-02-23 01:00:00,99.62475,46.06575,99.60300000000001,41.54875,Amber,0.251159738459782,0,0.0,0.0,0,0
2024-02-23 02:00:00,99.68424999999999,41.45825,99.34700000000001,55.722750000000005,Amber,0.3026563143636398,0,0.0,0.0,0,0
2024-02-23 03:00:00,99.997,43.11325,99.549,60.028999999999996,Amber,1.2781912204142611,0,0.1869,0.0,0,0
2024-02-23 04:00:00,99.8655,54.31825,99.49875,61.567499999999995,Amber,0.550317714202269,0,0.2423,0.0,0,0
2024-02-23 05:00:00,99.80250000000001,69.1075,99.41375,54.61425,Amber,0.3675284988571543,0,0.2347,0.0,0,0
2024-02-23 06:00:00,99.80175,78.72875,99.75575,60.3035,Amber,0.043875962896933685,0,0.2263,0.0,0,0
2024-02-23 07:00:00,99.71875,86.58225,99.26275,56.82625,Amber,-0.8320492342902456,0,0.135,0.0,0,0
2024-02-23 08:00:00,99.67525,97.40950000000001,99.463,51.8395,Amber,-1.186059980975922,0,0.0001,0.0,0,0
2024-02-23 09:00:00,99.7905,109.66425000000001,99.46925,55.749,Amber,0.21802756318644856,0,0.0,0.0,0,0
2024-02-23 10:00:00,99.95175,115.88625,99.62625,50.147,Green,1.7097923901400385,0,0.1416,0.0,0,0
2024-02-23 11:00:00,99.663,114.432,99.44175,45.5565,Amber,-0.9686354584748087,0,0.0,0.0,0,0
2024-02-23 12:00:00,99.64175,116.2015,99.57175,46.2965,Amber,-0.8463192733063508,0,0.0,0.0,0,0
2024-02-23 13:00:00,99.64275,121.72375,99.64725,37.689,Amber,-0.6888513349201997,0,0.0,0.0,0,0
2024-02-23 14:00:00,99.61175,108.388,99.748,37.63825,Amber,-0.8033891995384095,0,0.0,0.0,0,0
2024-02-23 15:00:00,99.6305,107.05725,99.5515,33.63925,Amber,-0.4624545463091072,0,0.0,0.0,0,0
2024-02-23 16:00:00,99.31575,101.838,99.32925,33.11725,Red,-2.024842676594531,0,0.0,0.0822,0,1
2024-02-23 17:00:00,99.40625,86.69575,99.582,31.063499999999998,Amber,-0.9447355253248068,0,0.0,0.0739,0,0
2024-02-23 18:00:00,99.16775,84.033,99.27875,30.093,Amber,-1.493973954179535,0,0.0,0.304,0,0
2024-02-23 19:00:00,99.5595,74.16225,99.545,34.908,Amber,0.6009581592608255,0,0.0,0.1425,0,0
2024-02-23 20:00:00,99.09975,64.24475,99.46424999999999,33.6125,Amber,-1.2513772754550139,0,0.0,0.4406,0,0
2024-02-23 21:00:00,99.5195,49.37525,99.45175,37.21725,Amber,0.9404615414003316,0,0.0,0.3191,0,0
2024-02-23 22:00:00,99.1685,41.6715,99.64425,40.03,Green,-0.759983779769571,0,0.0,0.5485,0,0
2024-02-23 23:00:00,99.64375000000001,45.081,99.51650000000001,38.0855,Amber,1.1849782879552542,0,0.0,0.3027,0,0
2024-02-24 00:00:00,99.54050000000001,38.7755,99.56725,47.376000000000005,Green,0.5202874251107461,0,0.0,0.1601,0,0
2024-02-24 01:00:00,99.657,43.313250000000004,99.48975,49.32525,Amber,0.9017088839505206,0,0.0,0.0,0,0
2024-02-24 02:00:00,99.55325,42.495000000000005,99.17475,52.15425,Amber,0.2215558545845871,0,0.0,0.0,0,0
2024-02-24 03:00:00,99.818,45.96025,99.345,54.03675,Amber,1.1699161327037042,0,0.0079,0.0,0,0
2024-02-24 04:00:00,99.877,62.43925,99.39949999999999,55.88225,Amber,1.4161606133711018,0,0.0748,0.0,0,0
2024-02-24 05:00:00,99.9365,67.33675,99.55475,60.535,Amber,1.2126081084010638,0,0.2012,0.0,0,0
2024-02-24 06:00:00,99.7355,80.46575,99.514,61.51575,Amber,-0.1915596190405084,0,0.1266,0.0,0,0
2024-02-24 07:00:00,99.9755,89.82675,99.17175,62.36075,Amber,1.0332727012872744,0,0.292,0.0,0,0
2024-02-24 08:00:00,99.67575,94.8335,99.47874999999999,59.372749999999996,Amber,-1.3840300752998786,0,0.1576,0.0,0,0
2024-02-24 09:00:00,99.76925,108.82825,99.628,55.61525,Amber,-0.4947095148824214,0,0.1167,0.0,0,0
2024-02-24 10:00:00,99.724,112.817,99.43350000000001,46.271,Amber,-0.6399816338902301,0,0.0306,0.0,0,0
2024-02-24 11:00:00,99.99325,125.01225000000001,99.53075,43.182500000000005,Green,1.3234022934824592,0,0.2138,0.0,0,0
2024-02-24 12:00:00,99.63475,120.38275,99.37174999999999,43.73275,Amber,-1.0481318715305885,0,0.0384,0.0,0,0
2024-02-24 13:00:00,99.646,114.887,99.57575,39.049499999999995,Amber,-0.7071671115529683,0,0.0,0.0,0,0
2024-02-24 14:00:00,99.58324999999999,116.182,99.35575,34.7825,Amber,-0.9632881923205191,0,0.0,0.0,0,0
2024-02-24 15:00:00,99.31875000000001,103.7495,99.18925,31.298000000000002,Amber,-1.519152546388955,0,0.0,0.0792,0,0
2024-02-24 16:00:00,99.395,99.572,99.656,33.8455,Green,-0.8470147473862627,0,0.0,0.0821,0,0
2024-02-24 17:00:00,98.91725,85.39699999999999,99.775,31.354999999999997,Red,-1.791255193486928,0,0.0,0.5628,0,1
2024-02-24 18:00:00,99.2035,81.42,99.19149999999999,33.2175,Amber,-0.5282188274740769,0,0.0,0.7572,0,0
2024-02-24 19:00:00,99.55625,68.32975,99.46375,30.531750000000002,Amber,0.918551112672967,0,0.0,0.5989,0,0
2024-02-24 20:00:00,99.56025,64.4705,99.47375,32.41525,Green,0.9681832649311173,0,0.0,0.4366,0,0
2024-02-24 21:00:00,99.67099999999999,53.24975,99.327,35.7615,Amber,1.023282240932246,0,0.0,0.1635,0,0
2024-02-24 22:00:00,99.5605,48.65825,99.509,36.7725,Amber,0.5141401204789275,0,0.0,0.0009,0,0
2024-02-24 23:00:00,99.2225,43.6475,99.358,40.05,Amber,-1.2110285700147114,0,0.0,0.1764,0,0
2024-02-25 00:00:00,99.84475,37.158,99.55375,49.16925,Amber,1.3548174952705097,0,0.0346,0.0,0,0
2024-02-25 01:00:00,99.8015,46.997749999999996,99.49924999999999,49.348,Amber,0.8550460547403379,0,0.026,0.0,0,0
2024-02-25 02:00:00,99.88675,57.568,99.61,53.47525,Amber,0.8971086136096613,0,0.1027,0.0,0,0
2024-02-25 03:00:00,99.62375,50.592999999999996,99.49275,58.255250000000004,Amber,-0.13243079117353265,0,0.0,0.0,0,0
2024-02-25 04:00:00,100.0,60.728,99.4575,56.3505,Amber,0.9739745620238021,0,0.1899,0.0,0,0
2024-02-25 05:00:00,99.93075,68.34925,99.4365,65.45775,Amber,0.639400546412135,0,0.3105,0.0,0,0
2024-02-25 06:00:00,99.843,82.3745,99.24000000000001,59.62325,Amber,-0.03569803572214206,0,0.3434,0.0,0,0
2024-02-25 07:00:00,99.7365,92.2865,99.543,55.5175,Amber,-0.7336223185893377,0,0.2698,0.0,0,0
2024-02-25 08:00:00,99.7405,106.025,99.094,59.9515,Amber,-0.5172493149814718,0,0.2002,0.0,0,0
2024-02-25 09:00:00,99.68275,108.247,99.34925,58.42275,Amber,-1.12198120303607,0,0.0728,0.0,0,0
2024-02-25 10:00:00,99.77425,118.3005,99.39099999999999,48.92425,Amber,-0.11671405300818667,0,0.037,0.0,0,0
2024-02-25 11:00:00,99.735,124.56625,99.61825,45.356,Amber,-0.318627833309224,0,0.0,0.0,0,0
2024-02-25 12:00:00,99.4125,128.275,99.35974999999999,41.7025,Green,-1.9921079485005393,0,0.0,0.0,0,0
2024-02-25 13:00:00,99.56675,120.96475,99.39675,40.70775,Amber,-0.6173878581844835,0,0.0,0.0,0,0
2024-02-25 14:00:00,99.41475,114.3235,99.4815,30.724249999999998,Amber,-1.1523474085032004,0,0.0,0.0,0,0
2024-02-25 15:00:00,99.1075,111.26975,99.46525,30.5055,Red,-1.5994467978164786,0,0.0,0.2904,0,1
2024-02-25 16:00:00,99.21875,101.90375,99.57825,32.0835,Amber,-0.8379534212974415,0,0.0,0.4696,0,0
2024-02-25 17:00:00,99.28275,90.07825,99.59225,32.70325,Amber,-0.31196360714102844,0,0.0,0.5848,0,0
2024-02-25 18:00:00,99.613,84.11425,99.21925,28.5445,Amber,1.2314864941182777,0,0.0,0.3697,0,0
2024-02-25 19:00:00,98.8425,70.4445,99.709,36.158,Red,-1.533165789412901,0,0.0,0.9251,0,1
2024-02-25 20:00:00,99.35725,62.3215,99.35025,33.73125,Amber,0.4677652322185796,0,0.0,0.9658,0,0
2024-02-25 21:00:00,99.382,52.1685,99.54650000000001,35.7455,Amber,0.3910321287231636,0,0.0,0.9818,0,0
2024-02-25 22:00:00,99.32775,41.235,99.39925,37.302,Amber,0.10650940498096872,0,0.0,1.0519,0,0
2024-02-25 23:00:00,99.63974999999999,37.964,99.32849999999999,45.7885,Amber,0.9737144827202945,0,0.0,0.8101,0,0
2024-02-26 00:00:00,99.51875,43.65575,99.693,46.76025,Amber,0.63874536156498,0,0.0,0.6893,0,0
2024-02-26 01:00:00,99.58275,47.4185,99.49275,51.5035,Amber,0.8819918629774259,0,0.0,0.5045,0,0
2024-02-26 02:00:00,99.755,40.298,99.58425,55.7415,Amber,1.3776843043773876,0,0.0,0.1474,0,0
2024-02-26 03:00:00,99.418,56.81225,99.681,58.027249999999995,Amber,-0.7950175316980488,0,0.0,0.1273,0,0
2024-02-26 04:00:00,99.818,61.3795,99.5295,59.68575,Amber,1.3197287208797766,0,0.0079,0.0,0,0
2024-02-26 05:00:00,99.76275,68.37675,99.5445,56.08175,Amber,0.7536581716436872,0,0.0,0.0,0,0
2024-02-26 06:00:00,99.80175,80.98975,99.75225,59.08975,Amber,0.7118221770129963,0,0.0,0.0,0,0
2024-02-26 07:00:00,99.6905,92.537,99.61175,56.414500000000004,Amber,-0.1154748571674709,0,0.0,0.0,0,0
2024-02-26 08:00:00,99.799,96.12025,99.33225,56.216499999999996,Amber,0.550822892690517,0,0.0,0.0,0,0
2024-02-26 09:00:00,99.7645,107.37225,99.4115,58.3485,Amber,-0.17993763277537236,0,0.0,0.0,0,0
2024-02-26 10:00:00,99.31025,111.439,99.551,53.91275,Amber,-1.9948975464547007,0,0.0,0.0877,0,0
2024-02-26 11:00:00,99.658,117.84700000000001,99.524,53.003,Amber,-0.0681139493083172,0,0.0,0.0,0,0
2024-02-26 12:00:00,99.8105,118.64625000000001,99.81325,40.126000000000005,Green,0.739078224637663,0,0.0004,0.0,0,0
2024-02-26 13:00:00,99.11375,120.23675,99.379,33.52425,Amber,-1.5739301603629177,0,0.0,0.2842,0,0
2024-02-26 14:00:00,99.5055,111.8545,99.531,34.29325,Amber,-0.0791115551758576,0,0.0,0.1766,0,0
2024-02-26 15:00:00,99.62825000000001,105.027,99.47475,37.05,Amber,0.4874310787673506,0,0.0,0.0,0,0
2024-02-26 16:00:00,99.099,105.15075,99.44125,30.863999999999997,Amber,-1.2448102319637602,0,0.0,0.2989,0,0
2024-02-26 17:00:00,99.45275,95.22325000000001,99.459,29.56875,Amber,0.06292438317215204,0,0.0,0.2441,0,0
2024-02-26 18:00:00,99.225,85.511,99.6395,31.41625,Amber,-0.5069919714990391,0,0.0,0.417,0,0
2024-02-26 19:00:00,99.69325,69.2115,99.78825,29.13075,Green,1.1235101775474468,0,0.0,0.1217,0,0
2024-02-26 20:00:00,99.18875,54.78925,99.52425,31.722250000000003,Amber,-0.7795829030523368,0,0.0,0.3309,0,0
2024-02-26 21:00:00,99.61525,50.77325,99.46625,38.147,Amber,0.9672029626010956,0,0.0,0.1136,0,0
2024-02-26 22:00:00,99.39574999999999,51.802,99.414,37.219,Green,-0.1613300389082636,0,0.0,0.1158,0,0
2024-02-26 23:00:00,99.7585,42.97825,99.60050000000001,40.999,Green,1.1426370580301748,0,0.0,0.0,0,0
2024-02-27 00:00:00,99.65925,41.11875,99.65075,45.389,Amber,0.496237404077807,0,0.0,0.0,0,0
2024-02-27 01:00:00,99.76175,41.241749999999996,99.67275000000001,50.274249999999995,Green,0.8744524771406366,0,0.0,0.0,0,0
2024-02-27 02:00:00,99.96000000000001,47.59475,99.5615,56.503,Amber,1.4304351964480757,0,0.1499,0.0,0,0
2024-02-27 03:00:00,99.68,53.92275,99.40925,56.07175,Red,-0.12245655227388633,0,0.0198,0.0,0,1
2024-02-27 04:00:00,99.78825,60.0115,99.741,55.680499999999995,Green,0.19009233407427353,0,0.0,0.0,0,0
2024-02-27 05:00:00,99.7905,69.84,99.6715,62.53975,Amber,0.16085795074624532,0,0.0,0.0,0,0
2024-02-27 06:00:00,99.6275,85.48325,99.48949999999999,63.943749999999994,Red,-1.2293984000548954,0,0.0,0.0,0,1
2024-02-27 07:00:00,99.8195,90.6045,99.31875,56.8005,Amber,0.3607743248424487,0,0.0094,0.0,0,0
2024-02-27 08:00:00,99.4475,92.67999999999999,99.50825,62.15825,Amber,-1.73637782971455,0,0.0,0.0,0,0
2024-02-27 09:00:00,99.894,111.84175,99.39375,51.04025,Green,1.0214812287932924,0,0.0839,0.0,0,0
2024-02-27 10:00:00,99.74975,111.68475000000001,99.518,47.437,Amber,0.17625149505436596,0,0.0235,0.0,0,0
2024-02-27 11:00:00,99.52175,113.451,99.541,46.618,Amber,-0.888770520867543,0,0.0,0.0,0,0
2024-02-27 12:00:00,99.50274999999999,116.7135,99.40575,40.845749999999995,Amber,-0.8135144860711198,0,0.0,0.0,0,0
2024-02-27 13:00:00,99.51650000000001,117.92125,99.5395,37.7885,Amber,-0.5055973458260984,0,0.0,0.0,0,0
2024-02-27 14:00:00,99.5165,118.851,99.41275,36.911249999999995,Amber,-0.6071022913750582,0,0.0,0.0,0,0
2024-02-27 15:00:00,99.7405,113.47975,99.65575,34.735,Amber,1.2500576116038875,0,0.0,0.0,0,0
2024-02-27 16:00:00,99.21625,105.7655,99.31675,34.688,Amber,-1.7139342662813115,0,0.0,0.1817,0,0
2024-02-27 17:00:00,99.8255,86.9945,99.48375,30.99975,Amber,1.276090762614029,0,0.0154,0.0,0,0
2024-02-27 18:00:00,99.3555,84.50425,99.44225,27.27775,Amber,-0.757206550558744,0,0.0,0.0424,0,0
2024-02-27 19:00:00,99.43350000000001,72.57225,99.61675,30.8385,Green,-0.35001765279873137,0,0.0,0.0069,0,0
2024-02-27 20:00:00,99.32575,54.07775,99.34975,31.7185,Red,-0.6432204555247509,0,0.0,0.079,0,1
2024-02-27 21:00:00,99.7375,56.77875,99.7115,32.3335,Green,1.0475551518914792,0,0.0,0.0,0,0
2024-02-27 22:00:00,99.45775,43.15575,99.71424999999999,31.433500000000002,Amber,-0.31139146248063754,0,0.0,0.0,0,0
2024-02-27 23:00:00,99.90625,35.90625,99.58749999999999,41.557500000000005,Green,1.5898819235893367,0,0.0961,0.0,0,0
2024-02-28 00:00:00,99.572,43.5605,99.333,43.79875,Amber,-0.0005803134213100555,0,0.0,0.0,0,0
2024-02-28 01:00:00,99.3485,37.03975,99.607,52.42875,Amber,-0.9157665535089565,0,0.0,0.0494,0,0
2024-02-28 02:00:00,99.6485,45.792249999999996,99.54775000000001,50.6715,Amber,0.18444736738319087,0,0.0,0.0,0,0
2024-02-28 03:00:00,100.0,51.39975,99.51425,56.38525,Green,1.3576653296242742,0,0.1899,0.0,0,0
2024-02-28 04:00:00,99.46925,60.5625,99.62174999999999,55.93475,Green,-0.7467247432388547,0,0.0,0.0,0,0
2024-02-28 05:00:00,99.89825,65.8895,99.55075,56.41825,Green,0.9670200985548636,0,0.0881,0.0,0,0
2024-02-28 06:00:00,99.6865,82.0565,99.7185,55.339,Amber,0.04586964017108601,0,0.0,0.0,0,0
2024-02-28 07:00:00,99.9615,90.29625,99.64574999999999,60.353500000000004,Amber,0.8822356975628994,0,0.1514,0.0,0,0
2024-02-28 08:00:00,99.89875,99.07125,99.732,54.189499999999995,Green,0.39308691284624453,0,0.24,0.0,0,0
2024-02-28 09:00:00,99.731,107.3165,99.6045,49.1755,Amber,-0.23534673554947952,0,0.1609,0.0,0,0
2024-02-28 10:00:00,99.963,108.52425,99.59725,53.21525,Amber,0.896601643566482,0,0.3138,0.0,0,0
2024-02-28 11:00:00,99.43299999999999,117.5255,99.69475,47.35275,Green,-1.6798109288079874,0,0.0,0.0,0,0
2024-02-28 12:00:00,99.6385,119.44975,99.3065,46.10675,Amber,-0.6273848484166141,0,0.0,0.0,0,0
2024-02-28 13:00:00,99.27425,117.94525,99.68424999999999,40.25525,Amber,-1.4351176675455997,0,0.0,0.1237,0,0
2024-02-28 14:00:00,99.786,111.88675,99.46799999999999,36.7845,Amber,0.595392551718918,0,0.0,0.0,0,0
2024-02-28 15:00:00,99.42875,106.712,99.66550000000001,31.81775,Amber,-0.6167730495112589,0,0.0,0.0,0,0
2024-02-28 16:00:00,99.47425,97.12575,99.39375,34.807,Amber,-0.1752484148199211,0,0.0,0.0,0,0
2024-02-28 17:00:00,99.41275,88.935,99.48425,27.918499999999998,Amber,-0.4932125911060389,0,0.0,0.0,0,0
2024-02-28 18:00:00,99.225,71.314,99.47775,31.124,Amber,-1.0552322937560341,0,0.0,0.1729,0,0
2024-02-28 19:00:00,99.36325,72.5575,99.589,30.27625,Amber,-0.4568077413646631,0,0.0,0.2076,0,0
2024-02-28 20:00:00,99.7025,54.49425,99.2595,29.76025,Amber,1.710092345712723,0,0.0,0.0,0,0
2024-02-28 21:00:00,99.40775,57.322,99.237,33.8085,Amber,-0.14741643043046543,0,0.0,0.0,0,0
2024-02-28 22:00:00,99.70325,47.3875,99.454,39.07875,Amber,1.2107499645753732,0,0.0,0.0,0,0
2024-02-28 23:00:00,99.34525000000001,44.16275,99.39,48.62975,Red,-0.5651365693196968,0,0.0,0.0527,0,1
2024-02-29 00:00:00,99.61425,41.34025,99.6745,43.40925,Amber,0.5404775483706978,0,0.0,0.0,0,0
2024-02-29 01:00:00,99.69225,44.184250000000006,99.434,47.399249999999995,Amber,0.7149433037879179,0,0.0,0.0,0,0
2024-02-29 02:00:00,99.66499999999999,44.32175,99.30625,49.699,Amber,0.6036000936290985,0,0.0,0.0,0,0
2024-02-29 03:00:00,99.925,55.823499999999996,99.64425,60.92175,Amber,1.4327826613123533,0,0.1149,0.0,0,0
2024-02-29 04:00:00,99.689,59.10975,99.259,59.063,Amber,0.18203469534852115,0,0.0,0.0,0,0
2024-02-29 05:00:00,99.6765,74.53625,99.45325,58.95,Amber,-0.3106834499569447,0,0.0,0.0,0,0
2024-02-29 06:00:00,99.6005,82.87475,99.50625,60.170500000000004,Amber,-0.9650092575963439,0,0.0,0.0,0,0
2024-02-29 07:00:00,99.86525,88.7315,99.30725,57.10975,Amber,1.0050637783293908,0,0.0551,0.0,0,0
2024-02-29 08:00:00,99.80575,97.22874999999999,99.29475,57.303,Amber,0.3639780679335927,0,0.0508,0.0,0,0
2024-02-29 09:00:00,99.79125,107.3685,99.67125,53.81,Green,0.5390957457539555,0,0.0319,0.0,0,0
2024-02-29 10:00:00,99.6035,111.00450000000001,99.73124999999999,49.2995,Green,-1.070067524541367,0,0.0,0.0,0,0
2024-02-29 11:00:00,99.594,125.835,99.62575000000001,47.912,Amber,-0.9371575309925374,0,0.0,0.0,0,0
2024-02-29 12:00:00,99.7915,119.44325,99.487,43.575,Amber,0.43451665533736333,0,0.0,0.0,0,0
2024-02-29 13:00:00,99.44975,117.5035,99.31925,34.8125,Amber,-1.5266925239043403,0,0.0,0.0,0,0
2024-02-29 14:00:00,99.41675000000001,116.19075000000001,99.4,35.28875,Amber,-1.188965954317818,0,0.0,0.0,0,0
2024-02-29 15:00:00,98.956,110.61475,99.77525,38.2225,Amber,-1.8032839425904086,0,0.0,0.4419,0,0
2024-02-29 16:00:00,99.425,104.58425,99.653,33.68925,Amber,-0.05002258297869306,0,0.0,0.4149,0,0
2024-02-29 17:00:00,99.40225000000001,87.29375,99.462,29.73825,Amber,-0.01739384757628746,0,0.0,0.4105,0,0
2024-02-29 18:00:00,99.55825,80.90299999999999,99.55375000000001,28.80875,Amber,0.9081776279470141,0,0.0,0.2502,0,0
2024-02-29 19:00:00,99.1575,68.3625,99.4605,26.46225,Red,-0.7341845297694408,0,0.0,0.4906,0,1
2024-02-29 20:00:00,99.259,65.56275,99.4485,32.1965,Red,-0.15756878847257522,0,0.0,0.6296,0,1
2024-02-29 21:00:00,99.22625,48.26275,99.61375,36.338499999999996,Amber,-0.7485571807517744,0,0.0,0.8013,0,0
2024-02-29 22:00:00,99.36449999999999,47.4555,99.6345,33.900999999999996,Amber,0.2533164483830843,0,0.0,0.8347,0,0
2024-02-29 23:00:00,99.6965,42.6245,99.74725,47.2335,Amber,1.5234407869798547,0,0.0,0.5361,0,0
2024-03-01 00:00:00,99.49925,39.211,99.4535,48.31375,Amber,0.6580662563355534,0,0.0,0.4348,0,0
2024-03-01 01:00:00,99.81525,41.52175,99.78525,51.796,Green,1.414809375030152,0,0.0051,0.0175,0,0
2024-03-01 02:00:00,99.706,51.314,99.38499999999999,50.92475,Red,0.681137143336149,0,0.0,0.0,0,1
2024-03-01 03:00:00,99.7015,46.74,99.50425,58.97975,Amber,0.42859458909645265,0,0.0,0.0,0,0
2024-03-01 04:00:00,99.94575,60.284,99.42075,54.754999999999995,Amber,1.4754369839586392,0,0.1356,0.0,0,0
2024-03-01 05:00:00,99.7565,74.078,99.34875,62.71125,Amber,0.12963473753408036,0,0.082,0.0,0,0
2024-03-01 06:00:00,99.96875,86.6045,99.2275,60.323750000000004,Amber,1.3042631566218388,0,0.2407,0.0,0,0
2024-03-01 07:00:00,99.249,90.17125,99.8035,57.89075,Amber,-1.8202769834191141,0,0.0,0.1489,0,0
2024-03-01 08:00:00,99.917,93.446,99.73825,58.386,Green,0.5925567227857821,0,0.1069,0.0,0,0
2024-03-01 09:00:00,99.82775000000001,104.84075,99.619,53.85825,Green,0.18572529473089888,0,0.1245,0.0,0,0
2024-03-01 10:00:00,99.8305,117.46549999999999,99.42225,50.873,Amber,0.27751507012196874,0,0.1449,0.0,0,0
2024-03-01 11:00:00,99.48825,115.02600000000001,99.43025,48.305,Green,-0.7967208441028244,0,0.0,0.0,0,0
2024-03-01 12:00:00,99.89125,119.84625,99.3745,40.699,Amber,0.7052907506844587,0,0.0811,0.0,0,0
2024-03-01 13:00:00,99.298,117.65075,99.313,44.43625,Amber,-1.6162527003851792,0,0.0,0.0999,0,0
2024-03-01 14:00:00,99.2565,114.8215,99.4405,40.710750000000004,Amber,-1.192861514873127,0,0.0,0.2414,0,0
2024-03-01 15:00:00,99.50475,110.61375,99.1825,29.988,Amber,-0.15155411520934484,0,0.0,0.1345,0,0
2024-03-01 16:00:00,99.13425,100.5575,99.519,29.697,Amber,-1.1028855404571183,0,0.0,0.3982,0,0
2024-03-01 17:00:00,99.529,89.49324999999999,99.71074999999999,30.99625,Amber,0.3465735660335481,0,0.0,0.2671,0,0
2024-03-01 18:00:00,99.3375,79.9045,99.54275000000001,29.44675,Amber,-0.038653819925251395,0,0.0,0.3276,0,0
2024-03-01 19:00:00,99.1005,69.7795,99.5015,34.213499999999996,Red,-1.158067369448142,0,0.0,0.625,0,1
2024-03-01 20:00:00,98.8995,67.03775,99.4915,33.63725,Red,-1.4136317758751076,0,0.0,1.1234,0,1
2024-03-01 21:00:00,99.52850000000001,50.024,99.53075,33.092,Amber,1.0790456625598415,0,0.0,0.9929,0,0
2024-03-01 22:00:00,99.36224999999999,44.198,99.79375,41.75425,Amber,0.27869290903237953,0,0.0,1.0285,0,0
2024-03-01 23:00:00,99.208,36.76975,99.666,38.756249999999994,Red,-0.14199718669270295,0,0.0,1.2185,0,1
2024-03-02 00:00:00,99.27025,40.9695,99.3975,46.545500000000004,Amber,0.1942495941921034,0,0.0,1.3461,0,0
2024-03-02 01:00:00,99.64575,41.158,99.56225,54.99425,Amber,1.2470070686043753,0,0.0,1.0983,0,0
2024-03-02 02:00:00,99.55924999999999,44.802749999999996,99.27025,52.861000000000004,Amber,0.7461910437307806,0,0.0,0.937,0,0
2024-03-02 03:00:00,99.73425,50.6085,99.459,59.08825,Amber,1.2673071005352414,0,0.0,0.6007,0,0
2024-03-02 04:00:00,99.752,57.9255,99.478,59.55275,Amber,0.9516686971307313,0,0.0,0.2466,0,0
2024-03-02 05:00:00,99.6925,66.908,99.61725,57.61475,Amber,0.4643390889926011,0,0.0,0.0,0,0
2024-03-02 06:00:00,99.51050000000001,78.14075,99.3295,62.71025,Amber,-1.4286945870133583,0,0.0,0.0,0,0
2024-03-02 07:00:00,99.6025,93.92575,99.4205,55.323,Amber,-0.3978946077026213,0,0.0,0.0,0,0
2024-03-02 08:00:00,99.60625,92.4815,99.57575,58.34975,Amber,-0.468510656007733,0,0.0,0.0,0,0
2024-03-02 09:00:00,99.58775,99.36675,99.79025,57.6175,Amber,-0.44169330351608416,0,0.0,0.0,0,0
2024-03-02 10:00:00,99.7245,115.96375,99.65125,48.1215,Green,1.3472477834749532,0,0.0,0.0,0,0
2024-03-02 11:00:00,99.47575,121.92,99.608,51.27825,Green,-1.2527121693033165,0,0.0,0.0,0,0
2024-03-02 12:00:00,99.126,120.35625,99.4475,42.945750000000004,Amber,-1.8897697918735987,0,0.0,0.2719,0,0
2024-03-02 13:00:00,99.62875,121.32050000000001,99.4425,39.66375,Amber,0.49235799330811153,0,0.0,0.0411,0,0
2024-03-02 14:00:00,99.54775000000001,110.495,99.71275,35.32775,Amber,0.15714721125746645,0,0.0,0.0,0,0
2024-03-02 15:00:00,99.27775,108.50375,99.67425,34.067750000000004,Green,-0.8285289926018505,0,0.0,0.1202,0,0
2024-03-02 16:00:00,99.6785,101.58449999999999,99.333,31.62425,Amber,1.0412297544595783,0,0.0,0.0,0,0
2024-03-02 17:00:00,99.18299999999999,89.61425,99.29775000000001,27.2275,Amber,-0.9322886155810616,0,0.0,0.2149,0,0
2024-03-02 18:00:00,99.37975,76.46225,99.564,31.849,Amber,-0.347839618144115,0,0.0,0.2331,0,0
2024-03-02 19:00:00,99.34325,73.894,99.34325,33.14725,Amber,-0.3215338525125455,0,0.0,0.2878,0,0
2024-03-02 20:00:00,99.66499999999999,57.26275,99.60575,40.042,Green,1.1874539384491054,0,0.0,0.0207,0,0
2024-03-02 21:00:00,99.2485,54.12925,99.50925000000001,39.8155,Red,-0.8003714940589095,0,0.0,0.1701,0,1
2024-03-02 22:00:00,99.76625,48.4895,99.60625,39.44825,Amber,1.4367974351861146,0,0.0,0.0,0,0
2024-03-02 23:00:00,99.27625,50.336499999999994,99.5445,43.52075,Red,-0.7881817379466762,0,0.0,0.1217,0,1
2024-03-03 00:00:00,99.8355,39.74975,99.26425,45.77525,Amber,1.1908063895949177,0,0.0254,0.0,0,0
2024-03-03 01:00:00,99.827,43.576499999999996,99.696,52.85075,Green,0.8263084578543238,0,0.0423,0.0,0,0
2024-03-03 02:00:00,99.6385,39.986,99.499,53.3375,Amber,0.1475376977724484,0,0.0,0.0,0,0
2024-03-03 03:00:00,99.99725000000001,52.3945,99.67025,59.26075,Amber,1.1044288968901184,0,0.1871,0.0,0,0
2024-03-03 04:00:00,99.91425,56.81125,99.25225,58.68175,Amber,0.6387532422607506,0,0.2913,0.0,0,0
2024-03-03 05:00:00,99.64925,75.03425,99.36125,56.743750000000006,Amber,-1.1268424415827136,0,0.1304,0.0,0,0
2024-03-03 06:00:00,100.0,77.58475,99.34825000000001,57.315,Amber,0.9952014791807234,0,0.3203,0.0,0,0
2024-03-03 07:00:00,99.87275,86.36875,99.65125,60.4625,Amber,0.167642706608782,0,0.383,0.0,0,0
2024-03-03 08:00:00,99.7875,102.281,99.679,57.5945,Amber,-0.6141347623952079,0,0.3603,0.0,0,0
2024-03-03 09:00:00,99.92525,107.384,99.39925,54.882000000000005,Amber,0.5419299720336282,0,0.4755,0.0,0,0
2024-03-03 10:00:00,99.80825,114.18299999999999,99.52924999999999,51.4765,Amber,-0.2649349686323098,0,0.4736,0.0,0,0
2024-03-03 11:00:00,99.56425,117.9505,99.42375,46.4655,Amber,-1.7462767850977483,0,0.2278,0.0,0,0
2024-03-03 12:00:00,99.26625,118.509,99.4425,44.9655,Amber,-1.768444374456973,0,0.0,0.1317,0,0
2024-03-03 13:00:00,99.42875000000001,124.17275,99.42075,40.365,Amber,-0.7945702778911283,0,0.0,0.1009,0,0
2024-03-03 14:00:00,99.582,115.469,99.7065,37.38375,Amber,-0.0571322747742608,0,0.0,0.0,0,0
2024-03-03 15:00:00,99.57724999999999,112.67475,99.64750000000001,37.057500000000005,Green,0.21855017567396678,0,0.0,0.0,0,0
2024-03-03 16:00:00,99.69375,99.50225,99.45349999999999,31.9395,Amber,1.1696804490829469,0,0.0,0.0,0,0
2024-03-03 17:00:00,99.60075,93.35050000000001,99.8745,31.005000000000003,Green,0.4978139061841127,0,0.0,0.0,0,0
2024-03-03 18:00:00,99.3225,74.73825,99.69675000000001,32.56125,Amber,-1.5780222385066809,0,0.0,0.0754,0,0
2024-03-03 19:00:00,98.8435,73.49675,99.45525,31.878999999999998,Amber,-1.8779158078005864,0,0.0,0.6299,0,0
2024-03-03 20:00:00,99.2385,56.47625,99.55449999999999,38.127250000000004,Amber,-0.4467224853267539,0,0.0,0.7893,0,0
2024-03-03 21:00:00,99.61075,51.135,99.54975,33.07325,Green,0.705993115200196,0,0.0,0.5765,0,0
2024-03-03 22:00:00,99.8565,41.8555,99.77525,38.175,Amber,1.2480334272629376,0,0.0464,0.1179,0,0
2024-03-03 23:00:00,99.69300000000001,36.9225,99.56575000000001,46.7715,Amber,0.7222241554872356,0,0.0,0.0,0,0
2024-03-04 00:00:00,99.57900000000001,41.07925,99.507,46.1825,Amber,0.2956782023256701,0,0.0,0.0,0,0
2024-03-04 01:00:00,99.89525,32.65525,99.485,52.306,Amber,1.0545747619708628,0,0.0851,0.0,0,0
2024-03-04 02:00:00,99.97175,48.04625,99.63374999999999,49.99725,Green,1.2576396284513247,0,0.2468,0.0,0,0
2024-03-04 03:00:00,99.923,49.9735,99.3605,53.01875,Amber,0.6812799464738933,0,0.3597,0.0,0,0
2024-03-04 04:00:00,99.848,59.7755,99.67275,59.79,Green,0.196234059926634,0,0.3976,0.0,0,0
2024-03-04 05:00:00,99.74775,67.34825,99.447,56.669250000000005,Amber,-0.5552169916354015,0,0.3352,0.0,0,0
2024-03-04 06:00:00,99.90225,78.35475,99.6345,60.884,Amber,0.2723206167130101,0,0.4273,0.0,0,0
2024-03-04 07:00:00,99.549,84.40575,99.3565,60.438250000000004,Amber,-1.774410186946975,0,0.1662,0.0,0,0
2024-03-04 08:00:00,99.99825,99.59925,99.714,58.04275,Amber,1.0629545774829186,0,0.3544,0.0,0,0
2024-03-04 09:00:00,99.604,115.19,99.32925,54.83825,Amber,-0.978678968734142,0,0.1483,0.0,0,0
2024-03-04 10:00:00,99.90950000000001,111.927,99.0915,49.0965,Amber,0.6855601775136708,0,0.2477,0.0,0,0
2024-03-04 11:00:00,99.6985,116.0975,99.5055,44.5215,Amber,-0.42493601817674354,0,0.1361,0.0,0,0
2024-03-04 12:00:00,99.47775,125.72325000000001,99.59100000000001,40.937,Amber,-1.1040175939112806,0,0.0,0.0,0,0
2024-03-04 13:00:00,99.45175,118.551,99.42824999999999,38.28,Amber,-1.0600557846777432,0,0.0,0.0,0,0
2024-03-04 14:00:00,99.5435,117.13075,99.58800000000001,36.769,Amber,-0.41580178657566896,0,0.0,0.0,0,0
2024-03-04 15:00:00,99.4165,105.65925,99.43625,38.794,Amber,-0.8831755605174477,0,0.0,0.0,0,0
2024-03-04 16:00:00,99.22325000000001,103.55924999999999,99.7125,35.71875,Red,-1.5719775689752657,0,0.0,0.1747,0,1
2024-03-04 17:00:00,99.429,89.07475,99.51975,30.826,Amber,0.04976836723613363,0,0.0,0.1436,0,0
2024-03-04 18:00:00,99.33775,81.34075,99.449,31.0505,Amber,-0.5733248394295245,0,0.0,0.2038,0,0
2024-03-04 19:00:00,99.75675,68.721,99.274,27.41625,Amber,1.6652946451559234,0,0.0,0.0,0,0
2024-03-04 20:00:00,99.14224999999999,59.80675,99.60425,38.6315,Amber,-1.1321616763632791,0,0.0,0.2557,0,0
2024-03-04 21:00:00,99.399,51.78025,99.815,36.60325,Green,0.08280939789907929,0,0.0,0.2546,0,0
2024-03-04 22:00:00,99.72225,42.39,99.40075,39.16425,Amber,1.094469916554019,0,0.0,0.0,0,0
2024-03-04 23:00:00,99.663,31.06075,99.646,43.714,Amber,0.6444012888147912,0,0.0,0.0,0,0
2024-03-05 00:00:00,99.73725,47.08725,99.41875,48.874249999999996,Amber,0.674752599584368,0,0.0,0.0,0,0
2024-03-05 01:00:00,99.58875,46.272,99.16624999999999,54.802499999999995,Amber,0.20168664602957603,0,0.0,0.0,0,0
2024-03-05 02:00:00,99.7235,44.3275,99.426,52.89825,Amber,0.6506095397342071,0,0.0,0.0,0,0
2024-03-05 03:00:00,99.61275,58.147,99.5745,58.537,Amber,-0.9797067158603663,0,0.0,0.0,0,0
2024-03-05 04:00:00,99.6425,62.2375,99.2865,54.13425,Amber,-0.3166059337315657,0,0.0,0.0,0,0
2024-03-05 05:00:00,99.9025,71.5935,99.378,58.8395,Amber,1.7489387714407871,0,0.0924,0.0,0,0
2024-03-05 06:00:00,99.8685,76.79475,99.429,62.49225,Amber,1.0835763233677258,0,0.1508,0.0,0,0
2024-03-05 07:00:00,99.74000000000001,92.76675,99.45175,62.7975,Amber,-0.07085235204209335,0,0.0807,0.0,0,0
2024-03-05 08:00:00,99.80625,98.91199999999999,99.387,60.5725,Amber,0.37306242557325975,0,0.0768,0.0,0,0
2024-03-05 09:00:00,99.69075000000001,103.85225,99.542,53.87375,Amber,-0.8281169966732205,0,0.0,0.0,0,0
2024-03-05 10:00:00,99.81925,111.949,99.4205,54.67825,Amber,0.18673598824318974,0,0.0091,0.0,0,0
2024-03-05 11:00:00,99.73675,118.41575,99.5035,48.35075,Amber,-0.6133786164464103,0,0.0,0.0,0,0
2024-03-05 12:00:00,99.30875,114.44425,99.28775,38.638,Amber,-1.975690710090032,0,0.0,0.0892,0,0
2024-03-05 13:00:00,99.274,120.97075,99.44149999999999,38.31475,Amber,-1.3365540318794282,0,0.0,0.2131,0,0
2024-03-05 14:00:00,99.56475,115.57925,99.391,38.527,Amber,-0.004200176863233583,0,0.0,0.0463,0,0
2024-03-05 15:00:00,99.42099999999999,108.558,99.554,33.923500000000004,Green,-0.4430281122321842,0,0.0,0.0232,0,0
2024-03-05 16:00:00,99.476,96.4405,99.6745,28.0075,Amber,0.07272344998044672,0,0.0,0.0,0,0
2024-03-05 17:00:00,98.86525,90.67,99.38125,31.8905,Red,-1.8389539171097333,0,0.0,0.5327,0,1
2024-03-05 18:00:00,99.3695,79.21249999999999,99.57525000000001,35.718500000000006,Amber,0.1662384755215274,0,0.0,0.5611,0,0
2024-03-05 19:00:00,99.69475,69.33500000000001,99.467,33.1235,Amber,1.0380665888965694,0,0.0,0.2643,0,0
2024-03-05 20:00:00,99.352,65.925,99.4255,30.478,Amber,-0.04051875659369117,0,0.0,0.3102,0,0
2024-03-05 21:00:00,99.52600000000001,55.23925,99.67175,32.54575,Amber,0.517068709336138,0,0.0,0.1821,0,0
2024-03-05 22:00:00,99.31375,50.853,99.38550000000001,39.93075,Amber,-0.14313286083241622,0,0.0,0.2663,0,0
2024-03-05 23:00:00,99.52975,42.5165,99.8985,40.21625,Amber,0.45071612274859535,0,0.0,0.1345,0,0
2024-03-06 00:00:00,99.7105,34.8495,99.43549999999999,44.801,Amber,1.1410850970707895,0,0.0,0.0,0,0
2024-03-06 01:00:00,99.86875,38.16575,99.644,48.75425,Amber,1.507496972045223,0,0.0586,0.0,0,0
2024-03-06 02:00:00,99.58,41.15075,99.45025,51.06,Amber,-0.04326452016724773,0,0.0,0.0,0,0
2024-03-06 03:00:00,99.648,49.992000000000004,99.435,54.531,Amber,0.2122183852393433,0,0.0,0.0,0,0
2024-03-06 04:00:00,99.64725,62.75825,99.53875,58.736,Amber,-0.1422201230949372,0,0.0,0.0,0,0
2024-03-06 05:00:00,99.97975,74.79875,99.287,61.92625,Amber,1.5696207540708103,0,0.1696,0.0,0,0
2024-03-06 06:00:00,99.925,85.8415,99.622,60.115,Amber,0.8860794046993682,0,0.2845,0.0,0,0
2024-03-06 07:00:00,99.949,92.713,99.42525,60.542249999999996,Amber,0.8876950619520653,0,0.4234,0.0,0,0
2024-03-06 08:00:00,99.7565,92.41925,99.67175,55.3925,Amber,-0.39998169364565184,0,0.3698,0.0,0,0
2024-03-06 09:00:00,99.74475,112.53975,99.63475,53.9815,Amber,-0.6572544366096328,0,0.3045,0.0,0,0
2024-03-06 10:00:00,99.95824999999999,112.65475,99.52074999999999,53.94,Amber,0.6856855185355638,0,0.4526,0.0,0,0
2024-03-06 11:00:00,99.5375,120.669,99.53325,46.81975,Amber,-1.664124650474536,0,0.18,0.0,0,0
2024-03-06 12:00:00,99.76575,121.412,99.5045,39.643249999999995,Amber,-0.1256340664660921,0,0.1356,0.0,0,0
2024-03-06 13:00:00,99.6485,110.26625,99.61075,39.49675,Green,-0.6198777676583439,0,0.0,0.0,0,0
2024-03-06 14:00:00,99.151,113.3815,99.45425,35.832499999999996,Amber,-1.7587091111214244,0,0.0,0.2469,0,0
2024-03-06 15:00:00,99.518,112.40675,99.41475,36.03575,Amber,-0.2884446362861177,0,0.0,0.1269,0,0
2024-03-06 16:00:00,99.31225,102.95575,99.60425000000001,28.52825,Amber,-0.7885880656923078,0,0.0,0.2125,0,0
2024-03-06 17:00:00,99.5265,86.868,99.453,32.7605,Amber,0.17674177824282186,0,0.0,0.084,0,0
2024-03-06 18:00:00,99.5505,80.57225,99.59525,32.915,Green,0.5415756719601564,0,0.0,0.0,0,0
2024-03-06 19:00:00,99.6075,72.19175,99.39625,28.381,Amber,0.9312870975821462,0,0.0,0.0,0,0
2024-03-06 20:00:00,99.67875000000001,69.77799999999999,99.5015,32.23125,Amber,1.1875376420909056,0,0.0,0.0,0,0
2024-03-06 21:00:00,99.285,56.197,99.433,36.939,Amber,-1.3027296146976168,0,0.0,0.1129,0,0
2024-03-06 22:00:00,99.63675,43.757999999999996,99.49125000000001,41.3005,Amber,0.6370179045708001,0,0.0,0.0,0,0
2024-03-06 23:00:00,99.556,47.4765,99.30275,43.307249999999996,Amber,0.02564308913763889,0,0.0,0.0,0,0
2024-03-07 00:00:00,99.76050000000001,40.60275,99.758,42.60375,Green,1.0589371480612781,0,0.0,0.0,0,0
2024-03-07 01:00:00,99.637,43.5595,99.53675,49.50625,Amber,0.2713409651803236,0,0.0,0.0,0,0
2024-03-07 02:00:00,99.85925,43.732749999999996,99.35974999999999,51.572500000000005,Green,1.2028465161468511,0,0.0491,0.0,0,0
2024-03-07 03:00:00,99.5805,50.2385,99.5775,56.5655,Amber,-0.7864459038008159,0,0.0,0.0,0,0
2024-03-07 04:00:00,99.52199999999999,54.7375,99.43950000000001,63.73175,Amber,-0.9943520998086013,0,0.0,0.0,0,0
2024-03-07 05:00:00,99.3695,73.54124999999999,99.5775,56.15675,Amber,-1.4490343077477594,0,0.0,0.0284,0,0
2024-03-07 06:00:00,99.93525,77.81725,99.61525,56.56775,Amber,1.341292027446704,0,0.1251,0.0,0,0
2024-03-07 07:00:00,99.668,86.70875,99.4205,56.52825,Amber,0.0577248312916561,0,0.0,0.0,0,0
2024-03-07 08:00:00,99.7315,98.71775000000001,99.4035,55.3245,Green,0.5020871921650029,0,0.0,0.0,0,0
2024-03-07 09:00:00,99.94925,112.61025000000001,99.32075,53.2825,Amber,1.1103027576006612,0,0.1391,0.0,0,0
2024-03-07 10:00:00,99.9245,123.44325,99.6285,51.38525,Green,0.7147124674007066,0,0.2535,0.0,0,0
2024-03-07 11:00:00,99.54425,122.6155,99.7825,46.238,Amber,-1.464586304847214,0,0.0,0.0,0,0
2024-03-07 12:00:00,99.62475,116.598,99.67325,44.081,Green,-0.7045019424698553,0,0.0,0.0,0,0
2024-03-07 13:00:00,99.53999999999999,114.99475,99.463,40.1685,Amber,-0.9800739279760944,0,0.0,0.0,0,0
2024-03-07 14:00:00,99.23225,117.1755,99.49674999999999,38.64775,Amber,-1.499631511333413,0,0.0,0.1657,0,0
2024-03-07 15:00:00,99.2535,114.584,99.41275,38.4245,Red,-1.0378022575685004,0,0.0,0.3101,0,1
2024-03-07 16:00:00,99.38425000000001,94.81725,99.45175,32.66475,Green,-0.2769697127951856,0,0.0,0.3238,0,0
2024-03-07 17:00:00,99.6465,85.91175,99.35900000000001,29.978,Green,1.0905324333610642,0,0.0,0.0752,0,0
2024-03-07 18:00:00,99.413,82.53475,99.44325,34.2365,Amber,0.008800136089888961,0,0.0,0.0601,0,0
2024-03-07 19:00:00,99.1965,77.246,99.56925,28.86525,Green,-0.9443102704145957,0,0.0,0.2616,0,0
2024-03-07 20:00:00,99.4665,63.355250000000005,99.46575,33.75425,Amber,0.4566519319825588,0,0.0,0.193,0,0
2024-03-07 21:00:00,99.40299999999999,50.465,99.51474999999999,37.979,Amber,-0.10551482955699751,0,0.0,0.1879,0,0
2024-03-07 22:00:00,99.56875,37.2605,99.09225,39.5995,Amber,0.7700847111786174,0,0.0,0.0171,0,0
2024-03-07 23:00:00,99.2815,35.339,99.3185,42.44075,Amber,-0.805732364537745,0,0.0,0.1335,0,0
2024-03-08 00:00:00,99.35275,42.656,99.244,47.5805,Amber,-0.19187475767958387,0,0.0,0.1787,0,0
2024-03-08 01:00:00,99.69025,37.9945,99.41725,49.8895,Amber,1.5388233684521129,0,0.0,0.0,0,0
2024-03-08 02:00:00,99.4735,51.552,99.54050000000001,50.39025,Amber,0.07947746298622542,0,0.0,0.0,0,0
2024-03-08 03:00:00,99.68775,50.2925,99.5265,53.46175,Amber,1.0462710935686517,0,0.0,0.0,0,0
2024-03-08 04:00:00,99.6685,58.58125,99.57725,59.144,Amber,0.78367357078158,0,0.0,0.0,0,0
2024-03-08 05:00:00,99.46675,70.828,99.55,59.3415,Amber,-0.6225298587535549,0,0.0,0.0,0,0
2024-03-08 06:00:00,99.76425,75.36175,99.53425,57.62425,Amber,1.1173381760701357,0,0.0,0.0,0,0
2024-03-08 07:00:00,99.76025,90.651,99.56299999999999,58.22075,Amber,0.9164980912726002,0,0.0,0.0,0,0
2024-03-08 08:00:00,99.63825,107.12325,99.516,59.3915,Amber,-0.2387866570984648,0,0.0,0.0,0,0
2024-03-08 09:00:00,99.794,110.56425,99.46525,55.015,Amber,0.9215001228890808,0,0.0,0.0,0,0
2024-03-08 10:00:00,99.36425,110.66575,99.1765,50.48,Red,-1.4964800212867149,0,0.0,0.0337,0,1
2024-03-08 11:00:00,99.69675000000001,115.22225,99.641,45.845749999999995,Amber,0.1697901221129677,0,0.0,0.0,0,0
2024-03-08 12:00:00,99.34,118.7935,99.7385,43.8745,Amber,-1.3033758196790795,0,0.0,0.0579,0,0
2024-03-08 13:00:00,99.57725,122.30675,99.283,37.836,Red,0.04845437715148964,0,0.0,0.0,0,1
2024-03-08 14:00:00,99.59275,116.83,99.6995,36.85375,Amber,0.1775667649774192,0,0.0,0.0,0,0
2024-03-08 15:00:00,99.59075,116.5825,99.56875,33.7235,Green,0.448428723950106,0,0.0,0.0,0,0
2024-03-08 16:00:00,99.6415,103.52925,99.45725,28.51725,Amber,0.5578711046542046,0,0.0,0.0,0,0
2024-03-08 17:00:00,99.28475,90.52924999999999,99.506,27.2465,Red,-1.4512681450023264,0,0.0,0.1132,0,1
2024-03-08 18:00:00,99.714,78.98175,99.39625,32.88525,Amber,1.0006183155047592,0,0.0,0.0,0,0
2024-03-08 19:00:00,99.66775,76.04725,99.35775000000001,31.27575,Amber,0.5614293103471091,0,0.0,0.0,0,0
2024-03-08 20:00:00,99.25375,55.90575,99.4295,27.58275,Amber,-1.340719760411998,0,0.0,0.1442,0,0
2024-03-08 21:00:00,99.36075,53.441,99.70975,34.6905,Green,-0.6032041966472766,0,0.0,0.1814,0,0
2024-03-08 22:00:00,99.57675,48.04975,99.40675,37.74825,Amber,0.49879204585751635,0,0.0,0.0025,0,0
2024-03-08 23:00:00,99.73349999999999,32.69375,99.4495,40.36475,Amber,0.9150126813652976,0,0.0,0.0,0,0
2024-03-09 00:00:00,99.75425,41.548500000000004,99.44575,44.35,Amber,0.9514276932275166,0,0.0,0.0,0,0
2024-03-09 01:00:00,99.868,55.87825,99.378,46.973749999999995,Amber,1.148218864088585,0,0.0579,0.0,0,0
2024-03-09 02:00:00,99.59625,45.70125,99.51675,52.4055,Amber,-0.2932045654106163,0,0.0,0.0,0,0
2024-03-09 03:00:00,99.378,51.1775,99.68299999999999,57.591,Green,-1.589681436455655,0,0.0,0.0199,0,0
2024-03-09 04:00:00,99.6365,58.925,99.64375,59.88225,Amber,-0.14603855021101886,0,0.0,0.0,0,0
2024-03-09 05:00:00,99.99725000000001,73.2425,99.46424999999999,65.58,Amber,1.3397500617905376,0,0.1871,0.0,0,0
2024-03-09 06:00:00,99.694,81.4385,99.76625,56.6965,Amber,-0.004613167475547236,0,0.071,0.0,0,0
2024-03-09 07:00:00,99.98400000000001,92.93674999999999,99.2465,56.219750000000005,Red,1.1269475254586823,0,0.2449,0.0,0,1
2024-03-09 08:00:00,99.91225,102.8255,99.5155,55.118,Amber,0.5981045216502022,0,0.3471,0.0,0,0
2024-03-09 09:00:00,99.91775,120.19125,99.51925,59.72225,Amber,0.39617112603328697,0,0.4547,0.0,0,0
2024-03-09 10:00:00,99.71075,112.67875000000001,99.4465,49.01875,Green,-1.1847278594633635,0,0.3553,0.0,0,0
2024-03-09 11:00:00,99.83575,112.34725,99.73575,54.068,Green,-0.05634131501535244,0,0.381,0.0,0,0
2024-03-09 12:00:00,99.27625,117.82249999999999,99.47375,45.801500000000004,Amber,-1.905728634931888,0,0.0,0.1217,0,0
2024-03-09 13:00:00,99.3625,117.2925,99.6005,36.9625,Amber,-1.0860211136603464,0,0.0,0.1571,0,0
2024-03-09 14:00:00,99.73925,113.96225,99.50475,35.98375,Amber,0.3793699130832614,0,0.0,0.0,0,0
2024-03-09 15:00:00,99.21825,101.242,99.51724999999999,31.648,Amber,-1.1397296870236737,0,0.0,0.1797,0,0
2024-03-09 16:00:00,99.40575,104.15275,99.41975,31.084,Amber,-0.26450235356416696,0,0.0,0.1719,0,0
2024-03-09 17:00:00,99.195,96.40225,99.51050000000001,31.176000000000002,Red,-0.8557609104853849,0,0.0,0.3748,0,1
2024-03-09 18:00:00,99.41525,79.5085,99.4195,32.397999999999996,Amber,0.132553376100279,0,0.0,0.3575,0,0
2024-03-09 19:00:00,99.122,61.58475,99.30325,30.80575,Amber,-1.011760450963172,0,0.0,0.6334,0,0
2024-03-09 20:00:00,99.5895,58.066250000000004,99.8075,32.48525,Amber,1.5105398235312373,0,0.0,0.4418,0,0
2024-03-09 21:00:00,99.577,48.0905,99.41,34.03675,Amber,1.002130420942199,0,0.0,0.2628,0,0
2024-03-09 22:00:00,99.58924999999999,43.88825,99.47325,40.70075,Amber,0.829834439238977,0,0.0,0.0714,0,0
2024-03-09 23:00:00,99.419,39.65175,99.322,43.93875,Amber,-0.1818197586175717,0,0.0,0.0504,0,0
2024-03-10 00:00:00,99.4985,41.05025,99.61375000000001,45.682249999999996,Amber,0.17994130582330772,0,0.0,0.0,0,0
2024-03-10 01:00:00,99.62825000000001,44.72975,99.44425000000001,50.51825,Amber,1.010930113866917,0,0.0,0.0,0,0
2024-03-10 02:00:00,99.58525,48.683,99.237,53.80675,Amber,0.4652996134523749,0,0.0,0.0,0,0
2024-03-10 03:00:00,99.73425,49.26025,99.73625,54.25625,Green,1.4629699690995492,0,0.0,0.0,0,0
2024-03-10 04:00:00,99.65225,64.87775,99.42925,54.30675,Amber,0.5847460265014814,0,0.0,0.0,0,0
2024-03-10 05:00:00,99.75800000000001,75.894,99.28025,62.51775000000001,Amber,1.2006558807994845,0,0.0,0.0,0,0
2024-03-10 06:00:00,99.9555,84.28625,99.613,60.60525,Amber,1.7806251186501578,0,0.1454,0.0,0,0
2024-03-10 07:00:00,99.83,95.858,99.25874999999999,60.73925,Amber,0.5919884707544382,0,0.1653,0.0,0,0
2024-03-10 08:00:00,99.80175,100.71525,99.41125,55.08225,Amber,0.12842477560313423,0,0.1569,0.0,0,0
2024-03-10 09:00:00,99.524,106.06775,99.471,54.018,Amber,-1.5344727907849482,0,0.0,0.0,0,0
2024-03-10 10:00:00,99.4345,116.2525,99.59775,50.761,Amber,-1.4298845287188862,0,0.0,0.0,0,0
2024-03-10 11:00:00,99.8045,120.05775,99.37875,48.73025,Amber,0.39614714534297524,0,0.0,0.0,0,0
2024-03-10 12:00:00,99.907,119.24225,99.30075,42.6335,Amber,0.9994912054007784,0,0.0969,0.0,0,0
2024-03-10 13:00:00,99.336,119.7755,99.4335,40.7435,Amber,-1.2793068906744216,0,0.0,0.0619,0,0
2024-03-10 14:00:00,99.60275,115.51275,99.487,33.098,Amber,0.005908856645171955,0,0.0,0.0,0,0
2024-03-10 15:00:00,99.3085,108.37475,99.5135,32.08475,Amber,-1.030624831757119,0,0.0,0.0894,0,0
2024-03-10 16:00:00,99.092,96.65899999999999,99.39375,37.622749999999996,Amber,-1.3188973097404821,0,0.0,0.3954,0,0
2024-03-10 17:00:00,99.3635,82.3725,99.39825,31.99675,Amber,-0.25280502387128506,0,0.0,0.4298,0,0
2024-03-10 18:00:00,99.42375,83.291,99.29625,30.27275,Red,0.41753569799222917,0,0.0,0.404,0,1
2024-03-10 19:00:00,99.09649999999999,66.55699999999999,99.3955,33.42425,Amber,-1.1053297485203153,0,0.0,0.7054,0,0
2024-03-10 20:00:00,99.23275,57.80075,99.4025,30.096,Amber,-0.14549380071793047,0,0.0,0.8706,0,0
2024-03-10 21:00:00,99.83924999999999,47.29575,99.3825,32.260999999999996,Amber,1.7850246083063914,0,0.0291,0.4293,0,0
2024-03-10 22:00:00,99.537,42.86125,99.286,38.6575,Amber,0.47149072151914867,0,0.0,0.2902,0,0
2024-03-10 23:00:00,99.90025,42.5405,99.53925,43.616,Green,1.2299475237867514,0,0.0901,0.0,0,0
2024-03-11 00:00:00,99.6005,33.132999999999996,99.594,45.90575,Green,0.20625729514252017,0,0.0,0.0,0,0
2024-03-11 01:00:00,99.665,36.292,99.306,52.3225,Amber,0.15016695582798414,0,0.0,0.0,0,0
2024-03-11 02:00:00,99.696,45.8705,99.67625000000001,53.26675,Amber,-0.07420422610959666,0,0.0,0.0,0,0
2024-03-11 03:00:00,99.89275,49.21525,99.295,56.332750000000004,Amber,1.1777586373788373,0,0.0826,0.0,0,0
2024-03-11 04:00:00,99.8675,60.66775,99.4985,58.77775,Amber,0.7375964713595348,0,0.14,0.0,0,0
2024-03-11 05:00:00,99.3495,66.07124999999999,99.3215,60.041250000000005,Amber,-1.6600593679675852,0,0.0,0.0484,0,0
2024-03-11 06:00:00,99.63925,79.94024999999999,99.06675,58.7225,Amber,-0.2336857816871586,0,0.0,0.0,0,0
2024-03-11 07:00:00,99.80425,89.87775,99.501,57.255750000000006,Amber,0.47755400633134815,0,0.0,0.0,0,0
2024-03-11 08:00:00,99.382,98.933,99.662,54.945499999999996,Red,-1.133187137651153,0,0.0,0.0159,0,1
2024-03-11 09:00:00,99.9865,110.524,99.68825,57.0945,Green,1.2012791668266056,0,0.1764,0.0,0,0
2024-03-11 10:00:00,99.9245,124.18225000000001,99.46225,48.7405,Amber,0.8965188508366622,0,0.2908,0.0,0,0
2024-03-11 11:00:00,99.63550000000001,112.47275,99.39325,45.8215,Amber,-0.41884210842201214,0,0.1162,0.0,0,0
2024-03-11 12:00:00,99.66725,118.44225,99.49925,45.786500000000004,Amber,-0.2997349684013004,0,0.0,0.0,0,0
2024-03-11 13:00:00,99.137,127.87075,99.66925,36.0365,Amber,-1.5051465968091395,0,0.0,0.2609,0,0
2024-03-11 14:00:00,99.7575,114.47325000000001,99.49525,32.38175,Amber,0.24088214925121693,0,0.0,0.0,0,0
2024-03-11 15:00:00,99.572,107.20775,99.30449999999999,34.5665,Amber,-0.1649866137597775,0,0.0,0.0,0,0
2024-03-11 16:00:00,99.44075,94.87725,99.3265,33.18,Amber,-0.4251256008359458,0,0.0,0.0,0,0
2024-03-11 17:00:00,99.2855,96.88,99.3475,30.596249999999998,Amber,-0.8114778045976421,0,0.0,0.1124,0,0
2024-03-11 18:00:00,99.561,74.947,99.4605,31.387500000000003,Amber,0.45967086226962545,0,0.0,0.0,0,0
2024-03-11 19:00:00,99.8205,69.6375,99.38825,31.1755,Amber,1.252012538176789,0,0.0104,0.0,0,0
2024-03-11 20:00:00,99.0625,55.2515,99.74875,32.47425,Red,-1.5097163202764834,0,0.0,0.3354,0,1
2024-03-11 21:00:00,99.3595,46.4535,99.612,32.27375,Amber,-0.2417286831807433,0,0.0,0.3739,0,0
2024-03-11 22:00:00,99.2425,49.334,99.5555,39.3435,Red,-0.54791523389229,0,0.0,0.5293,0,1
2024-03-11 23:00:00,99.12774999999999,43.073750000000004,99.34375,43.126,Red,-0.8203741089464497,0,0.0,0.7995,0,1
2024-03-12 00:00:00,99.2305,37.16875,99.52575,50.94325,Red,-0.2826118616274969,0,0.0,0.9669,0,1
2024-03-12 01:00:00,99.84525,43.18775,99.342,53.38875,Amber,1.9013239273770448,0,0.0351,0.5196,0,0
2024-03-12 02:00:00,99.64875,47.616749999999996,99.414,57.425,Amber,0.8594728428683442,0,0.0,0.2688,0,0
2024-03-12 03:00:00,99.777,52.24075,99.51625,58.0415,Amber,0.950394661027965,0,0.0,0.0,0,0
2024-03-12 04:00:00,99.695,60.2085,99.34825000000001,57.77025,Amber,0.4699888311776784,0,0.0,0.0,0,0
2024-03-12 05:00:00,99.67175,72.17575,99.41,55.88225,Amber,0.12538561885516095,0,0.0,0.0,0,0
2024-03-12 06:00:00,99.742,86.8175,99.55624999999999,62.4895,Amber,0.16430755521485768,0,0.0,0.0,0,0
2024-03-12 07:00:00,100.0,87.202,99.731,60.82425,Amber,1.9015497903164067,0,0.1899,0.0,0,0
2024-03-12 08:00:00,99.59475,102.938,99.56524999999999,57.5385,Amber,-1.094231842582386,0,0.0,0.0,0,0
2024-03-12 09:00:00,99.71424999999999,113.3805,99.4885,55.886250000000004,Amber,-0.15910087444752363,0,0.0,0.0,0,0
2024-03-12 10:00:00,99.7795,122.3135,99.482,51.057,Green,0.21136493396487352,0,0.0,0.0,0,0
2024-03-12 11:00:00,99.80324999999999,118.842,99.68424999999999,50.25425,Amber,0.23247529896147995,0,0.0,0.0,0,0
2024-03-12 12:00:00,99.733,120.3665,99.59025,42.876000000000005,Amber,-0.2828133103232707,0,0.0,0.0,0,0
2024-03-12 13:00:00,99.49799999999999,115.4375,99.254,37.1495,Amber,-1.60807723769829,0,0.0,0.0,0,0
2024-03-12 14:00:00,99.0195,112.176,99.76075,35.87175,Amber,-1.903301975414509,0,0.0,0.3784,0,0
2024-03-12 15:00:00,99.205,111.536,99.34375,33.511,Amber,-0.9153316078286083,0,0.0,0.5714,0,0
2024-03-12 16:00:00,99.3305,89.94024999999999,99.62575,31.89125,Amber,-0.3314107090562353,0,0.0,0.6388,0,0
2024-03-12 17:00:00,99.29050000000001,93.24825,99.356,25.50325,Amber,-0.22591240097669585,0,0.0,0.7462,0,0
2024-03-12 18:00:00,99.58575,79.2405,99.3205,32.40275,Amber,1.299145356706316,0,0.0,0.5584,0,0
2024-03-12 19:00:00,99.165,67.935,99.4135,30.74,Amber,-0.5300614015201908,0,0.0,0.7913,0,0
2024-03-12 20:00:00,99.0365,61.079750000000004,99.5715,33.40675,Amber,-1.2472989523080988,0,0.0,1.1528,0,0
2024-03-12 21:00:00,99.63,46.19725,99.58324999999999,36.05275,Green,1.2497480942430828,0,0.0,0.9207,0,0
2024-03-12 22:00:00,99.37625,43.66075,99.665,37.88775,Amber,0.12428295758295672,0,0.0,0.9424,0,0
2024-03-12 23:00:00,99.24875,42.9835,99.371,41.63025,Amber,-0.38936861959472524,0,0.0,1.0915,0,0
2024-03-13 00:00:00,99.61825,40.05875,99.57425,45.864999999999995,Amber,1.1241735048536126,0,0.0,0.8712,0,0
2024-03-13 01:00:00,99.7625,45.27125,99.42775,56.09675,Amber,1.1577315594404811,0,0.0,0.5066,0,0
2024-03-13 02:00:00,99.76725,50.825500000000005,99.5315,52.922,Amber,0.9483062197688117,0,0.0,0.1373,0,0
2024-03-13 03:00:00,99.3735,56.880750000000006,99.60125,54.089,Amber,-0.681524850412863,0,0.0,0.1618,0,0
2024-03-13 04:00:00,99.736,59.24675,99.50775,61.89375,Amber,0.6829929096029048,0,0.0,0.0,0,0
2024-03-13 05:00:00,99.99725000000001,67.54625,99.672,63.466750000000005,Amber,1.4030090994801867,0,0.1871,0.0,0,0
2024-03-13 06:00:00,99.724,77.4555,99.5775,62.04675,Amber,-0.013716870214029567,0,0.101,0.0,0,0
2024-03-13 07:00:00,99.94375,93.528,99.73949999999999,60.77625,Amber,0.8502784741455196,0,0.2347,0.0,0,0
2024-03-13 08:00:00,99.5205,103.49199999999999,99.491,54.81,Amber,-0.8153595862520574,0,0.0,0.0,0,0
2024-03-13 09:00:00,99.73599999999999,109.7515,99.3575,57.94975,Amber,-0.2337309170562131,0,0.0,0.0,0,0
2024-03-13 10:00:00,99.21275,116.46475000000001,99.47075,53.30525,Amber,-1.64619478695476,0,0.0,0.1852,0,0
2024-03-13 11:00:00,99.89825,114.08500000000001,99.49625,48.917,Amber,0.834586167181582,0,0.0881,0.0,0,0
2024-03-13 12:00:00,99.794,116.73575,99.514,43.85025,Amber,0.3998452480833578,0,0.072,0.0,0,0
2024-03-13 13:00:00,99.60425000000001,119.8185,99.455,39.56575,Amber,-0.09593994510954233,0,0.0,0.0,0,0
2024-03-13 14:00:00,99.482,111.62375,99.44225,34.00225,Amber,-0.5624490043939737,0,0.0,0.0,0,0
2024-03-13 15:00:00,99.86574999999999,105.71775,99.28425,32.66925,Amber,0.8424151080751684,0,0.0556,0.0,0,0
2024-03-13 16:00:00,99.49325,97.45925,99.4255,33.9015,Amber,-1.0512533359340364,0,0.0,0.0,0,0
2024-03-13 17:00:00,99.2705,95.70675,99.3575,27.03,Amber,-1.432885039891171,0,0.0,0.1274,0,0
2024-03-13 18:00:00,99.14925,76.46875,99.218,27.31175,Amber,-1.3022737955712116,0,0.0,0.3761,0,0
2024-03-13 19:00:00,99.60375,70.79875,99.32025,29.82525,Amber,0.501305002974617,0,0.0,0.1703,0,0
2024-03-13 20:00:00,99.59325,61.98175,99.274,30.40925,Amber,0.3793538562961685,0,0.0,0.0,0,0
2024-03-13 21:00:00,99.58975000000001,48.474000000000004,99.6305,33.975,Amber,0.7204778402388416,0,0.0,0.0,0,0
2024-03-13 22:00:00,99.51275,52.3805,99.53,36.90975,Amber,0.30525252800728025,0,0.0,0.0,0,0
2024-03-13 23:00:00,99.994,39.95675,99.47200000000001,39.352,Amber,1.5615462221258096,0,0.1839,0.0,0,0
2024-03-14 00:00:00,99.915,41.545249999999996,99.4795,50.838499999999996,Amber,1.0665145129095632,0,0.2888,0.0,0,0
2024-03-14 01:00:00,99.91499999999999,42.903999999999996,99.29275,51.3175,Amber,0.7701109375384391,0,0.3937,0.0,0,0
2024-03-14 02:00:00,99.79925,43.144999999999996,99.21225,52.7975,Amber,0.0596529902866754,0,0.3828,0.0,0,0
2024-03-14 03:00:00,99.68475,52.185500000000005,99.3425,53.1875,Amber,-0.6639942350253183,0,0.2575,0.0,0,0
2024-03-14 04:00:00,99.855,57.87025,99.396,58.9165,Amber,-0.05087681937814953,0,0.3023,0.0,0,0
2024-03-14 05:00:00,99.61475,68.3765,99.46175,62.82025,Amber,-1.4706600735407216,0,0.107,0.0,0,0
2024-03-14 06:00:00,99.877,73.80475,99.61175,59.641999999999996,Amber,0.730905244017956,0,0.1739,0.0,0,0
2024-03-14 07:00:00,99.2835,85.07,99.51625,58.033,Amber,-1.8171720990923623,0,0.0,0.1144,0,0
2024-03-14 08:00:00,99.7265,105.06275,99.20325,57.448750000000004,Amber,0.2452150883965296,0,0.0,0.0,0,0
2024-03-14 09:00:00,99.83225,111.12025,99.75325,53.097,Green,0.594587357965125,0,0.0221,0.0,0,0
2024-03-14 10:00:00,99.6165,111.02525,99.29849999999999,46.26775,Amber,-0.19678606985367297,0,0.0,0.0,0,0
2024-03-14 11:00:00,99.64725,114.21375,99.38725,47.27025,Amber,-0.07819192104997524,0,0.0,0.0,0,0
2024-03-14 12:00:00,99.80425,115.51275000000001,99.605,39.695,Amber,0.765980415109247,0,0.0,0.0,0,0
2024-03-14 13:00:00,99.68950000000001,118.13024999999999,99.35325,40.33425,Amber,-0.3488342273922888,0,0.0,0.0,0,0
2024-03-14 14:00:00,99.364,130.6855,99.40025,38.3735,Amber,-1.756372255283087,0,0.0,0.0339,0,0
2024-03-14 15:00:00,99.354,109.017,99.312,32.432500000000005,Red,-1.2367350133438095,0,0.0,0.0779,0,1
2024-03-14 16:00:00,99.63575,100.87675,99.407,32.698499999999996,Green,0.291072525710575,0,0.0,0.0,0,0
2024-03-14 17:00:00,99.70375,87.96825,99.461,31.5635,Amber,0.5936264515389134,0,0.0,0.0,0,0
2024-03-14 18:00:00,99.416,82.26425,99.58525,34.241749999999996,Amber,-0.668437342161902,0,0.0,0.0,0,0
2024-03-14 19:00:00,98.9,72.74000000000001,99.4975,33.205,Amber,-1.7491084463987103,0,0.0,0.4979,0,0
2024-03-14 20:00:00,99.6435,64.287,99.722,32.909,Amber,0.6719790934384661,0,0.0,0.2524,0,0
2024-03-14 21:00:00,99.322,45.19425,99.42225,36.11925,Red,-0.3805290524683429,0,0.0,0.3283,0,1
2024-03-14 22:00:00,99.39525,46.6715,99.43725,35.38125,Amber,-0.005251980251724854,0,0.0,0.331,0,0
2024-03-14 23:00:00,99.58325,51.66025,99.6845,46.69025,Green,0.7853474832171174,0,0.0,0.1456,0,0
2024-03-15 00:00:00,99.49549999999999,44.667500000000004,99.387,43.985749999999996,Green,0.3948650167477792,0,0.0,0.0481,0,0
2024-03-15 01:00:00,99.4515,40.29625,99.50625,48.7975,Red,-0.2553229113750893,0,0.0,0.0,0,1
2024-03-15 02:00:00,99.76825,47.277249999999995,99.5615,53.14275,Amber,1.6875619812918328,0,0.0,0.0,0,0
2024-03-15 03:00:00,99.81524999999999,55.255250000000004,99.23825,56.47725,Amber,1.3373008582562345,0,0.0051,0.0,0,0
2024-03-15 04:00:00,99.7475,58.6475,99.75874999999999,56.422,Green,0.6759248240699094,0,0.0,0.0,0,0
2024-03-15 05:00:00,99.75675,63.05975,99.485,63.22575,Amber,0.5386545109774232,0,0.0,0.0,0,0
2024-03-15 06:00:00,99.96549999999999,75.8165,99.57650000000001,57.505250000000004,Amber,1.2822981797720467,0,0.1554,0.0,0,0
2024-03-15 07:00:00,99.9455,91.533,99.43225,59.32475,Amber,1.1487866009944159,0,0.2908,0.0,0,0
2024-03-15 08:00:00,99.738,97.79525000000001,99.584,61.196,Amber,-0.8788568232232644,0,0.2187,0.0,0,0
2024-03-15 09:00:00,99.307,115.83875,99.7325,54.3895,Amber,-1.8412545846868684,0,0.0,0.0909,0,0
2024-03-15 10:00:00,99.61775,116.8655,99.717,51.80925,Amber,-0.42903416109182474,0,0.0,0.0,0,0
2024-03-15 11:00:00,99.8475,114.483,99.64125,50.763,Amber,0.44643435609128945,0,0.0374,0.0,0,0
2024-03-15 12:00:00,99.334,117.557,99.44375,43.1625,Amber,-1.1239702240907223,0,0.0,0.0639,0,0
2024-03-15 13:00:00,99.435,117.34475,99.4855,36.86875,Amber,-0.5015466400131928,0,0.0,0.0269,0,0
2024-03-15 14:00:00,99.45349999999999,111.60175,99.53575,33.591499999999996,Green,-0.22488252553376362,0,0.0,0.0,0,0
2024-03-15 15:00:00,99.48175,101.19075000000001,99.62975,33.8175,Amber,-0.2566678074556603,0,0.0,0.0,0,0
2024-03-15 16:00:00,99.47675000000001,103.0285,99.3555,29.25575,Amber,-0.15880521434332798,0,0.0,0.0,0,0
2024-03-15 17:00:00,99.6535,95.05675,99.488,32.158249999999995,Amber,1.7454823718368788,0,0.0,0.0,0,0
2024-03-15 18:00:00,99.28775,85.31875,99.38,30.032,Amber,-1.512959738956786,0,0.0,0.1102,0,0
2024-03-15 19:00:00,99.389,69.221,99.59175,31.424999999999997,Amber,-0.5635157297219335,0,0.0,0.1191,0,0
2024-03-15 20:00:00,99.42125,62.94975,99.50625,32.9105,Green,-0.25003723677975703,0,0.0,0.0958,0,0
2024-03-15 21:00:00,99.24549999999999,47.329499999999996,99.7535,34.165,Green,-1.1439704292833428,0,0.0,0.2482,0,0
2024-03-15 22:00:00,99.80525,44.949,99.428,43.617999999999995,Amber,1.5483379592433533,0,0.0,0.0,0,0
2024-03-15 23:00:00,99.59425,41.7665,99.60825,42.59725,Amber,0.6544190677527542,0,0.0,0.0,0,0
2024-03-16 00:00:00,99.71475,36.14925,99.38149999999999,46.73825,Amber,0.8755636166470183,0,0.0,0.0,0,0
2024-03-16 01:00:00,99.684,36.63525,99.3425,48.72875,Red,0.5112534430906107,0,0.0,0.0,0,1
2024-03-16 02:00:00,99.731,47.616749999999996,99.44675000000001,54.01,Amber,0.5092147959780143,0,0.0,0.0,0,0
2024-03-16 03:00:00,99.73349999999999,52.8665,99.664,58.62475,Amber,0.3314666087614137,0,0.0,0.0,0,0
2024-03-16 04:00:00,99.5495,63.60925,99.6215,59.6165,Amber,-1.5230646451075613,0,0.0,0.0,0,0
2024-03-16 05:00:00,99.688,66.60825,99.45525,62.21775,Amber,0.06595394993439208,0,0.0,0.0,0,0
2024-03-16 06:00:00,99.84275,79.9555,99.47725,58.44025,Amber,1.4482138692113538,0,0.0326,0.0,0,0
2024-03-16 07:00:00,99.86449999999999,89.878,99.48375,60.772999999999996,Amber,1.136731434042559,0,0.087,0.0,0,0
2024-03-16 08:00:00,99.906,100.5195,99.50925000000001,54.551249999999996,Amber,1.062934546088449,0,0.1829,0.0,0,0
2024-03-16 09:00:00,99.642,102.95675,99.314,53.483000000000004,Amber,-0.7486153895872509,0,0.0148,0.0,0,0
2024-03-16 10:00:00,99.6185,114.7645,99.57900000000001,51.92275,Amber,-1.1336909241331556,0,0.0,0.0,0,0
2024-03-16 11:00:00,99.71275,114.85375,99.58075,46.79975,Amber,-0.4214476922962244,0,0.0,0.0,0,0
2024-03-16 12:00:00,99.197,118.85225,99.5495,43.7405,Red,-1.8133193698450245,0,0.0,0.2009,0,1
2024-03-16 13:00:00,99.98625,126.97225,99.6575,41.37075,Green,1.115025821854041,0,0.1761,0.0,0,0
2024-03-16 14:00:00,99.64775,111.54725,99.55850000000001,36.34975,Green,0.054039890719240195,0,0.0138,0.0,0,0
2024-03-16 15:00:00,99.78375,112.019,99.53575000000001,34.96325,Amber,0.4829791095018781,0,0.0,0.0,0,0
2024-03-16 16:00:00,99.44624999999999,103.3085,99.2455,29.103,Amber,-0.6636595334649966,0,0.0,0.0,0,0
2024-03-16 17:00:00,99.1385,89.76375,99.35725,31.233249999999998,Red,-1.1821510125719723,0,0.0,0.2594,0,1
2024-03-16 18:00:00,99.5485,83.22375,99.48675,31.64525,Amber,-0.1487885727537704,0,0.0,0.1089,0,0
2024-03-16 19:00:00,99.36575,78.36725,99.47675000000001,30.4535,Amber,-0.5426605384011124,0,0.0,0.141,0,0
2024-03-16 20:00:00,99.627,61.294,99.6745,33.988749999999996,Amber,0.6362073566352727,0,0.0,0.0,0,0
2024-03-16 21:00:00,99.7435,51.6505,99.3555,36.603,Amber,1.2461720062593975,0,0.0,0.0,0,0
2024-03-16 22:00:00,99.23325,35.7975,99.34125,43.0545,Amber,-0.8885274077286069,0,0.0,0.1647,0,0
2024-03-16 23:00:00,99.4135,42.64375,99.57374999999999,47.0525,Amber,-0.4028915994669329,0,0.0,0.1491,0,0
2024-03-17 00:00:00,99.46475,37.8645,99.5,48.40725,Amber,-0.053639751839446664,0,0.0,0.0823,0,0
2024-03-17 01:00:00,99.643,35.716750000000005,99.389,52.049499999999995,Green,0.6564942049142134,0,0.0,0.0,0,0
2024-03-17 02:00:00,99.586,42.53225,99.372,55.5315,Red,0.39533994951818,0,0.0,0.0,0,1
2024-03-17 03:00:00,99.5275,53.81,99.69775,51.28875,Amber,0.3406467321765138,0,0.0,0.0,0,0
2024-03-17 04:00:00,99.6035,68.4255,99.68125,56.813,Amber,0.726239993217185,0,0.0,0.0,0,0
2024-03-17 05:00:00,99.65525,68.47725,99.23425,59.74225,Amber,1.0383779467605463,0,0.0,0.0,0,0
2024-03-17 06:00:00,99.92775,80.01875,99.396,57.3715,Amber,1.9309855128641866,0,0.1176,0.0,0,0
2024-03-17 07:00:00,100.0,91.338,99.65575,63.44425,Amber,1.4374053889574625,0,0.3075,0.0,0,0
2024-03-17 08:00:00,99.74625,101.67425,99.49775,56.58625,Amber,0.015420843601613823,0,0.2437,0.0,0,0
2024-03-17 09:00:00,100.0,105.65549999999999,99.92,53.82075,Green,1.0075458507248827,0,0.4336,0.0,0,0
2024-03-17 10:00:00,99.655,119.237,99.21825000000001,54.412,Amber,-1.0672391186472316,0,0.2785,0.0,0,0
2024-03-17 11:00:00,99.67699999999999,118.78325,99.49525,46.68325,Amber,-0.9822194744012546,0,0.1453,0.0,0,0
2024-03-17 12:00:00,99.22325000000001,116.84325,99.4655,44.052,Amber,-1.7233985312450708,0,0.0,0.1747,0,0
2024-03-17 13:00:00,99.4825,119.9955,99.67325,43.466499999999996,Amber,-0.5678198981295827,0,0.0,0.0901,0,0
2024-03-17 14:00:00,99.80825,112.07025,99.40375,33.32875,Amber,0.6250575230037454,0,0.0,0.0,0,0
2024-03-17 15:00:00,99.4665,113.007,99.5595,30.0255,Amber,-0.4155166229681504,0,0.0,0.0,0,0
2024-03-17 16:00:00,99.4785,103.12950000000001,99.2875,32.7825,Amber,-0.21987580963688672,0,0.0,0.0,0,0
2024-03-17 17:00:00,99.72075,90.79249999999999,99.60300000000001,29.136499999999998,Amber,0.9161566742608849,0,0.0,0.0,0,0
2024-03-17 18:00:00,99.21175,83.59,99.33175,28.3695,Amber,-1.4943061494956318,0,0.0,0.1862,0,0
2024-03-17 19:00:00,99.33324999999999,72.317,99.5715,31.448999999999998,Green,-0.7506884342240455,0,0.0,0.2509,0,0
2024-03-17 20:00:00,99.712,53.2065,99.58375,31.40325,Green,1.11015042498101,0,0.0,0.0,0,0
2024-03-17 21:00:00,99.5375,60.3565,99.57375,36.960499999999996,Amber,0.18968320505561972,0,0.0,0.0,0,0
2024-03-17 22:00:00,99.5845,45.936,99.326,38.3565,Amber,0.3300535925691907,0,0.0,0.0,0,0
2024-03-17 23:00:00,99.89025,40.66675,99.74825,41.47525,Green,1.3993081425742364,0,0.0801,0.0,0,0
2024-03-18 00:00:00,99.29875,43.05625,99.50575,45.71475,Amber,-1.1587560187684656,0,0.0,0.0992,0,0
2024-03-18 01:00:00,99.967,44.647999999999996,99.896,46.1825,Green,1.2308066480260387,0,0.1569,0.0,0,0
2024-03-18 02:00:00,99.79225,46.37975,99.464,54.15175,Green,0.45445676934921364,0,0.139,0.0,0,0
2024-03-18 03:00:00,99.819,56.397,99.624,53.581500000000005,Green,0.3821432092610071,0,0.1479,0.0,0,0
2024-03-18 04:00:00,99.7555,62.807500000000005,99.63525,58.17,Green,0.007259641855659753,0,0.0933,0.0,0,0
2024-03-18 05:00:00,99.7485,78.9345,99.60275,59.90475,Amber,0.08119187541001248,0,0.0317,0.0,0,0
2024-03-18 06:00:00,99.85025,76.6285,99.3255,56.99475,Amber,0.3491411696748256,0,0.0718,0.0,0,0
2024-03-18 07:00:00,99.79124999999999,84.6575,99.644,61.68375,Amber,-0.04022777178090347,0,0.053,0.0,0,0
2024-03-18 08:00:00,99.5445,100.1155,99.65424999999999,56.33075,Amber,-1.909446458178483,0,0.0,0.0,0,0
2024-03-18 09:00:00,99.544,98.6365,99.4,53.18325,Amber,-1.2424307701982138,0,0.0,0.0,0,0
2024-03-18 10:00:00,99.72575,107.46000000000001,99.292,49.0675,Green,0.19503164426530306,0,0.0,0.0,0,0
2024-03-18 11:00:00,99.52575,112.164,99.24975,51.26625,Amber,-0.9627309392644605,0,0.0,0.0,0,0
2024-03-18 12:00:00,99.9265,122.27875,99.19375,42.89275,Amber,1.518234920346139,0,0.1164,0.0,0,0
2024-03-18 13:00:00,99.5075,117.27775,99.41225,39.67725,Amber,-0.7322602435616389,0,0.0,0.0,0,0
2024-03-18 14:00:00,99.60849999999999,116.10374999999999,99.26375,36.6065,Amber,-0.19310022677561067,0,0.0,0.0,0,0
2024-03-18 15:00:00,99.20025,104.21600000000001,99.46925,34.033,Red,-1.574537029745951,0,0.0,0.1977,0,1
2024-03-18 16:00:00,99.16300000000001,106.35625,99.60175000000001,32.539,Red,-1.1554071061775713,0,0.0,0.4326,0,1
2024-03-18 17:00:00,99.0335,92.1595,99.3995,34.083999999999996,Amber,-1.112328522356585,0,0.0,0.797,0,0
2024-03-18 18:00:00,99.35825,80.839,99.3715,29.3955,Amber,0.21163178196487492,0,0.0,0.8367,0,0
2024-03-18 19:00:00,99.52550000000001,67.63624999999999,99.38475,28.200499999999998,Amber,0.946232782123795,0,0.0,0.7091,0,0
2024-03-18 20:00:00,99.559,56.56675,99.388,33.34825,Green,1.2011520403827967,0,0.0,0.5481,0,0
2024-03-18 21:00:00,99.3305,55.750750000000004,99.56575000000001,39.9315,Green,0.01084699292771413,0,0.0,0.6155,0,0
2024-03-18 22:00:00,99.4765,45.355000000000004,99.48975,35.1495,Amber,0.4981810127750743,0,0.0,0.5369,0,0
2024-03-18 23:00:00,99.673,49.7435,99.471,39.55575,Amber,1.4475505815131093,0,0.0,0.2619,0,0
2024-03-19 00:00:00,99.70075,47.4645,99.60575,47.4585,Amber,1.154560990472147,0,0.0,0.0,0,0
2024-03-19 01:00:00,99.53524999999999,40.532,99.4905,51.72925,Amber,-0.07817810618808094,0,0.0,0.0,0,0
2024-03-19 02:00:00,99.474,45.4025,99.3755,57.6005,Amber,-0.4174494204649124,0,0.0,0.0,0,0
2024-03-19 03:00:00,99.99625,44.58625,99.5825,53.375,Amber,1.7819300140987036,0,0.1861,0.0,0,0
2024-03-19 04:00:00,99.5175,67.32374999999999,99.6575,58.6315,Amber,-0.6865910513558025,0,0.0,0.0,0,0
2024-03-19 05:00:00,99.83375000000001,71.44475,99.5625,62.338750000000005,Amber,0.7616714128648513,0,0.0236,0.0,0,0
2024-03-19 06:00:00,99.794,80.9695,99.46625,60.30775,Amber,0.48116322408018514,0,0.0075,0.0,0,0
2024-03-19 07:00:00,99.662,89.15,99.42575,61.648250000000004,Amber,-0.25502084412597575,0,0.0,0.0,0,0
2024-03-19 08:00:00,99.78925,99.08825,99.27975,58.54375,Amber,0.146707824951157,0,0.0,0.0,0,0
2024-03-19 09:00:00,99.76075,106.1945,99.1755,52.92375,Green,0.2940164862669236,0,0.0,0.0,0,0
2024-03-19 10:00:00,99.47875,105.64075,99.40725,53.2065,Red,-1.832963172100573,0,0.0,0.0,0,1
2024-03-19 11:00:00,99.50425,115.38425000000001,99.461,48.08175,Amber,-1.1254917226648415,0,0.0,0.0,0,0
2024-03-19 12:00:00,99.22075000000001,118.0505,99.38375,43.2425,Amber,-1.6338365661971146,0,0.0,0.1772,0,0
2024-03-19 13:00:00,99.8735,119.47425,99.46775,41.5825,Green,1.0907076016060746,0,0.0634,0.0,0,0
2024-03-19 14:00:00,99.576,118.3375,99.75375,35.917249999999996,Amber,0.030512575042740804,0,0.0,0.0,0,0
2024-03-19 15:00:00,99.87275,106.32075,99.46350000000001,31.549500000000002,Green,1.1330000725730962,0,0.0626,0.0,0,0
2024-03-19 16:00:00,99.23225,96.48175,99.2465,30.29425,Amber,-1.083406410512752,0,0.0,0.1657,0,0
2024-03-19 17:00:00,99.41525,91.50025,99.32900000000001,28.8875,Amber,-0.39496034446691275,0,0.0,0.1484,0,0
2024-03-19 18:00:00,99.30025,83.00399999999999,99.599,29.07675,Red,-0.8753993911905729,0,0.0,0.246,0,1
2024-03-19 19:00:00,99.05225,69.82925,99.75575,31.5955,Amber,-1.2377602033566815,0,0.0,0.5917,0,0
2024-03-19 20:00:00,99.39175,59.419,99.74625,38.7695,Amber,0.052009345670788,0,0.0,0.5979,0,0
2024-03-19 21:00:00,99.28800000000001,57.822,99.4245,34.7725,Amber,0.061530421612438636,0,0.0,0.7078,0,0
2024-03-19 22:00:00,99.05475,48.0475,99.295,39.84375,Amber,-1.2198173562191628,0,0.0,1.051,0,0
2024-03-19 23:00:00,99.9055,34.76675,99.77074999999999,42.72775,Green,1.830696429445809,0,0.0954,0.5434,0,0
2024-03-20 00:00:00,99.632,43.244,99.47149999999999,46.97275,Amber,0.7302156644529663,0,0.0,0.3094,0,0
2024-03-20 01:00:00,99.81225,38.6965,99.54325,50.01925,Amber,0.9132889270921529,0,0.0021,0.0,0,0
2024-03-20 02:00:00,99.71375,45.28975,99.80799999999999,53.27925,Green,0.444091201275021,0,0.0,0.0,0,0
2024-03-20 03:00:00,99.63125,51.2695,99.38825,53.863,Amber,0.02118438307066978,0,0.0,0.0,0,0
2024-03-20 04:00:00,99.7925,60.212999999999994,99.40125,58.183499999999995,Amber,0.4102016317551612,0,0.0,0.0,0,0
2024-03-20 05:00:00,99.71475000000001,65.812,99.38550000000001,66.37075,Amber,-0.017399423977976763,0,0.0,0.0,0,0
2024-03-20 06:00:00,99.48425,79.84025,99.295,60.21825,Red,-1.7219617256830013,0,0.0,0.0,0,1
2024-03-20 07:00:00,99.70075,82.92425,99.33475,56.46675,Amber,0.26381010547025757,0,0.0,0.0,0,0
2024-03-20 08:00:00,99.8205,100.00175,99.556,59.4555,Amber,1.0668875857554714,0,0.0104,0.0,0,0
2024-03-20 09:00:00,99.5345,111.5835,99.5895,55.1355,Amber,-1.024940431710654,0,0.0,0.0,0,0
2024-03-20 10:00:00,100.0,115.194,99.58375000000001,53.80875,Amber,1.540868014104757,0,0.1899,0.0,0,0
2024-03-20 11:00:00,99.556,123.79125,99.64725,47.9625,Green,-0.6375027232477273,0,0.0,0.0,0,0
2024-03-20 12:00:00,99.85825,120.35,99.35875,48.777,Amber,0.6224028169607854,0,0.0481,0.0,0,0
2024-03-20 13:00:00,99.2875,119.706,99.5475,41.565,Amber,-1.4807029239338172,0,0.0,0.1104,0,0
2024-03-20 14:00:00,99.224,113.62700000000001,99.31049999999999,36.632,Amber,-1.1520062343233206,0,0.0,0.2844,0,0
2024-03-20 15:00:00,99.42099999999999,112.63874999999999,99.49175,32.816,Amber,-0.4374056654123524,0,0.0,0.2613,0,0
2024-03-20 16:00:00,99.2605,93.225,99.49375,30.5045,Red,-0.721793325472381,0,0.0,0.3987,0,1
2024-03-20 17:00:00,99.551,96.53175,99.28175,27.7525,Amber,0.48743904905985863,0,0.0,0.2456,0,0
2024-03-20 18:00:00,99.27525,77.45,99.584,28.247999999999998,Green,-0.4915608120992466,0,0.0,0.3683,0,0
2024-03-20 19:00:00,99.58375,73.2075,99.42425,32.31825,Amber,1.2674602713862106,0,0.0,0.1825,0,0
2024-03-20 20:00:00,99.4595,60.37325,99.72874999999999,29.136499999999998,Green,0.25342709132235536,0,0.0,0.1209,0,0
2024-03-20 21:00:00,99.34649999999999,51.60725,99.69725,35.121,Amber,-0.47561047334193474,0,0.0,0.1724,0,0
2024-03-20 22:00:00,99.38425,45.119749999999996,99.58425,40.179500000000004,Amber,-0.4091056024227332,0,0.0,0.186,0,0
2024-03-20 23:00:00,98.977,46.80025,99.406,41.73075,Amber,-1.7533071450640771,0,0.0,0.607,0,0
2024-03-21 00:00:00,99.72874999999999,40.5315,99.5955,46.59075,Amber,1.234748222348176,0,0.0,0.2761,0,0
2024-03-21 01:00:00,99.89125,39.586,99.70175,52.734,Green,1.336090080274604,0,0.0811,0.0,0,0
2024-03-21 02:00:00,99.77525,41.755250000000004,99.662,56.91975,Amber,0.7513816723297135,0,0.0463,0.0,0,0
2024-03-21 03:00:00,99.96125,56.8405,99.58500000000001,59.610749999999996,Amber,0.916320490075395,0,0.1974,0.0,0,0
2024-03-21 04:00:00,99.81625,58.79125,99.3575,63.26325,Amber,0.3464106355999046,0,0.2036,0.0,0,0
2024-03-21 05:00:00,99.77674999999999,70.57249999999999,99.24625,58.8255,Amber,-0.5591948005716993,0,0.1702,0.0,0,0
2024-03-21 06:00:00,99.85974999999999,81.33075,99.664,60.6165,Amber,0.17958128435844262,0,0.2198,0.0,0,0
2024-03-21 07:00:00,99.61825,95.29275,99.64675,60.10275,Amber,-1.617348682457635,0,0.028,0.0,0,0
2024-03-21 08:00:00,99.959,97.77199999999999,99.64425,57.00375,Green,0.9891020671421821,0,0.1769,0.0,0,0
2024-03-21 09:00:00,99.63425000000001,107.28399999999999,99.5605,56.02975,Amber,-1.0844640379550994,0,0.001,0.0,0,0
2024-03-21 10:00:00,99.866,119.25,99.49625,54.0805,Amber,0.5889657792434146,0,0.0569,0.0,0,0
2024-03-21 11:00:00,99.26275000000001,113.14425,99.34925,46.017250000000004,Amber,-1.722068650653854,0,0.0,0.1352,0,0
2024-03-21 12:00:00,99.85325,115.51150000000001,99.3605,44.55975,Amber,0.6097615133278361,0,0.0431,0.0,0,0
2024-03-21 13:00:00,99.34975,120.04975,99.27475,37.857749999999996,Amber,-1.04573607131108,0,0.0,0.0482,0,0
2024-03-21 14:00:00,99.80625,106.5675,99.38525,39.198,Amber,0.6710239794343833,0,0.0,0.0,0,0
2024-03-21 15:00:00,99.53575000000001,101.775,99.48025,36.009249999999994,Amber,-0.28644403921569606,0,0.0,0.0,0,0
2024-03-21 16:00:00,99.5555,98.3445,99.3775,32.107,Amber,-0.02131239745038516,0,0.0,0.0,0,0
2024-03-21 17:00:00,99.687,92.50125,99.74225,30.8765,Amber,0.2962094848102611,0,0.0,0.0,0,0
2024-03-21 18:00:00,99.4355,74.519,99.751,30.5445,Amber,-0.7617659095124237,0,0.0,0.0,0,0
2024-03-21 19:00:00,99.10825,70.30275,99.6815,36.337,Red,-1.7213441023478062,0,0.0,0.2897,0,1
2024-03-21 20:00:00,99.6335,62.60275,99.68775,34.649249999999995,Green,0.6804347912565494,0,0.0,0.0541,0,0
2024-03-21 21:00:00,99.5395,47.8015,99.26175,32.527499999999996,Amber,0.223350814705759,0,0.0,0.0,0,0
2024-03-21 22:00:00,99.8495,49.381,99.62925,38.71325,Green,1.2081987035395607,0,0.0394,0.0,0,0
2024-03-21 23:00:00,99.83075,41.06425,99.563,43.193,Amber,0.9568676603944896,0,0.06,0.0,0,0
2024-03-22 00:00:00,99.531,43.04075,99.26125,43.658,Amber,-0.1890856790832199,0,0.0,0.0,0,0
2024-03-22 01:00:00,99.8635,43.797,99.49675,55.096000000000004,Amber,0.985540749645984,0,0.0534,0.0,0,0
2024-03-22 02:00:00,99.83975000000001,48.002250000000004,99.49575,46.44975,Green,0.6058402144190114,0,0.083,0.0,0,0
2024-03-22 03:00:00,99.85775,56.5165,99.56925,58.862750000000005,Amber,0.4795924723664858,0,0.1307,0.0,0,0
2024-03-22 04:00:00,99.81025,62.737,99.5145,58.960750000000004,Amber,0.1676343208152329,0,0.1308,0.0,0,0
2024-03-22 05:00:00,99.55924999999999,66.88374999999999,99.702,60.09175,Amber,-1.1884957481207425,0,0.0,0.0,0,0
2024-03-22 06:00:00,99.71025,80.42925,99.32825,58.54575,Amber,-0.5310263078462343,0,0.0,0.0,0,0
2024-03-22 07:00:00,99.90375,85.098,99.55449999999999,60.41575,Amber,0.9804513575826018,0,0.0936,0.0,0,0
2024-03-22 08:00:00,99.70625,100.631,99.49549999999999,53.938250000000004,Amber,-0.4126529288459897,0,0.0,0.0,0,0
2024-03-22 09:00:00,99.893,114.99425,99.2955,53.685249999999996,Amber,0.9825994977002417,0,0.0829,0.0,0,0
2024-03-22 10:00:00,99.61250000000001,114.869,99.578,51.112,Amber,-0.8339545741551992,0,0.0,0.0,0,0
2024-03-22 11:00:00,99.8385,120.01525,99.5495,51.5815,Amber,0.5172498890906531,0,0.0284,0.0,0,0
2024-03-22 12:00:00,99.79050000000001,114.64375,99.5275,42.3915,Green,-0.0022025361211590534,0,0.0088,0.0,0,0
2024-03-22 13:00:00,99.54375,119.59225,99.398,37.13575,Amber,-1.385698399212777,0,0.0,0.0,0,0
2024-03-22 14:00:00,99.49625,110.51575,99.222,36.583,Amber,-1.2004248240130393,0,0.0,0.0,0,0
2024-03-22 15:00:00,99.4675,116.16375,99.68475,33.823750000000004,Amber,-1.010905156778282,0,0.0,0.0,0,0
2024-03-22 16:00:00,99.3965,97.79050000000001,99.3515,29.724249999999998,Amber,-1.057731844624835,0,0.0,0.0014,0,0
2024-03-22 17:00:00,99.598,92.81525,99.3895,28.283,Amber,0.3602836422669294,0,0.0,0.0,0,0
2024-03-22 18:00:00,99.39099999999999,72.886,99.44675000000001,29.666249999999998,Amber,-1.1175630999620296,0,0.0,0.0069,0,0
2024-03-22 19:00:00,99.30075,64.57975,99.56025,30.5125,Amber,-1.3745322536863074,0,0.0,0.1041,0,0
2024-03-22 20:00:00,98.90725,53.82225,99.429,31.796999999999997,Red,-1.852268290254886,0,0.0,0.5948,0,1
2024-03-22 21:00:00,99.39925,49.3125,99.4735,34.09725,Amber,0.2919533309538473,0,0.0,0.5935,0,0
2024-03-22 22:00:00,99.595,41.5175,99.52850000000001,35.76425,Amber,0.9045220401005245,0,0.0,0.3964,0,0
2024-03-22 23:00:00,99.76125,44.2625,99.59450000000001,42.1035,Green,1.2712100742291255,0,0.0,0.0331,0,0
2024-03-23 00:00:00,99.7125,39.27425,99.52225,50.05225,Amber,0.8376192641489003,0,0.0,0.0,0,0
2024-03-23 01:00:00,99.74125,38.870999999999995,99.57475,50.245,Amber,0.6750951705337023,0,0.0,0.0,0,0
2024-03-23 02:00:00,99.7015,38.4135,99.3435,55.09275,Amber,0.3641994045298926,0,0.0,0.0,0,0
2024-03-23 03:00:00,99.77625,56.165,99.42625,59.23675,Amber,0.9471280228186504,0,0.0,0.0,0,0
2024-03-23 04:00:00,99.95875,52.97625,99.61925000000001,58.91825,Amber,1.947243979302777,0,0.1486,0.0,0,0
2024-03-23 05:00:00,99.40899999999999,77.471,99.45224999999999,58.56175,Amber,-1.731894345069188,0,0.0,0.0,0,0
2024-03-23 06:00:00,99.75425,76.38300000000001,99.52925,59.8745,Amber,0.17255684797899246,0,0.0,0.0,0,0
2024-03-23 07:00:00,99.51225,89.78175,99.1925,65.09775,Amber,-0.8779028692068694,0,0.0,0.0,0,0
2024-03-23 08:00:00,99.92025,101.377,99.46575,57.732749999999996,Amber,0.9033897619339148,0,0.1101,0.0,0,0
2024-03-23 09:00:00,100.0,108.203,99.4225,59.3895,Amber,0.9716424097715737,0,0.3,0.0,0,0
2024-03-23 10:00:00,99.797,120.0575,99.2945,49.8345,Amber,0.2820113169272832,0,0.2869,0.0,0,0
2024-03-23 11:00:00,99.62950000000001,123.262,99.18025,45.143,Amber,-0.7728284276507034,0,0.1063,0.0,0,0
2024-03-23 12:00:00,99.75825,115.15875,99.60825,45.57225,Green,-0.06263177622282343,0,0.0545,0.0,0,0
2024-03-23 13:00:00,99.53425,123.91825,99.58375000000001,43.10225,Amber,-1.372332826906657,0,0.0,0.0,0,0
2024-03-23 14:00:00,99.58,114.5515,99.5695,36.51275,Green,-0.7933582608003178,0,0.0,0.0,0,0
2024-03-23 15:00:00,99.66075000000001,103.42275000000001,99.51925,30.807,Amber,0.0077955346013283645,0,0.0,0.0,0,0
2024-03-23 16:00:00,99.40125,104.76375,99.362,29.13225,Amber,-1.5885598047519658,0,0.0,0.0,0,0
2024-03-23 17:00:00,99.0695,95.4025,99.5125,28.1795,Red,-1.7745261645914499,0,0.0,0.3284,0,1
2024-03-23 18:00:00,99.577,79.1235,99.5535,31.81975,Green,0.4976320725759318,0,0.0,0.1494,0,0
2024-03-23 19:00:00,99.48825,64.42675,99.63475,30.663249999999998,Amber,0.11998968529144306,0,0.0,0.059,0,0
2024-03-23 20:00:00,99.51525000000001,58.71125,99.78375,33.07425,Green,0.30616133192334577,0,0.0,0.0,0,0
2024-03-23 21:00:00,99.59325,50.162499999999994,99.72175,33.078,Amber,0.7843470506961215,0,0.0,0.0,0,0
2024-03-23 22:00:00,99.60025,46.14575,99.58,43.19425,Amber,0.6219567818910392,0,0.0,0.0,0,0
2024-03-23 23:00:00,99.561,44.38975,99.513,44.57725,Amber,0.11517318946227177,0,0.0,0.0,0,0
2024-03-24 00:00:00,99.8745,44.28725,99.449,46.012,Amber,1.9377932724031341,0,0.0644,0.0,0,0
2024-03-24 01:00:00,99.70975,45.578500000000005,99.607,50.371,Amber,0.5158745173763883,0,0.0,0.0,0,0
2024-03-24 02:00:00,99.58025,46.44175,99.583,50.5355,Amber,-0.6059921318602723,0,0.0,0.0,0,0
2024-03-24 03:00:00,99.75575,57.37375,99.41499999999999,56.10775,Amber,0.616766928439777,0,0.0,0.0,0,0
2024-03-24 04:00:00,99.83925,56.0325,99.34025,50.953,Amber,0.9178352265072665,0,0.0291,0.0,0,0
2024-03-24 05:00:00,99.99674999999999,75.3985,99.418,60.670249999999996,Amber,1.4156215387575453,0,0.2158,0.0,0,0
2024-03-24 06:00:00,99.911,76.3095,99.48275,59.7815,Amber,0.753240405167111,0,0.3167,0.0,0,0
2024-03-24 07:00:00,99.89175,78.543,99.60974999999999,58.266000000000005,Amber,0.4298088296035214,0,0.3983,0.0,0,0
2024-03-24 08:00:00,99.87325,98.37525,99.31375,62.025749999999995,Amber,-0.05899369499183704,0,0.4615,0.0,0,0
2024-03-24 09:00:00,99.98325,108.242,99.559,59.5275,Amber,1.0823596936892128,0,0.6346,0.0,0,0
2024-03-24 10:00:00,99.84125,108.40375,99.71975,51.41275,Green,-1.2137172581422793,0,0.6657,0.0,0,0
2024-03-24 11:00:00,99.7505,123.747,99.56275,47.5775,Amber,-1.6111366005724208,0,0.6061,0.0,0,0
2024-03-24 12:00:00,99.661,124.701,99.498,44.95825,Amber,-1.5234674935683545,0,0.457,0.0,0,0
2024-03-24 13:00:00,98.8805,118.528,99.68025,39.55525,Amber,-1.9630094703620076,0,0.0,0.5174,0,0
2024-03-24 14:00:00,98.981,116.113,99.45675,30.1345,Red,-1.1462689762389817,0,0.0,0.9344,0,1
2024-03-24 15:00:00,99.3615,111.37375,99.6605,34.58325,Green,-0.12535759045990957,0,0.0,0.9708,0,0
2024-03-24 16:00:00,99.771,96.6275,99.686,33.137,Green,0.9396908947816309,0,0.0,0.5977,0,0
2024-03-24 17:00:00,99.17475,86.25375,99.325,32.1115,Amber,-0.36134826008355375,0,0.0,0.8209,0,0
2024-03-24 18:00:00,99.29225,82.60875,99.46825,30.6695,Amber,0.15416740986579525,0,0.0,0.9266,0,0
2024-03-24 19:00:00,99.47075000000001,69.18475,99.611,28.222,Amber,0.479114797177534,0,0.0,0.8538,0,0
2024-03-24 20:00:00,99.0235,57.5245,99.36875,37.536,Red,-1.2618888472275116,0,0.0,1.2282,0,1
2024-03-24 21:00:00,99.38725,57.524249999999995,99.357,31.673,Amber,0.13159021070289595,0,0.0,1.2389,0,0
2024-03-24 22:00:00,99.4495,44.217,99.72149999999999,39.5355,Amber,0.8612886422184745,0,0.0,1.1873,0,0
2024-03-24 23:00:00,99.57525,44.849,99.24625,41.14525,Red,1.0858893346964344,0,0.0,1.01,0,1
2024-03-25 00:00:00,99.756,45.14275,99.65075,44.81225,Amber,1.2849078520823698,0,0.0,0.6519,0,0
2024-03-25 01:00:00,99.85249999999999,49.4155,99.3475,48.88125,Amber,1.1669466761457201,0,0.0424,0.1973,0,0
2024-03-25 02:00:00,99.45775,48.51975,99.60425000000001,55.63675,Amber,-0.6530484634754602,0,0.0,0.1375,0,0
2024-03-25 03:00:00,99.96775,59.903999999999996,99.32325,55.513999999999996,Amber,1.353002360938686,0,0.1576,0.0,0,0
2024-03-25 04:00:00,99.831,58.23225,99.637,63.260000000000005,Amber,0.4795644557942252,0,0.1785,0.0,0,0
2024-03-25 05:00:00,99.53275,75.74775,99.48625,59.373000000000005,Amber,-1.0127990119513754,0,0.0,0.0,0,0
2024-03-25 06:00:00,99.80275,82.02525,99.354,59.42125,Amber,0.31049785942528263,0,0.0,0.0,0,0
2024-03-25 07:00:00,99.91875,85.27074999999999,99.58125,62.318,Amber,0.7999091491090597,0,0.1086,0.0,0,0
2024-03-25 08:00:00,100.0,97.52799999999999,99.4455,59.07925,Amber,0.9301561735452204,0,0.2985,0.0,0,0
2024-03-25 09:00:00,99.21075,102.81025,99.18525,50.237,Amber,-1.7201455954185447,0,0.0,0.1872,0,0
2024-03-25 10:00:00,99.47725,113.77575,99.57849999999999,49.71325,Green,-0.5964675990785692,0,0.0,0.1079,0,0
2024-03-25 11:00:00,99.49425,113.68424999999999,99.26774999999999,52.3245,Amber,-0.5127198000732941,0,0.0,0.0115,0,0
2024-03-25 12:00:00,99.1615,121.04525000000001,99.58675,40.5185,Amber,-1.0919951937111756,0,0.0,0.248,0,0
2024-03-25 13:00:00,99.48249999999999,116.72875,99.536,36.5655,Amber,0.038448479427254385,0,0.0,0.1634,0,0
2024-03-25 14:00:00,99.54125,114.78325,99.4445,34.48475,Green,0.8954742415932949,0,0.0,0.0201,0,0
2024-03-25 15:00:00,99.52925,108.27175,99.72725,34.424,Amber,0.5724234408406048,0,0.0,0.0,0,0
2024-03-25 16:00:00,99.47875,102.114,99.31649999999999,30.945,Amber,0.21624335384593746,0,0.0,0.0,0,0
2024-03-25 17:00:00,99.38175,94.822,99.27975,29.95025,Amber,-0.3323480424913799,0,0.0,0.0162,0,0
2024-03-25 18:00:00,99.2055,75.33375,99.40925,31.8605,Green,-1.8281042691399656,0,0.0,0.2086,0,0
2024-03-25 19:00:00,99.01050000000001,72.0795,99.49225,30.74825,Amber,-1.6481331134822508,0,0.0,0.596,0,0
2024-03-25 20:00:00,99.799,61.9905,99.5465,35.071,Amber,1.459945842154522,0,0.0,0.195,0,0
2024-03-25 21:00:00,99.46375,43.707499999999996,99.483,37.74375,Amber,0.2758046607688089,0,0.0,0.1291,0,0
2024-03-25 22:00:00,99.379,44.00775,99.423,40.5105,Amber,0.021755150179780663,0,0.0,0.1481,0,0
2024-03-25 23:00:00,99.5035,40.912,99.50675,44.09875,Amber,0.40769593200567544,0,0.0,0.0425,0,0
2024-03-26 00:00:00,99.84425,36.536,99.333,46.976749999999996,Amber,1.1306816234412436,0,0.0341,0.0,0,0
2024-03-26 01:00:00,99.7235,40.95925,99.6365,50.256249999999994,Amber,0.5382041998659978,0,0.0,0.0,0,0
2024-03-26 02:00:00,99.7235,40.299749999999996,99.45475,50.328,Amber,0.642245447369622,0,0.0,0.0,0,0
2024-03-26 03:00:00,99.809,53.3215,99.3225,51.945750000000004,Green,0.7931671348036292,0,0.0,0.0,0,0
2024-03-26 04:00:00,99.9645,57.48875,99.1525,57.674,Amber,1.312453432232717,0,0.1544,0.0,0,0
2024-03-26 05:00:00,99.5915,68.86875,99.2705,65.71600000000001,Amber,-1.4514016229977929,0,0.0,0.0,0,0
2024-03-26 06:00:00,99.834,68.148,99.28125,60.61475,Amber,0.47312393292806815,0,0.0239,0.0,0,0
2024-03-26 07:00:00,99.941,96.37125,99.6015,60.793499999999995,Amber,0.9371551850745083,0,0.1548,0.0,0,0
2024-03-26 08:00:00,99.97775,104.66925,99.38775,55.027249999999995,Amber,0.8553875104589785,0,0.3224,0.0,0,0
2024-03-26 09:00:00,99.9765,109.91,99.19749999999999,51.10075,Amber,0.6303346455199963,0,0.4888,0.0,0,0
2024-03-26 10:00:00,99.21825,119.43425,99.5925,49.46525,Amber,-1.7855844346622085,0,0.0,0.1797,0,0
2024-03-26 11:00:00,99.51325,120.23725,99.53524999999999,47.16975,Amber,-0.7389554477513878,0,0.0,0.0644,0,0
2024-03-26 12:00:00,99.73675,124.804,99.54599999999999,42.6625,Amber,0.030804819093024238,0,0.0,0.0,0,0
2024-03-26 13:00:00,99.34049999999999,121.03725,99.383,37.72075,Amber,-0.8894985682327899,0,0.0,0.0574,0,0
2024-03-26 14:00:00,99.18825,114.80775,99.37925,32.707499999999996,Red,-0.9866121807248392,0,0.0,0.2671,0,1
2024-03-26 15:00:00,99.50725,110.68975,99.607,31.646,Green,0.43108739562926696,0,0.0,0.1578,0,0
2024-03-26 16:00:00,99.57475,99.13525,99.18674999999999,35.95,Amber,0.5144841764770742,0,0.0,0.0,0,0
2024-03-26 17:00:00,99.23575,85.68599999999999,99.58825,28.704250000000002,Amber,-0.9178482217078275,0,0.0,0.1622,0,0
2024-03-26 18:00:00,99.305,82.68625,99.56775,28.59975,Green,-0.3515956557426939,0,0.0,0.2551,0,0
2024-03-26 19:00:00,99.43424999999999,69.0895,99.73475,30.56625,Green,0.3874654863716883,0,0.0,0.2188,0,0
2024-03-26 20:00:00,99.59174999999999,58.341750000000005,99.11625,28.43175,Red,1.0338102403662,0,0.0,0.025,0,1
2024-03-26 21:00:00,99.2055,49.10825,99.71975,38.98475,Amber,-1.1023352290030843,0,0.0,0.2174,0,0
2024-03-26 22:00:00,99.59075,45.52475,99.41175,41.974,Amber,1.144818483716627,0,0.0,0.0246,0,0
2024-03-26 23:00:00,99.38225,45.6595,99.48425,45.4215,Amber,-0.23286596649371952,0,0.0,0.0403,0,0
2024-03-27 00:00:00,99.82625,40.9995,99.811,51.764,Green,1.5042889898688603,0,0.0161,0.0,0,0
2024-03-27 01:00:00,99.757,46.34225,99.38374999999999,48.94775,Amber,0.8541408176525506,0,0.0,0.0,0,0
2024-03-27 02:00:00,99.46875,42.09075,99.475,53.6605,Amber,-0.2979055733872944,0,0.0,0.0,0,0
2024-03-27 03:00:00,99.68425,60.93625,99.63125,52.248000000000005,Amber,0.38691173423281827,0,0.0,0.0,0,0
2024-03-27 04:00:00,99.721,59.5195,99.5265,55.30925,Amber,0.4640403864622667,0,0.0,0.0,0,0
2024-03-27 05:00:00,99.89125,62.59,99.3115,61.985,Amber,1.1421542966108413,0,0.0811,0.0,0,0
2024-03-27 06:00:00,99.59125,75.532,99.31725,57.58975,Green,-0.6522966198108732,0,0.0,0.0,0,0
2024-03-27 07:00:00,99.73625,97.402,99.47874999999999,57.2795,Amber,0.37901446816412143,0,0.0,0.0,0,0
2024-03-27 08:00:00,99.63325,93.10575,99.5255,55.6815,Green,-0.731981262454934,0,0.0,0.0,0,0
2024-03-27 09:00:00,100.0,109.19675,99.39399999999999,58.80575,Amber,1.526168894486245,0,0.1899,0.0,0,0
2024-03-27 10:00:00,99.93025,111.9195,99.54275,54.55025,Amber,0.7941307393784343,0,0.31,0.0,0,0
2024-03-27 11:00:00,99.67150000000001,121.18275,99.55,51.833,Amber,-0.5322872820108487,0,0.1714,0.0,0,0
2024-03-27 12:00:00,99.73725,116.295,99.7465,45.691,Green,-0.3233625691981607,0,0.0986,0.0,0,0
2024-03-27 13:00:00,99.47675000000001,119.11725,99.47225,42.328,Amber,-1.361088008141655,0,0.0,0.0,0,0
2024-03-27 14:00:00,99.65375,117.369,99.401,39.295,Green,-0.47383835652015716,0,0.0,0.0,0,0
2024-03-27 15:00:00,99.38550000000001,106.1695,99.4365,31.80475,Amber,-1.33152661470935,0,0.0,0.0124,0,0
2024-03-27 16:00:00,99.301,95.92025,99.35775,29.128999999999998,Red,-1.3478722515710297,0,0.0,0.1094,0,1
2024-03-27 17:00:00,99.51124999999999,94.7305,99.40074999999999,28.501,Amber,0.0020469555108737934,0,0.0,0.0,0,0
2024-03-27 18:00:00,99.5095,79.9995,99.41625,31.45825,Amber,0.30300225031926353,0,0.0,0.0,0,0
2024-03-27 19:00:00,99.70525,65.368,99.53999999999999,31.34325,Amber,1.2643857853065412,0,0.0,0.0,0,0
2024-03-27 20:00:00,99.1635,62.89425,99.342,33.58925,Amber,-1.4076284831668537,0,0.0,0.2344,0,0
2024-03-27 21:00:00,99.4735,51.7755,99.42575,35.520250000000004,Amber,0.15676243935811948,0,0.0,0.1589,0,0
2024-03-27 22:00:00,99.362,50.24275,99.4275,36.948750000000004,Green,-0.5109049552788502,0,0.0,0.1948,0,0
2024-03-27 23:00:00,99.55575,35.02425,99.45224999999999,45.8335,Green,0.5115195581014286,0,0.0,0.037,0,0
2024-03-28 00:00:00,99.9785,45.50475,99.7295,45.792,Green,1.5557023394113105,0,0.1684,0.0,0,0
2024-03-28 01:00:00,99.54225,40.3065,99.50200000000001,49.87775,Amber,0.10966855665887187,0,0.0,0.0,0,0
2024-03-28 02:00:00,99.724,43.476,99.42675,53.7635,Green,0.5427233487161439,0,0.0,0.0,0,0
2024-03-28 03:00:00,100.0,50.715,99.41550000000001,62.4145,Amber,1.1959952358863195,0,0.1899,0.0,0,0
2024-03-28 04:00:00,99.8275,59.06675,99.57050000000001,58.314499999999995,Amber,0.2811448891673881,0,0.2073,0.0,0,0
2024-03-28 05:00:00,99.64375,74.9425,99.334,56.807,Amber,-0.7758811878899828,0,0.0409,0.0,0,0
2024-03-28 06:00:00,99.71325,84.10175,99.43375,55.9895,Amber,-0.18081905288679775,0,0.0,0.0,0,0
2024-03-28 07:00:00,100.0,94.97975,99.4115,56.125750000000004,Amber,1.1917253369736247,0,0.1899,0.0,0,0
2024-03-28 08:00:00,99.805,93.99425,99.62875,63.74375,Amber,-0.18194464873672014,0,0.1848,0.0,0,0
2024-03-28 09:00:00,99.67425,112.42975,99.338,56.232,Amber,-0.7882562248648013,0,0.0489,0.0,0,0
2024-03-28 10:00:00,99.764,112.9565,99.6105,47.04425,Amber,-0.021094104374315883,0,0.0028,0.0,0,0
2024-03-28 11:00:00,99.886,114.6755,99.34,49.19475,Amber,0.6587625096749994,0,0.0787,0.0,0,0
2024-03-28 12:00:00,99.837,124.636,99.60925,39.64025,Green,0.08392178871728175,0,0.1056,0.0,0,0
2024-03-28 13:00:00,99.28375,126.665,99.448,40.73625,Red,-1.929938277043443,0,0.0,0.1142,0,1
2024-03-28 14:00:00,99.54825,107.93525,99.51599999999999,36.9875,Amber,-0.5274085556339413,0,0.0,0.0,0,0
2024-03-28 15:00:00,99.33375000000001,117.0815,99.5905,32.752,Amber,-1.0578862838465517,0,0.0,0.0642,0,0
2024-03-28 16:00:00,99.2985,104.73775,99.2045,31.27,Amber,-0.8508037145165316,0,0.0,0.1636,0,0
2024-03-28 17:00:00,99.37525,89.1895,99.36149999999999,29.53025,Red,-0.33096582490986826,0,0.0,0.1863,0,1
2024-03-28 18:00:00,99.46549999999999,73.78075,99.42475,29.575000000000003,Amber,0.7856764470275378,0,0.0,0.1187,0,0
2024-03-28 19:00:00,99.0255,69.83,99.53875,31.833000000000002,Amber,-1.7587735683371877,0,0.0,0.4911,0,0
2024-03-28 20:00:00,99.45275,65.19449999999999,99.52674999999999,30.97225,Amber,0.7938422415925217,0,0.0,0.4363,0,0
2024-03-28 21:00:00,99.61525,58.86575,99.628,36.65775,Green,1.2159035840262882,0,0.0,0.219,0,0
2024-03-28 22:00:00,99.39175,44.90325,99.3915,38.8485,Amber,0.020760848618243018,0,0.0,0.2252,0,0
2024-03-28 23:00:00,99.7315,42.072500000000005,99.32325,40.6045,Amber,1.1804602986661876,0,0.0,0.0,0,0
2024-03-29 00:00:00,99.50975,39.50675,99.82275,45.7595,Green,0.2283447596283215,0,0.0,0.0,0,0
2024-03-29 01:00:00,99.52074999999999,37.94425,99.60075,50.757999999999996,Amber,-0.13399842069092766,0,0.0,0.0,0,0
2024-03-29 02:00:00,99.832,44.664500000000004,99.4485,52.186749999999996,Amber,1.4425356015411772,0,0.0219,0.0,0,0
2024-03-29 03:00:00,99.44475,60.60725,99.7775,60.746,Amber,-0.7376141684252149,0,0.0,0.0,0,0
2024-03-29 04:00:00,99.9445,61.91,99.46625,56.17125,Amber,1.3898301863574405,0,0.1344,0.0,0,0
2024-03-29 05:00:00,99.764,67.08875,99.71675,58.752,Amber,0.4631001763191001,0,0.0883,0.0,0,0
2024-03-29 06:00:00,99.76975,75.63125,99.4755,62.89,Amber,0.2990123770898541,0,0.0479,0.0,0,0
2024-03-29 07:00:00,99.62575,85.566,99.757,62.552499999999995,Amber,-0.5998447095101063,0,0.0,0.0,0,0
2024-03-29 08:00:00,99.74875,104.104,99.48325,58.37825,Amber,0.1940866596520123,0,0.0,0.0,0,0
2024-03-29 09:00:00,99.8435,111.19975,99.53975,55.0005,Amber,0.5735104355452563,0,0.0334,0.0,0,0
2024-03-29 10:00:00,99.69550000000001,107.4315,99.4235,51.269,Amber,-0.6188743893693082,0,0.0,0.0,0,0
2024-03-29 11:00:00,99.61175,120.31575,99.46325,45.0025,Amber,-1.1687957317855584,0,0.0,0.0,0,0
2024-03-29 12:00:00,99.68475000000001,120.71124999999999,99.521,45.17575,Green,-0.19797808666957836,0,0.0,0.0,0,0
2024-03-29 13:00:00,99.7035,113.667,99.71875,41.36525,Amber,-0.1442529659654713,0,0.0,0.0,0,0
2024-03-29 14:00:00,99.332,116.1395,99.5145,36.31275,Amber,-1.8324858975262184,0,0.0,0.0659,0,0
2024-03-29 15:00:00,99.5415,104.88475,99.59174999999999,29.0765,Amber,-0.37297091048590536,0,0.0,0.0,0,0
2024-03-29 16:00:00,99.49225,88.9735,99.36225,30.24325,Amber,-0.49652295722468553,0,0.0,0.0,0,0
2024-03-29 17:00:00,99.49925,91.94325,99.585,30.13375,Amber,-0.3118783861109293,0,0.0,0.0,0,0
2024-03-29 18:00:00,99.20949999999999,81.13925,99.39500000000001,28.6695,Amber,-1.4754570305896333,0,0.0,0.1884,0,0
2024-03-29 19:00:00,99.056,65.959,99.5875,25.88775,Red,-1.5526456930069872,0,0.0,0.5304,0,1
2024-03-29 20:00:00,99.23675,64.3285,99.7525,32.46125,Amber,-0.5155421647407824,0,0.0,0.6915,0,0
2024-03-29 21:00:00,99.904,56.207499999999996,99.3495,31.76775,Amber,1.6744679549611243,0,0.0939,0.1855,0,0
2024-03-29 22:00:00,99.88675,46.49975,99.53524999999999,39.1295,Amber,1.162949892491261,0,0.1705,0.0,0,0
2024-03-29 23:00:00,99.35425000000001,41.64725,99.51375,44.583,Amber,-0.23860088086608053,0,0.0,0.0437,0,0
2024-03-30 00:00:00,99.8775,40.83975,99.35675,43.61825,Amber,0.8525515790441038,0,0.0674,0.0,0,0
2024-03-30 01:00:00,99.45325,33.91475,99.518,48.76675,Amber,-0.5436216100030578,0,0.0,0.0,0,0
2024-03-30 02:00:00,99.9645,47.497749999999996,99.896,50.59325,Green,0.8498714258847938,0,0.1544,0.0,0,0
2024-03-30 03:00:00,99.90675,52.34625,99.72975,58.212500000000006,Amber,0.6286580819930813,0,0.251,0.0,0,0
2024-03-30 04:00:00,99.93975,55.9555,99.34525000000001,55.49,Amber,0.7023451504198909,0,0.3807,0.0,0,0
2024-03-30 05:00:00,99.70325,68.9465,99.41525,62.579499999999996,Amber,-0.5302741416884167,0,0.2738,0.0,0,0
2024-03-30 06:00:00,99.69375,77.97749999999999,99.69624999999999,60.980000000000004,Amber,-0.42020660452867814,0,0.1575,0.0,0,0
2024-03-30 07:00:00,99.97625,95.501,99.37425,56.484,Amber,0.86013547111711,0,0.3236,0.0,0,0
2024-03-30 08:00:00,99.55850000000001,100.13475,99.5475,59.56425,Amber,-1.4171144144361785,0,0.072,0.0,0,0
2024-03-30 09:00:00,99.66525,109.778,99.2285,54.85575,Amber,-0.5506595170193098,0,0.0,0.0,0,0
2024-03-30 10:00:00,99.61075,118.16550000000001,99.6335,49.0025,Green,-0.6231696418336209,0,0.0,0.0,0,0
2024-03-30 11:00:00,99.49575,112.09875,99.594,44.527,Amber,-1.0194291060285885,0,0.0,0.0,0,0
2024-03-30 12:00:00,99.72575,124.64000000000001,99.60925,39.03475,Green,0.3173615481058736,0,0.0,0.0,0,0
2024-03-30 13:00:00,99.54875,112.502,99.663,40.783500000000004,Amber,-0.6184987087898052,0,0.0,0.0,0,0
2024-03-30 14:00:00,99.5555,117.48575,99.277,39.5775,Amber,-0.530381224960571,0,0.0,0.0,0,0
2024-03-30 15:00:00,99.6365,103.6915,99.497,33.27075,Green,0.5076508376556294,0,0.0,0.0,0,0
2024-03-30 16:00:00,99.03325,96.6325,99.1445,30.98175,Amber,-1.9252832281837537,0,0.0,0.3647,0,0
2024-03-30 17:00:00,99.28775,89.21025,99.096,29.22275,Red,-0.6878729965813649,0,0.0,0.4749,0,1
2024-03-30 18:00:00,99.541,83.09125,99.7105,28.863,Green,0.46800746034558527,0,0.0,0.3318,0,0
2024-03-30 19:00:00,99.5145,76.469,99.529,32.42875,Amber,0.38230176768819907,0,0.0,0.2152,0,0
2024-03-30 20:00:00,99.6885,54.872,99.35025,32.16275,Green,0.9660549479366112,0,0.0,0.0,0,0
2024-03-30 21:00:00,99.30324999999999,47.66675,99.5455,38.894,Amber,-0.3917488587779215,0,0.0,0.0947,0,0
2024-03-30 22:00:00,99.51225,45.44625,99.60875,40.01425,Amber,0.2460391712853438,0,0.0,0.0,0,0
2024-03-30 23:00:00,99.59025,42.874,99.834,44.824,Amber,0.5139588536621458,0,0.0,0.0,0,0
2024-03-31 00:00:00,99.79625,34.646249999999995,99.75375,48.61525,Amber,1.3518013085496465,0,0.0,0.0,0,0
2024-03-31 01:00:00,99.2875,42.18425,99.62725,48.02575,Green,-1.1811529741162707,0,0.0,0.1104,0,0
2024-03-31 02:00:00,99.65375,48.727999999999994,99.3435,51.138,Amber,0.6491397477079766,0,0.0,0.0,0,0
2024-03-31 03:00:00,99.80475,56.07075,99.601,55.32975,Amber,1.016256575287083,0,0.0,0.0,0,0
2024-03-31 04:00:00,99.9455,59.781,99.597,60.8675,Amber,1.1604866808924652,0,0.1354,0.0,0,0
2024-03-31 05:00:00,99.82375,64.16975,99.23599999999999,62.7805,Amber,0.45591742144997965,0,0.149,0.0,0,0
2024-03-31 06:00:00,99.74875,84.33924999999999,99.4235,64.39625,Amber,0.16683134943688468,0,0.0877,0.0,0,0
2024-03-31 07:00:00,100.0,99.68675,99.48475,58.841499999999996,Green,1.3437135540533462,0,0.2776,0.0,0,0
2024-03-31 08:00:00,99.92325,99.36825,99.63175,53.33575,Green,0.5076717615567669,0,0.3907,0.0,0,0
2024-03-31 09:00:00,99.76599999999999,95.57849999999999,99.498,55.39425,Amber,-0.9888879635111815,0,0.3466,0.0,0,0
2024-03-31 10:00:00,99.53575000000001,111.70925,99.71600000000001,49.6435,Green,-1.6402406548710042,0,0.0722,0.0,0,0
2024-03-31 11:00:00,99.77525,120.08175,99.47125,49.54775,Amber,-0.10117582007824567,0,0.0374,0.0,0,0
2024-03-31 12:00:00,99.85300000000001,127.69775,99.534,41.83975,Amber,0.27457872948333795,0,0.0803,0.0,0,0
2024-03-31 13:00:00,99.75,114.445,99.492,43.18175,Green,-0.1314843987165589,0,0.0202,0.0,0,0
2024-03-31 14:00:00,99.30250000000001,107.847,99.5635,35.07875,Amber,-1.7501489087269777,0,0.0,0.0954,0,0
2024-03-31 15:00:00,99.42275,108.98975,99.44525,36.77675,Amber,-0.8371191002753763,0,0.0,0.0706,0,0
2024-03-31 16:00:00,99.727,98.0915,99.476,28.30725,Amber,0.4006537605463591,0,0.0,0.0,0,0
2024-03-31 17:00:00,99.3725,96.63425,99.269,30.6495,Amber,-0.8564580284406174,0,0.0,0.0254,0,0
2024-03-31 18:00:00,99.42425,82.06275,99.453,31.953000000000003,Green,-0.3972604974218137,0,0.0,0.0,0,0
2024-03-31 19:00:00,99.48400000000001,66.3405,99.3655,29.439999999999998,Amber,0.1949389515663298,0,0.0,0.0,0,0
2024-03-31 20:00:00,99.517,56.498,99.57475,35.03525,Amber,0.20411258563108156,0,0.0,0.0,0,0
2024-03-31 21:00:00,99.67975,43.334,99.488,32.22725,Amber,1.0330795325154387,0,0.0,0.0,0,0
2024-03-31 22:00:00,99.5265,45.09675,99.54825,40.47125,Amber,0.2450910481148459,0,0.0,0.0,0,0
2024-03-31 23:00:00,99.17699999999999,43.45325,99.517,41.0685,Red,-1.7552197212983807,0,0.0,0.2209,0,1
2024-04-01 00:00:00,99.60525,42.43775,99.31475,42.656,Amber,0.6199477117557451,0,0.0,0.0136,0,0
2024-04-01 01:00:00,99.8205,40.762,99.4875,50.565000000000005,Amber,1.231104528082945,0,0.0104,0.0,0,0
2024-04-01 02:00:00,99.77875,42.87725,99.38625,54.4275,Amber,0.776186292305681,0,0.0,0.0,0,0
2024-04-01 03:00:00,99.67625,54.24925,99.53625,57.65125,Amber,0.33898270866597335,0,0.0,0.0,0,0
2024-04-01 04:00:00,99.8575,58.76425,99.505,59.09675,Amber,0.8164634573513769,0,0.0474,0.0,0,0
2024-04-01 05:00:00,99.93525,70.28625,99.39375,59.2605,Amber,1.293423323906056,0,0.1725,0.0,0,0
2024-04-01 06:00:00,99.689,79.1215,99.32075,62.1,Amber,-1.0408222193600993,0,0.0514,0.0,0,0
2024-04-01 07:00:00,99.9285,85.34225,99.54225,55.93,Amber,1.0277877240175144,0,0.1698,0.0,0,0
2024-04-01 08:00:00,99.934,91.05075,99.44275,57.597,Green,0.7908921582627118,0,0.2937,0.0,0,0
2024-04-01 09:00:00,99.674,106.5035,99.5515,57.72775,Amber,-1.3142261435645435,0,0.1576,0.0,0,0
2024-04-01 10:00:00,99.84725,112.28450000000001,99.4485,52.2295,Amber,0.10207793060160689,0,0.1947,0.0,0,0
2024-04-01 11:00:00,99.63675,124.38075,99.66425,50.1575,Amber,-1.103245941866545,0,0.0214,0.0,0,0
2024-04-01 12:00:00,99.58975000000001,126.3425,99.55675,39.596000000000004,Amber,-1.1655602772689142,0,0.0,0.0,0,0
2024-04-01 13:00:00,99.27325,117.53125,99.46475,39.31725,Amber,-1.6751092152996672,0,0.0,0.1247,0,0
2024-04-01 14:00:00,99.12725,110.80199999999999,99.59275,41.88725,Red,-1.472453073671583,0,0.0,0.3954,0,1
2024-04-01 15:00:00,99.7885,108.9975,99.48025,33.68925,Amber,0.8551612199761641,0,0.0,0.0048,0,0
2024-04-01 16:00:00,99.3225,103.4935,99.5945,33.57875,Green,-0.5286827932321607,0,0.0,0.0802,0,0
2024-04-01 17:00:00,99.091,97.51925,99.369,28.66425,Red,-1.0063277963480968,0,0.0,0.3871,0,1
2024-04-01 18:00:00,99.6185,83.40775,99.36925,30.587249999999997,Amber,0.8946062671988421,0,0.0,0.1666,0,0
2024-04-01 19:00:00,99.56375,76.35425,99.5305,29.162,Green,0.513693689142816,0,0.0,0.0008,0,0
2024-04-01 20:00:00,99.52725,61.3225,99.6675,29.16375,Amber,0.17158929473601325,0,0.0,0.0,0,0
2024-04-01 21:00:00,99.63425000000001,53.59,99.30625,35.75625,Green,0.8220536518893923,0,0.0,0.0,0,0
2024-04-01 22:00:00,99.42275000000001,43.820750000000004,99.4915,36.68275,Green,-0.26310589391820266,0,0.0,0.0,0,0
2024-04-01 23:00:00,99.4365,36.00325,99.617,44.93825,Amber,-1.0881708874320435,0,0.0,0.0,0,0
2024-04-02 00:00:00,99.8015,40.21625,99.36825,44.969,Red,1.6863296956435954,0,0.0,0.0,0,1
2024-04-02 01:00:00,99.65675,38.7595,99.459,50.83825,Amber,0.5282705752791205,0,0.0,0.0,0,0
2024-04-02 02:00:00,99.77475,38.77625,99.762,54.95975,Amber,0.9492970531058472,0,0.0,0.0,0,0
2024-04-02 03:00:00,99.83025,51.285250000000005,99.58875,52.62925,Green,0.9623398569766277,0,0.0201,0.0,0,0
2024-04-02 04:00:00,99.82925,61.64175,99.51075,53.821,Amber,0.7011261270479883,0,0.0393,0.0,0,0
2024-04-02 05:00:00,99.435,66.09625,99.3505,60.432,Amber,-1.8558992977242563,0,0.0,0.0,0,0
2024-04-02 06:00:00,99.57075,88.39525,99.3495,60.04775,Amber,-0.7050060766136749,0,0.0,0.0,0,0
2024-04-02 07:00:00,99.726,96.06625,99.36275,64.50725,Amber,0.1989513400868818,0,0.0,0.0,0,0
2024-04-02 08:00:00,99.8755,104.652,99.40424999999999,53.56725,Amber,0.9448247835978829,0,0.0654,0.0,0,0
2024-04-02 09:00:00,99.76425,112.19725,99.67125,52.731,Green,0.3842640987717074,0,0.0195,0.0,0,0
2024-04-02 10:00:00,99.5695,117.101,99.29725,52.52475,Amber,-0.5450143527561699,0,0.0,0.0,0,0
2024-04-02 11:00:00,99.54525,117.1195,99.5635,50.234,Amber,-0.9708123101126543,0,0.0,0.0,0,0
2024-04-02 12:00:00,99.39125,121.17875000000001,99.38250000000001,44.9785,Amber,-1.4477685196512817,0,0.0,0.0067,0,0
2024-04-02 13:00:00,99.769,122.51249999999999,99.334,35.741749999999996,Amber,0.6465912688888344,0,0.0,0.0,0,0
2024-04-02 14:00:00,99.513,117.719,99.30325,37.428,Amber,-0.5323366622022924,0,0.0,0.0,0,0
2024-04-02 15:00:00,99.21424999999999,111.31925,99.44800000000001,30.531000000000002,Red,-1.5387218667476303,0,0.0,0.1837,0,1
2024-04-02 16:00:00,99.47749999999999,110.40625,99.5855,36.34225,Amber,-0.041238892942921546,0,0.0,0.1041,0,0
2024-04-02 17:00:00,99.315,91.99525,99.663,27.984,Amber,-0.686968355350296,0,0.0,0.187,0,0
2024-04-02 18:00:00,99.15325,83.6475,99.48474999999999,27.58775,Amber,-1.1186864638527962,0,0.0,0.4317,0,0
2024-04-02 19:00:00,99.36375,68.31774999999999,99.5995,33.72775,Green,0.17116046144101157,0,0.0,0.4659,0,0
2024-04-02 20:00:00,99.4995,54.648250000000004,99.53450000000001,32.38325,Amber,1.1701582900979914,0,0.0,0.3643,0,0
2024-04-02 21:00:00,99.4635,55.2825,99.49674999999999,36.32625,Amber,0.6437694576986162,0,0.0,0.2988,0,0
2024-04-02 22:00:00,99.58675,49.229749999999996,99.52025,40.46225,Amber,1.2345119767838346,0,0.0,0.1099,0,0
2024-04-02 23:00:00,99.38525,41.337,99.39125,46.706,Amber,-0.1573221903243921,0,0.0,0.1226,0,0
2024-04-03 00:00:00,99.596,40.8635,99.40625,46.180499999999995,Amber,1.1593197366075692,0,0.0,0.0,0,0
2024-04-03 01:00:00,99.725,43.67675,99.708,55.41225,Amber,1.5307114440518972,0,0.0,0.0,0,0
2024-04-03 02:00:00,99.79425,48.6165,99.62575,54.447,Amber,1.3184771623252172,0,0.0,0.0,0,0
2024-04-03 03:00:00,99.96625,53.73775,99.50875,56.335,Amber,1.455046829381091,0,0.1561,0.0,0,0
2024-04-03 04:00:00,99.80975,62.60275,99.3715,58.95375,Amber,0.48337089112640785,0,0.1558,0.0,0,0
2024-04-03 05:00:00,99.8485,72.66425000000001,99.28649999999999,57.81175,Amber,0.47249313551282285,0,0.1942,0.0,0,0
2024-04-03 06:00:00,99.77825,77.09825000000001,99.26775,58.77575,Amber,-0.5123219031234597,0,0.1623,0.0,0,0
2024-04-03 07:00:00,99.75800000000001,84.61525,99.60475,57.5045,Amber,-0.900811040276064,0,0.1102,0.0,0,0
2024-04-03 08:00:00,99.92275000000001,103.58675,99.4305,53.74925,Amber,0.915630785379566,0,0.2228,0.0,0,0
2024-04-03 09:00:00,99.7065,108.81,99.46275,55.852000000000004,Amber,-1.2931336128130633,0,0.1192,0.0,0,0
2024-04-03 10:00:00,99.90475,115.875,99.70775,51.56,Green,0.9873346028556307,0,0.2139,0.0,0,0
2024-04-03 11:00:00,99.67775,125.9225,99.39225,51.80825,Green,-1.1190194492107346,0,0.0815,0.0,0,0
2024-04-03 12:00:00,99.75325000000001,120.65925,99.45824999999999,41.628249999999994,Amber,-0.3303990819238407,0,0.0247,0.0,0,0
2024-04-03 13:00:00,99.7465,115.5365,99.4305,40.20675,Amber,-0.3747158663952917,0,0.0,0.0,0,0
2024-04-03 14:00:00,99.4525,116.893,99.56425,34.9135,Amber,-1.7273644682114802,0,0.0,0.0,0,0
2024-04-03 15:00:00,99.787,106.56524999999999,99.10875,32.67775,Amber,0.4422326939804388,0,0.0,0.0,0,0
2024-04-03 16:00:00,99.19175,99.04675,99.36325,31.902250000000002,Amber,-1.7489957619705951,0,0.0,0.2062,0,0
2024-04-03 17:00:00,99.71375,90.93125,99.57300000000001,28.35,Amber,0.4484070623580236,0,0.0,0.0,0,0
2024-04-03 18:00:00,99.45175,77.031,99.60025,25.9225,Amber,-0.45484416074593614,0,0.0,0.0,0,0
2024-04-03 19:00:00,99.3535,73.23925,99.53450000000001,31.627000000000002,Amber,-0.6196870694409982,0,0.0,0.0444,0,0
2024-04-03 20:00:00,99.51275,60.596999999999994,99.53399999999999,29.440749999999998,Amber,0.049490273115957294,0,0.0,0.0,0,0
2024-04-03 21:00:00,99.06475,46.90875,99.34075,38.77525,Amber,-1.3633673438333629,0,0.0,0.3332,0,0
2024-04-03 22:00:00,99.33125,54.673,99.6065,39.8665,Amber,-0.3399157138176139,0,0.0,0.3999,0,0
2024-04-03 23:00:00,99.715,33.7955,99.38725,45.755,Amber,1.4344913941964479,0,0.0,0.0828,0,0
2024-04-04 00:00:00,99.81125,39.082750000000004,99.505,48.074,Green,1.2649184454483715,0,0.0011,0.0,0,0
2024-04-04 01:00:00,99.726,39.746,99.48975,53.38225,Amber,0.6972748228712019,0,0.0,0.0,0,0
2024-04-04 02:00:00,99.78625,45.749,99.54625,50.5055,Amber,0.7030259076639248,0,0.0,0.0,0,0
2024-04-04 03:00:00,99.96875,50.84125,99.48275,55.332,Amber,1.1562282829299482,0,0.1586,0.0,0,0
2024-04-04 04:00:00,99.76775,55.3775,99.4385,60.609750000000005,Amber,-0.3048609406303403,0,0.1163,0.0,0,0
2024-04-04 05:00:00,99.765,69.85325,99.85125,56.9145,Amber,-0.4588570846975064,0,0.0712,0.0,0,0
2024-04-04 06:00:00,99.83325,77.20325,99.4865,59.87075,Amber,0.29488910173154714,0,0.0943,0.0,0,0
2024-04-04 07:00:00,99.62475,91.59450000000001,99.515,57.5355,Amber,-1.4894952467658398,0,0.0,0.0,0,0
2024-04-04 08:00:00,99.73925,101.03325,99.34625,59.907000000000004,Amber,-0.38617293254908786,0,0.0,0.0,0,0
2024-04-04 09:00:00,99.81275,102.90625,99.6385,55.1025,Green,0.7582712629058572,0,0.0026,0.0,0,0
2024-04-04 10:00:00,99.754,113.866,99.73725,52.2505,Green,-0.01138839737735348,0,0.0,0.0,0,0
2024-04-04 11:00:00,99.86475,122.46225,99.51425,48.23175,Amber,1.083146930009597,0,0.0546,0.0,0,0
2024-04-04 12:00:00,99.72525,117.88875,99.48875,47.3155,Red,-0.34479949684469213,0,0.0,0.0,0,1
2024-04-04 13:00:00,99.06425,115.636,99.5205,47.405,Amber,-2.0094472157205607,0,0.0,0.3337,0,0
2024-04-04 14:00:00,99.649,120.80175,99.45224999999999,30.468249999999998,Amber,0.013607681350210234,0,0.0,0.0826,0,0
2024-04-04 15:00:00,99.818,109.082,99.504,35.22,Amber,0.584350079770398,0,0.0079,0.0,0,0
2024-04-04 16:00:00,99.3825,99.723,99.44275,29.16525,Amber,-0.6581388781934722,0,0.0,0.0154,0,0
2024-04-04 17:00:00,99.5775,92.43875,99.475,32.020250000000004,Green,0.15104287193503452,0,0.0,0.0,0,0
2024-04-04 18:00:00,99.04175000000001,81.407,99.47375,30.7685,Amber,-1.1950498412164965,0,0.0,0.3562,0,0
2024-04-04 19:00:00,99.739,72.35225,99.51925,29.5615,Amber,0.7198282160163372,0,0.0,0.0151,0,0
2024-04-04 20:00:00,99.44075,61.592,99.49575,35.259249999999994,Amber,-0.21142791578168463,0,0.0,0.0,0,0
2024-04-04 21:00:00,99.87875,46.1195,99.6325,36.40475,Green,1.2525116573955624,0,0.0686,0.0,0,0
2024-04-04 22:00:00,99.7495,41.85925,99.47675000000001,34.02475,Green,0.5930489921986672,0,0.008,0.0,0,0
2024-04-04 23:00:00,99.90475,44.923500000000004,99.61475,40.67525,Amber,0.8448568728079634,0,0.1027,0.0,0,0
2024-04-05 00:00:00,99.34475,43.903999999999996,99.62100000000001,45.11125,Amber,-1.432198232493807,0,0.0,0.0532,0,0
2024-04-05 01:00:00,99.8135,35.83325,99.594,49.48775,Amber,0.5257838447667064,0,0.0034,0.0,0,0
2024-04-05 02:00:00,100.0,39.591,99.51725,54.6555,Amber,0.9471383394139066,0,0.1933,0.0,0,0
2024-04-05 03:00:00,99.715,49.2785,99.24225000000001,55.23725,Amber,-0.17500138587929578,0,0.0982,0.0,0,0
2024-04-05 04:00:00,99.88374999999999,57.814750000000004,99.41675,59.04475,Amber,0.46001760027445987,0,0.1718,0.0,0,0
2024-04-05 05:00:00,99.92475,68.64425,99.5375,56.81375,Amber,0.6160777607097969,0,0.2865,0.0,0,0
2024-04-05 06:00:00,99.63975,76.07825,99.59825000000001,61.553250000000006,Amber,-1.410424564557453,0,0.1161,0.0,0,0
2024-04-05 07:00:00,99.93299999999999,89.28175,99.356,57.80475,Amber,0.5956723682251737,0,0.239,0.0,0,0
2024-04-05 08:00:00,99.87100000000001,100.4245,99.708,56.02,Green,0.3555690368200897,0,0.2999,0.0,0,0
2024-04-05 09:00:00,100.0,107.46674999999999,99.17775,51.71875,Amber,1.004920360471643,0,0.4898,0.0,0,0
2024-04-05 10:00:00,99.84025,116.97550000000001,99.6645,52.65125,Green,-0.2235420133004102,0,0.5199,0.0,0,0
2024-04-05 11:00:00,99.51474999999999,109.47275,99.42,47.58375,Amber,-1.5395407130749428,0,0.2246,0.0,0,0
2024-04-05 12:00:00,99.61574999999999,118.99675,99.65675,41.1475,Amber,-0.9500662669927201,0,0.0302,0.0,0,0
2024-04-05 13:00:00,99.58625,116.5815,99.383,39.961749999999995,Amber,-0.7897611615521044,0,0.0,0.0,0,0
2024-04-05 14:00:00,99.386,115.4855,99.70575,38.5445,Amber,-1.2088018249772297,0,0.0,0.0119,0,0
2024-04-05 15:00:00,99.423,112.64625000000001,99.55525,31.0255,Amber,-0.8447875222875314,0,0.0,0.0,0,0
2024-04-05 16:00:00,99.23325,93.24825,99.5475,26.405250000000002,Amber,-1.590655118274801,0,0.0,0.1647,0,0
2024-04-05 17:00:00,99.19875,88.7715,99.3295,31.832250000000002,Red,-1.203450240903306,0,0.0,0.3639,0,1
2024-04-05 18:00:00,99.2055,78.91575,99.79425,31.352,Green,-0.8637377747127563,0,0.0,0.5563,0,0
2024-04-05 19:00:00,99.34525,71.9265,99.59275,30.30175,Green,0.4748829958252657,0,0.0,0.609,0,0
2024-04-05 20:00:00,99.44075,63.24975,99.34875,32.8645,Amber,1.2114546909711397,0,0.0,0.5661,0,0
2024-04-05 21:00:00,99.04725,50.782,99.473,38.14175,Red,-1.4642512780018506,0,0.0,0.9168,0,1
2024-04-05 22:00:00,99.41875,40.9875,99.50625,42.06325,Amber,0.9386266154564131,0,0.0,0.896,0,0
2024-04-05 23:00:00,99.815,44.3385,99.35175000000001,40.19825,Green,1.6809006315671629,0,0.0049,0.4789,0,0
2024-04-06 00:00:00,99.67375,42.02325,99.295,45.07025,Amber,0.8116568089437413,0,0.0,0.2031,0,0
2024-04-06 01:00:00,99.67275000000001,45.6855,99.6985,49.88775,Green,0.5903809793956024,0,0.0,0.0,0,0
2024-04-06 02:00:00,99.57025,45.13075,99.31025,51.892250000000004,Amber,0.13722449638474554,0,0.0,0.0,0,0
2024-04-06 03:00:00,99.71875,56.29475,99.84,54.44525,Green,0.5425177811712321,0,0.0,0.0,0,0
2024-04-06 04:00:00,99.80625,64.01425,99.54599999999999,55.0985,Amber,1.0486747167537325,0,0.0,0.0,0,0
2024-04-06 05:00:00,99.5325,77.01175,99.417,58.403,Amber,-1.3056921660251803,0,0.0,0.0,0,0
2024-04-06 06:00:00,99.84975,83.058,99.637,61.236250000000005,Amber,1.2550338317518237,0,0.0396,0.0,0,0
2024-04-06 07:00:00,99.729,93.372,99.5545,59.247749999999996,Amber,0.22098952486331316,0,0.0,0.0,0,0
2024-04-06 08:00:00,99.66175,101.1925,99.75475,57.84625,Green,-0.4869424276566778,0,0.0,0.0,0,0
2024-04-06 09:00:00,99.639,107.1705,99.4885,49.35175,Amber,-0.5502058811067725,0,0.0,0.0,0,0
2024-04-06 10:00:00,99.59700000000001,114.6145,99.26225,54.426,Amber,-0.644126804058368,0,0.0,0.0,0,0
2024-04-06 11:00:00,99.53775,128.12575,99.3465,50.02575,Amber,-1.2021989081582367,0,0.0,0.0,0,0
2024-04-06 12:00:00,99.362,123.51225,99.59025,41.047,Amber,-1.7670967568373186,0,0.0,0.0359,0,0
2024-04-06 13:00:00,99.84675,120.749,99.55625,35.8095,Amber,1.5054057310933382,0,0.0366,0.0,0,0
2024-04-06 14:00:00,99.2025,114.89975,99.66925,37.22725,Amber,-1.4618264426355028,0,0.0,0.1954,0,0
2024-04-06 15:00:00,99.36925,115.26275000000001,99.66575,36.323,Amber,-0.5169125726310734,0,0.0,0.2241,0,0
2024-04-06 16:00:00,99.563,100.2295,99.63125,30.316000000000003,Green,0.37180163222071255,0,0.0,0.059,0,0
2024-04-06 17:00:00,99.217,98.488,99.4375,29.527250000000002,Amber,-0.8609828822437923,0,0.0,0.24,0,0
2024-04-06 18:00:00,99.474,76.6635,99.518,28.59875,Amber,0.11813809380756579,0,0.0,0.1639,0,0
2024-04-06 19:00:00,99.295,70.72275,99.18075,29.145,Amber,-0.40628589624785943,0,0.0,0.2668,0,0
2024-04-06 20:00:00,99.1565,59.386250000000004,99.67525,34.5145,Amber,-1.2261429472947387,0,0.0,0.5083,0,0
2024-04-06 21:00:00,99.5145,51.139,99.45575,36.27525,Green,0.8527737626547495,0,0.0,0.3917,0,0
2024-04-06 22:00:00,99.9475,45.5895,99.6105,38.15275,Green,1.7817116229963745,0,0.1374,0.0,0,0
2024-04-06 23:00:00,99.734,40.01,99.32650000000001,41.35025,Green,0.7433216621513212,0,0.0613,0.0,0,0
2024-04-07 00:00:00,99.58525,46.5565,99.57825,44.95975,Amber,0.1615556382334367,0,0.0,0.0,0,0
2024-04-07 01:00:00,99.45,43.803,99.6825,47.8635,Amber,-0.4284192172996515,0,0.0,0.0,0,0
2024-04-07 02:00:00,99.57775000000001,49.1235,99.5395,54.08125,Amber,-0.31717370776238485,0,0.0,0.0,0,0
2024-04-07 03:00:00,99.682,46.4675,99.55,49.14,Amber,0.11303072660207751,0,0.0,0.0,0,0
2024-04-07 04:00:00,99.95725,55.97925,99.54725,58.158500000000004,Amber,1.6872327954852802,0,0.1471,0.0,0,0
2024-04-07 05:00:00,99.90225000000001,70.66925,99.42425,60.63175,Amber,1.0553206978160574,0,0.2393,0.0,0,0
2024-04-07 06:00:00,99.97325000000001,87.17275000000001,99.515,58.45225,Amber,0.9867307518416685,0,0.4024,0.0,0,0
2024-04-07 07:00:00,99.8805,92.19325,99.592,56.57725,Green,0.32041154273246675,0,0.4728,0.0,0,0
2024-04-07 08:00:00,99.961,105.637,99.5465,59.03475,Amber,0.623651606942261,0,0.6237,0.0,0,0
2024-04-07 09:00:00,99.93299999999999,111.85,99.423,55.569500000000005,Green,-0.04217913136507119,0,0.7466,0.0,0,0
2024-04-07 10:00:00,99.49925,117.07,99.60575,50.19525,Green,-2.002373847054722,0,0.4357,0.0,0,0
2024-04-07 11:00:00,99.854,111.58525,99.39275,43.46675,Green,0.021538828443386466,0,0.4796,0.0,0,0
2024-04-07 12:00:00,99.83924999999999,116.5765,99.50975,42.5905,Amber,0.0681426962677303,0,0.5088,0.0,0,0
2024-04-07 13:00:00,99.56925,125.48375,99.3485,38.07775,Amber,-1.065182305775423,0,0.2679,0.0,0,0
2024-04-07 14:00:00,99.48975,110.01275,99.4965,39.5265,Green,-1.0410521341412249,0,0.0,0.0,0,0
2024-04-07 15:00:00,99.207,101.311,99.38550000000001,30.520249999999997,Amber,-1.5179861639545145,0,0.0,0.1909,0,0
2024-04-07 16:00:00,99.28125,101.44925,99.5195,34.1465,Amber,-0.9523042643367182,0,0.0,0.3076,0,0
2024-04-07 17:00:00,98.988,90.51225,99.4105,29.9265,Red,-1.3582201585173148,0,0.0,0.7175,0,1
2024-04-07 18:00:00,99.40675,78.26599999999999,99.535,29.90025,Green,0.39351678655178424,0,0.0,0.7087,0,0
2024-04-07 19:00:00,99.77674999999999,72.90025,99.251,27.512500000000003,Green,1.5581921001938353,0,0.0,0.3299,0,0
2024-04-07 20:00:00,99.53450000000001,52.44075,99.66375,33.147999999999996,Amber,0.6170682186195969,0,0.0,0.1933,0,0
2024-04-07 21:00:00,99.54375,49.02475,99.5225,40.17125,Amber,0.4532713852574272,0,0.0,0.0475,0,0
2024-04-07 22:00:00,99.39275,43.3725,99.49625,42.1445,Amber,-0.18259580025225416,0,0.0,0.0527,0,0
2024-04-07 23:00:00,99.61574999999999,39.84475,99.47175,40.95225,Amber,0.49721033931539454,0,0.0,0.0,0,0
2024-04-08 00:00:00,99.633,40.22875,99.4795,46.3495,Green,0.3943168715279985,0,0.0,0.0,0,0
2024-04-08 01:00:00,99.54575,37.2015,99.55325,56.6685,Amber,0.01766819173872045,0,0.0,0.0,0,0
2024-04-08 02:00:00,99.9275,45.896,99.36725,50.82825,Amber,1.7926952254799888,0,0.1174,0.0,0,0
2024-04-08 03:00:00,100.0,46.842749999999995,99.595,59.12375,Amber,1.3513175785148424,0,0.3073,0.0,0,0
2024-04-08 04:00:00,99.78675,59.075,99.583,56.945,Amber,0.1920897306560598,0,0.2839,0.0,0,0
2024-04-08 05:00:00,99.646,70.67175,99.56925000000001,59.0395,Amber,-0.6151691788292014,0,0.1198,0.0,0,0
2024-04-08 06:00:00,99.706,86.17699999999999,99.64725,56.8445,Amber,-0.36456762341772686,0,0.0157,0.0,0,0
2024-04-08 07:00:00,99.96175,88.815,99.22175,58.76025,Amber,0.8479891505627103,0,0.1673,0.0,0,0
2024-04-08 08:00:00,99.5805,97.06125,99.50325,57.65675,Amber,-1.1736543415645226,0,0.0,0.0,0,0
2024-04-08 09:00:00,99.52525,110.416,99.504,57.84175,Amber,-1.1171707484327569,0,0.0,0.0,0,0
2024-04-08 10:00:00,99.84675,112.7885,99.43325,46.06125,Green,0.8195840010933122,0,0.0366,0.0,0,0
2024-04-08 11:00:00,99.67275000000001,117.37825,99.32175000000001,46.08675,Amber,-0.26093910807231435,0,0.0,0.0,0,0
2024-04-08 12:00:00,99.812,121.059,99.60650000000001,39.667,Amber,0.46852803584325897,0,0.0019,0.0,0,0
2024-04-08 13:00:00,99.6575,118.1285,99.48475,37.478750000000005,Amber,-0.1978081646795085,0,0.0,0.0,0,0
2024-04-08 14:00:00,99.32475,122.2285,99.50125,33.9285,Green,-1.6324976122138304,0,0.0,0.0732,0,0
2024-04-08 15:00:00,99.56,106.8315,99.47025000000001,28.789749999999998,Amber,-0.4521620345538627,0,0.0,0.0,0,0
2024-04-08 16:00:00,98.86975,105.59475,99.3355,33.26775,Amber,-1.7972527088261585,0,0.0,0.5282,0,0
2024-04-08 17:00:00,99.733,85.11250000000001,99.62175,32.478,Amber,0.6889185154706076,0,0.0,0.1931,0,0
2024-04-08 18:00:00,99.279,83.07575,99.70275,29.535249999999998,Green,-0.39364742668667896,0,0.0,0.312,0,0
2024-04-08 19:00:00,99.5015,71.17475,99.40325,27.6665,Amber,0.41380749486380825,0,0.0,0.2085,0,0
2024-04-08 20:00:00,99.451,57.29475,99.40625,30.725,Amber,0.17412700587936045,0,0.0,0.1554,0,0
2024-04-08 21:00:00,99.23825,51.014250000000004,99.36175,37.733,Amber,-0.36633718986769376,0,0.0,0.3151,0,0
2024-04-08 22:00:00,99.88725,43.527,99.488,36.76275,Green,1.4653719831083591,0,0.0771,0.0,0,0
2024-04-08 23:00:00,99.60125,45.202,99.38175,40.14575,Amber,0.45752440662283017,0,0.0,0.0,0,0
2024-04-09 00:00:00,99.91975,38.403,99.45599999999999,45.374,Amber,1.2134775378077924,0,0.1096,0.0,0,0
2024-04-09 01:00:00,99.3795,44.588499999999996,99.47675,45.4675,Amber,-0.7217658179909151,0,0.0,0.0184,0,0
2024-04-09 02:00:00,99.738,50.00625,99.757,49.8395,Amber,0.4020661385796205,0,0.0,0.0,0,0
2024-04-09 03:00:00,99.89625,50.86425,99.57325,58.44725,Amber,0.7464631091145484,0,0.0861,0.0,0,0
2024-04-09 04:00:00,100.0,61.30025,99.444,56.8005,Amber,1.0469504912921832,0,0.276,0.0,0,0
2024-04-09 05:00:00,99.62925,65.23325,99.4685,56.78875,Amber,-0.5709648048906024,0,0.0952,0.0,0,0
2024-04-09 06:00:00,99.98075,82.151,99.5455,60.854749999999996,Amber,0.8776916636591997,0,0.2658,0.0,0,0
2024-04-09 07:00:00,99.662,84.77525,99.39875,57.682249999999996,Amber,-0.9579677418147922,0,0.1177,0.0,0,0
2024-04-09 08:00:00,99.65725,97.22075000000001,99.57775000000001,63.611,Amber,-0.8475659887901588,0,0.0,0.0,0,0
2024-04-09 09:00:00,99.79825,108.30775,99.363,59.762,Amber,0.06167099876484458,0,0.0,0.0,0,0
2024-04-09 10:00:00,99.9425,117.267,99.58425,52.72125,Green,1.0652972899641129,0,0.1324,0.0,0,0
2024-04-09 11:00:00,99.468,124.87425,99.513,46.9735,Amber,-1.4599323362513748,0,0.0,0.0,0,0
2024-04-09 12:00:00,99.74775,123.1115,99.7515,45.2205,Amber,0.22049925656847116,0,0.0,0.0,0,0
2024-04-09 13:00:00,99.3885,118.87275,99.54225,44.59475,Amber,-1.3373334013329254,0,0.0,0.0094,0,0
2024-04-09 14:00:00,99.5815,114.31675,99.6825,37.82875,Amber,-0.3451382327655081,0,0.0,0.0,0,0
2024-04-09 15:00:00,99.48175,108.48075,99.50225,31.016,Green,-0.5774826408866446,0,0.0,0.0,0,0
2024-04-09 16:00:00,99.40275,100.756,99.44825,29.39975,Amber,-0.8101195510824513,0,0.0,0.0,0,0
2024-04-09 17:00:00,98.9455,90.529,99.39675,30.7265,Red,-1.7766656298647037,0,0.0,0.4524,0,1
2024-04-09 18:00:00,99.1175,81.23,99.31375,26.6265,Amber,-0.8429794670629761,0,0.0,0.7329,0,0
2024-04-09 19:00:00,99.23349999999999,68.30825,99.48225,30.093,Amber,-0.251919106131965,0,0.0,0.8973,0,0
2024-04-09 20:00:00,99.5235,52.91225,99.44225,34.47325,Green,1.0592794974995179,0,0.0,0.7717,0,0
2024-04-09 21:00:00,99.423,47.33125,99.711,38.32925,Amber,0.6858352282649012,0,0.0,0.7466,0,0
2024-04-09 22:00:00,99.75375,41.6475,99.70675,35.747749999999996,Amber,1.438944936239736,0,0.0,0.3908,0,0
2024-04-09 23:00:00,99.55575,38.93725,99.29425,44.08375,Amber,0.5261153894093508,0,0.0,0.233,0,0
2024-04-10 00:00:00,99.501,39.37575,99.67925,45.3475,Green,0.015170556652172464,0,0.0,0.1299,0,0
2024-04-10 01:00:00,99.6035,42.9915,99.4985,50.47475,Green,0.3866894580052107,0,0.0,0.0,0,0
2024-04-10 02:00:00,99.771,44.527249999999995,99.604,55.985,Amber,1.2246568357433132,0,0.0,0.0,0,0
2024-04-10 03:00:00,99.59125,51.613,99.5105,58.4155,Amber,-0.34934277579143735,0,0.0,0.0,0,0
2024-04-10 04:00:00,99.76075,62.58525,99.21300000000001,57.72275,Amber,1.1756492799299545,0,0.0,0.0,0,0
2024-04-10 05:00:00,99.93475000000001,72.662,99.47275,56.9715,Amber,1.5285131255994666,0,0.1246,0.0,0,0
2024-04-10 06:00:00,99.76125,85.06975,99.6605,59.186749999999996,Amber,0.19048548832931822,0,0.0758,0.0,0,0
2024-04-10 07:00:00,99.8695,92.0825,99.48400000000001,61.09625,Amber,0.7532316858968775,0,0.1352,0.0,0,0
2024-04-10 08:00:00,99.63499999999999,100.532,99.42225,53.6185,Amber,-0.9401902864705091,0,0.0,0.0,0,0
2024-04-10 09:00:00,99.79925,110.53225,99.4225,59.25625,Amber,0.056660764199229864,0,0.0,0.0,0,0
2024-04-10 10:00:00,99.6935,116.30000000000001,99.767,53.4535,Green,-0.8020898196923312,0,0.0,0.0,0,0
2024-04-10 11:00:00,99.744,118.02674999999999,99.5475,42.52675,Amber,-0.0786453167068228,0,0.0,0.0,0,0
2024-04-10 12:00:00,99.90625,114.69975,99.62424999999999,45.4185,Green,1.2675841980578162,0,0.0961,0.0,0,0
2024-04-10 13:00:00,99.8785,116.23475,99.68225,39.1945,Green,0.9701480793082182,0,0.1645,0.0,0,0
2024-04-10 14:00:00,99.50874999999999,112.78825,99.61525,37.5805,Green,-1.7025829696778676,0,0.0,0.0,0,0
2024-04-10 15:00:00,99.48275,109.18925,99.28075,32.21375,Amber,-1.2268068481790753,0,0.0,0.0,0,0
2024-04-10 16:00:00,99.43375,103.03025,99.57175000000001,28.33425,Amber,-1.071612251163916,0,0.0,0.0,0,0
2024-04-10 17:00:00,99.39475,89.92575,99.68175,29.03475,Amber,-0.898062880856824,0,0.0,0.0032,0,0
2024-04-10 18:00:00,99.30025,82.39475,99.62925,27.69875,Green,-1.0002049048519077,0,0.0,0.1009,0,0
2024-04-10 19:00:00,99.47225,66.93475000000001,99.56099999999999,31.43775,Amber,0.528922466364638,0,0.0,0.0265,0,0
2024-04-10 20:00:00,99.26050000000001,60.431,99.62174999999999,30.89975,Amber,-1.418553688314715,0,0.0,0.164,0,0
2024-04-10 21:00:00,99.111,50.197,99.55725,36.89025,Red,-1.6334029624618853,0,0.0,0.4509,0,1
2024-04-10 22:00:00,99.634,46.10325,99.53575000000001,43.08275,Amber,1.4996802572817416,0,0.0,0.2148,0,0
2024-04-10 23:00:00,99.58875,40.97675,99.74275,47.34975,Amber,0.9517935092107468,0,0.0,0.024,0,0
2024-04-11 00:00:00,99.694,42.945750000000004,77.494,48.5435,Red,1.0192280809401806,0,0.0,0.0,0,1
2024-04-11 01:00:00,99.87275,38.603,77.65325,49.49875,Red,1.2127766804840523,0,0.0626,0.0,0,1
2024-04-11 02:00:00,99.8655,47.064,77.5415,53.5695,Red,0.8520938219473936,0,0.118,0.0,0,1
2024-04-11 03:00:00,99.51075,47.75875,77.75425,57.7095,Red,-1.2395724579621292,0,0.0,0.0,0,1
2024-04-11 04:00:00,99.768,56.23325,77.60025,61.9465,Red,0.3488742374937083,0,0.0,0.0,0,1
2024-04-11 05:00:00,99.7885,69.452,77.53375,59.0085,Red,0.28664421857737477,0,0.0,0.0,0,1
2024-04-11 06:00:00,99.95949999999999,80.675,94.12049999999999,63.11375,Amber,1.0688232885241975,0,0.1494,0.0,0,0
2024-04-11 07:00:00,99.67699999999999,86.3485,99.35775,54.909,Amber,-0.5438881993581206,0,0.0163,0.0,0,0
2024-04-11 08:00:00,99.757,104.769,99.50925000000001,57.51875,Amber,0.09211450492119773,0,0.0,0.0,0,0
2024-04-11 09:00:00,99.7675,101.717,99.65625,50.605000000000004,Amber,-0.2010294551208121,0,0.0,0.0,0,0
2024-04-11 10:00:00,99.89574999999999,109.2595,99.40675,50.136,Green,0.861370385149754,0,0.0856,0.0,0,0
2024-04-11 11:00:00,99.3425,125.32125,99.22575,48.65525,Amber,-1.8015054018091556,0,0.0,0.0554,0,0
2024-04-11 12:00:00,99.66275,123.26350000000001,99.47525,42.428,Amber,-0.11248723406680602,0,0.0,0.0,0,0
2024-04-11 13:00:00,99.56575000000001,119.47874999999999,99.46875,39.1275,Amber,-0.515560113652966,0,0.0,0.0,0,0
2024-04-11 14:00:00,99.50075,116.80725,99.29975,39.1565,Amber,-0.6184838037315333,0,0.0,0.0,0,0
2024-04-11 15:00:00,99.419,110.91725,99.4265,32.41425,Amber,-0.7384326101050539,0,0.0,0.0,0,0
2024-04-11 16:00:00,99.20824999999999,97.36625000000001,99.74025,30.266,Green,-1.4857380300143812,0,0.0,0.1897,0,0
2024-04-11 17:00:00,99.50999999999999,88.179,99.32075,31.94425,Amber,0.20850334222368688,0,0.0,0.0776,0,0
2024-04-11 18:00:00,98.81375,78.44525,99.65525,30.803,Red,-1.833260199604544,0,0.0,0.6618,0,1
2024-04-11 19:00:00,99.32,68.847,99.612,32.1135,Amber,0.09424270012558972,0,0.0,0.7397,0,0
2024-04-11 20:00:00,99.678,58.149249999999995,99.4045,35.2225,Green,1.1868859049388887,0,0.0,0.4596,0,0
2024-04-11 21:00:00,99.479,52.71725,99.3585,35.29075,Green,0.47685991203424616,0,0.0,0.3786,0,0
2024-04-11 22:00:00,99.53175,39.1865,99.2235,39.5025,Red,0.47027629704109447,0,0.0,0.2448,0,1
2024-04-11 23:00:00,99.50725,37.054249999999996,99.3945,44.631,Amber,0.3914915699464484,0,0.0,0.1354,0,0
2024-04-12 00:00:00,99.619,40.81625,99.5595,45.5495,Amber,0.7790920378718769,0,0.0,0.0,0,0
2024-04-12 01:00:00,99.6835,38.493249999999996,99.51675,47.54,Amber,1.128322135816105,0,0.0,0.0,0,0
2024-04-12 02:00:00,99.8475,51.338499999999996,99.50825,55.0475,Amber,1.70687291077994,0,0.0374,0.0,0,0
2024-04-12 03:00:00,99.8175,54.58325,99.46675,57.845749999999995,Amber,1.050438800409857,0,0.0448,0.0,0,0
2024-04-12 04:00:00,99.53,62.45375,99.4055,58.463,Red,-0.9619550115484361,0,0.0,0.0,0,1
2024-04-12 05:00:00,99.98275,64.619,99.44775,59.22225,Amber,1.4200152671122763,0,0.1726,0.0,0,0
2024-04-12 06:00:00,99.86325,79.77475,99.7295,59.8005,Amber,0.4786884655642953,0,0.2258,0.0,0,0
2024-04-12 07:00:00,99.82825,91.27275,99.32525,59.2375,Amber,0.1112113681323015,0,0.2439,0.0,0,0
2024-04-12 08:00:00,99.44325,95.4945,99.4245,55.583,Amber,-1.4346654780637016,0,0.0,0.0,0,0
2024-04-12 09:00:00,99.60075,112.703,99.26725,55.83125,Amber,-0.5031798764482498,0,0.0,0.0,0,0
2024-04-12 10:00:00,99.8195,114.21825,99.50825,50.89125,Green,0.320821359592345,0,0.0094,0.0,0,0
2024-04-12 11:00:00,99.587,118.9875,99.47075,49.06225,Amber,-0.6060458036152798,0,0.0,0.0,0,0
2024-04-12 12:00:00,99.3875,116.0245,99.42224999999999,43.948,Amber,-1.2143151690652374,0,0.0,0.0104,0,0
2024-04-12 13:00:00,99.57575,113.26075,99.47075000000001,44.97225,Amber,0.045200862711057214,0,0.0,0.0,0,0
2024-04-12 14:00:00,99.4085,112.7255,99.62774999999999,36.76875,Amber,-0.9876203961846651,0,0.0,0.0,0,0
2024-04-12 15:00:00,99.477,107.3835,99.601,37.344500000000004,Amber,-0.4127327512017311,0,0.0,0.0,0,0
2024-04-12 16:00:00,99.48775,99.60300000000001,99.3605,31.973,Amber,0.006059893093657893,0,0.0,0.0,0,0
2024-04-12 17:00:00,99.47175,86.9565,99.447,25.6605,Green,0.055758820940564446,0,0.0,0.0,0,0
2024-04-12 18:00:00,99.46775,82.815,99.45775,31.843999999999998,Amber,-0.2532996448811638,0,0.0,0.0,0,0
2024-04-12 19:00:00,99.28225,62.5935,99.46825,29.37025,Amber,-1.9091931196012775,0,0.0,0.1157,0,0
2024-04-12 20:00:00,99.59125,63.4065,99.723,34.66075,Amber,1.2825792376496388,0,0.0,0.0,0,0
2024-04-12 21:00:00,99.44624999999999,57.8075,99.4995,37.9055,Green,-0.11589046016464327,0,0.0,0.0,0,0
2024-04-12 22:00:00,99.458,43.608,99.51225,36.684,Amber,0.05181886603384564,0,0.0,0.0,0,0
2024-04-12 23:00:00,99.52324999999999,40.95375,99.56025,40.14075,Amber,0.5998198064815763,0,0.0,0.0,0,0
2024-04-13 00:00:00,99.747,42.9995,99.67525,47.357749999999996,Green,1.5328056161126724,0,0.0,0.0,0,0
2024-04-13 01:00:00,99.61875,39.11525,99.37025,48.2375,Amber,0.48322467018918824,0,0.0,0.0,0,0
2024-04-13 02:00:00,99.84,47.40175,99.79725,54.05775,Green,1.459278272510602,0,0.0299,0.0,0,0
2024-04-13 03:00:00,99.827,50.67875,99.442,56.245000000000005,Amber,0.9852773924592145,0,0.0468,0.0,0,0
2024-04-13 04:00:00,99.83500000000001,58.28925,99.49475,59.00725,Amber,0.7779797312749174,0,0.0717,0.0,0,0
2024-04-13 05:00:00,100.0,67.90675,99.478,69.1735,Amber,1.506540503837861,0,0.2616,0.0,0,0
2024-04-13 06:00:00,99.91025,83.033,99.72925000000001,63.64725,Amber,0.5684173175249431,0,0.3617,0.0,0,0
2024-04-13 07:00:00,99.89975,88.37175,99.57124999999999,58.7155,Amber,0.2174953635300851,0,0.4513,0.0,0,0
2024-04-13 08:00:00,99.631,96.4315,99.54599999999999,57.7565,Amber,-1.7651329852936315,0,0.2722,0.0,0,0
2024-04-13 09:00:00,99.6965,116.52075,99.70725,52.9135,Amber,-0.9463632581037601,0,0.1586,0.0,0,0
2024-04-13 10:00:00,99.70875000000001,112.72975,99.48474999999999,51.689750000000004,Amber,-0.6691616985538172,0,0.0573,0.0,0,0
2024-04-13 11:00:00,99.73675,123.52100000000002,99.653,48.91075,Amber,-0.23598533139339706,0,0.0,0.0,0,0
2024-04-13 12:00:00,99.39275,118.91875,99.1485,44.50125,Amber,-1.717684738087798,0,0.0,0.0052,0,0
2024-04-13 13:00:00,99.83475,125.72375,99.54075,45.19425,Amber,1.1218606406604466,0,0.0246,0.0,0,0
2024-04-13 14:00:00,98.90925,127.643,99.47525,37.37475,Amber,-1.8427899699958912,0,0.0,0.4887,0,0
2024-04-13 15:00:00,99.71225,107.99549999999999,99.49875,30.48425,Amber,0.4699389010960626,0,0.0,0.1744,0,0
2024-04-13 16:00:00,99.315,101.07300000000001,99.6815,33.8375,Red,-0.48379228418817133,0,0.0,0.2573,0,1
2024-04-13 17:00:00,99.459,89.11625000000001,99.31325,28.67875,Amber,0.06707234489463129,0,0.0,0.1962,0,0
2024-04-13 18:00:00,99.22725,82.447,99.4425,31.275,Amber,-0.5412888580345971,0,0.0,0.3669,0,0
2024-04-13 19:00:00,99.568,74.47,99.295,32.9315,Green,0.7174412957417146,0,0.0,0.1968,0,0
2024-04-13 20:00:00,99.34725,56.13875,99.3235,35.65825,Amber,-0.5074771136440143,0,0.0,0.2475,0,0
2024-04-13 21:00:00,99.74425,56.615249999999996,99.592,33.324,Amber,1.5909272394835536,0,0.0,0.0,0,0
2024-04-13 22:00:00,99.23,53.3515,99.07975,44.381,Red,-0.9804360825143364,0,0.0,0.1679,0,1
2024-04-13 23:00:00,99.62875,34.283,99.59100000000001,39.97825,Amber,0.7801467748534601,0,0.0,0.0,0,0
2024-04-14 00:00:00,99.26275,39.94025,99.50575,47.27525,Amber,-0.945535393757649,0,0.0,0.1352,0,0
2024-04-14 01:00:00,99.6565,48.4525,99.47225,46.45525,Amber,0.7965075183575319,0,0.0,0.0,0,0
2024-04-14 02:00:00,99.77925,48.838750000000005,99.11875,53.348749999999995,Amber,0.9464027675584051,0,0.0,0.0,0,0
2024-04-14 03:00:00,99.6215,46.4025,99.673,60.15575,Green,0.40397877291434703,0,0.0,0.0,0,0
2024-04-14 04:00:00,99.77875,63.38125,99.4505,61.4515,Amber,0.8310416679472155,0,0.0,0.0,0,0
2024-04-14 05:00:00,99.80449999999999,66.1485,99.408,59.82275,Amber,0.7549014532288659,0,0.0,0.0,0,0
2024-04-14 06:00:00,99.894,79.02775,99.35425000000001,55.963,Amber,1.3763953224089733,0,0.0839,0.0,0,0
2024-04-14 07:00:00,99.76825,94.48275,99.45975,57.187,Amber,-0.06964828912287821,0,0.042,0.0,0,0
2024-04-14 08:00:00,99.751,94.17425,99.84675,56.1355,Amber,-0.2112001277765937,0,0.0,0.0,0,0
2024-04-14 09:00:00,99.97475,105.70150000000001,99.32,55.699,Amber,1.669090885832682,0,0.1646,0.0,0,0
2024-04-14 10:00:00,99.90174999999999,114.4,99.49000000000001,53.650999999999996,Amber,0.5989162939724487,0,0.2563,0.0,0,0
2024-04-14 11:00:00,99.6605,119.9145,99.5155,46.94125,Amber,-1.4023653119497295,0,0.1067,0.0,0,0
2024-04-14 12:00:00,99.357,121.66575,99.44575,44.849,Amber,-1.7457864940405543,0,0.0,0.0409,0,0
2024-04-14 13:00:00,99.70275000000001,121.7195,99.22625000000001,38.0795,Amber,-0.10103734997026163,0,0.0,0.0,0,0
2024-04-14 14:00:00,99.49725,117.99925,99.20475,38.57125,Amber,-0.7897116703464435,0,0.0,0.0,0,0
2024-04-14 15:00:00,99.46275,109.8985,99.45824999999999,32.631,Green,-0.6821473391672436,0,0.0,0.0,0,0
2024-04-14 16:00:00,99.39699999999999,105.05425,99.36875,29.46775,Amber,-0.8263038441532081,0,0.0,0.0009,0,0
2024-04-14 17:00:00,99.1,96.578,99.65725,31.71925,Amber,-1.6191398090731592,0,0.0,0.2989,0,0
2024-04-14 18:00:00,99.04425,75.22225,99.59575,27.729,Amber,-1.2867514511603875,0,0.0,0.6525,0,0
2024-04-14 19:00:00,99.72025,69.9795,99.36625000000001,32.55275,Amber,1.3681650789738917,0,0.0,0.3302,0,0
2024-04-14 20:00:00,99.29925,54.13075,99.322,35.51775,Amber,-0.15271271802238098,0,0.0,0.4289,0,0
2024-04-14 21:00:00,99.29849999999999,57.58725,99.478,33.42425,Amber,-0.04716346508628439,0,0.0,0.5283,0,0
2024-04-14 22:00:00,99.81125,42.093,99.55575,41.16325,Amber,1.3589872456580787,0,0.0011,0.115,0,0
2024-04-14 23:00:00,99.349,40.41275,99.44825,51.867,Amber,-0.2467644221253089,0,0.0,0.1639,0,0
2024-04-15 00:00:00,99.7355,39.485,99.33500000000001,40.98425,Amber,0.8201856156908601,0,0.0,0.0,0,0
2024-04-15 01:00:00,99.58924999999999,44.32175,99.52125,53.644999999999996,Amber,0.3290984750089249,0,0.0,0.0,0,0
2024-04-15 02:00:00,99.74775,47.52825,99.5,49.34475,Amber,0.7296567025993936,0,0.0,0.0,0,0
2024-04-15 03:00:00,99.49975,49.3925,99.59675,51.74275,Amber,-0.6946778581937584,0,0.0,0.0,0,0
2024-04-15 04:00:00,99.86725,62.7505,99.39925,57.47825,Amber,1.246914402334724,0,0.0571,0.0,0,0
2024-04-15 05:00:00,99.65225,70.7965,99.60225,56.523250000000004,Amber,-0.22892482614158832,0,0.0,0.0,0,0
2024-04-15 06:00:00,99.8095,75.79375,99.40725,62.93575,Amber,0.8284594009243835,0,0.0,0.0,0,0
2024-04-15 07:00:00,99.895,89.91775,99.7265,58.95875,Amber,1.0079541867493396,0,0.0849,0.0,0,0
2024-04-15 08:00:00,99.8505,92.70075,99.54275,51.412,Amber,0.5696178323220642,0,0.1253,0.0,0,0
2024-04-15 09:00:00,99.70275000000001,105.01875,99.22625,53.56675,Amber,-0.9599801660279135,0,0.0179,0.0,0,0
2024-04-15 10:00:00,99.646,111.45625,99.52875,46.5115,Amber,-1.0638324733513669,0,0.0,0.0,0,0
2024-04-15 11:00:00,99.41675000000001,120.9225,99.71825,51.744749999999996,Green,-1.7317812171227345,0,0.0,0.0,0,0
2024-04-15 12:00:00,99.45875,118.86025000000001,99.37975,45.03,Amber,-1.032085000283076,0,0.0,0.0,0,0
2024-04-15 13:00:00,99.26275,117.58225,99.53975,40.39025,Amber,-1.3648678455129726,0,0.0,0.1352,0,0
2024-04-15 14:00:00,99.106,115.7985,99.73925,36.0785,Red,-1.4443721091425326,0,0.0,0.4271,0,1
2024-04-15 15:00:00,99.36075,101.096,99.36725,30.241,Amber,-0.07879910754595287,0,0.0,0.4643,0,0
2024-04-15 16:00:00,99.4305,99.409,99.1345,26.2125,Amber,0.6826711968373866,0,0.0,0.4317,0,0
2024-04-15 17:00:00,99.0365,87.9465,99.60875,31.25225,Amber,-1.3779680906148584,0,0.0,0.7931,0,0
2024-04-15 18:00:00,99.311,73.531,99.18625,30.07425,Amber,0.39391430265931177,0,0.0,0.8801,0,0
2024-04-15 19:00:00,99.41025,67.0315,99.303,33.801500000000004,Amber,0.8133450338982627,0,0.0,0.8678,0,0
2024-04-15 20:00:00,99.27175,56.5625,99.53,37.07725,Amber,-0.22075591359172592,0,0.0,0.9939,0,0
2024-04-15 21:00:00,99.3985,51.664500000000004,99.426,37.67175,Amber,0.6020069405252301,0,0.0,0.9934,0,0
2024-04-15 22:00:00,99.58625,49.0895,99.40700000000001,39.213750000000005,Amber,1.372971439713112,0,0.0,0.805,0,0
2024-04-15 23:00:00,99.66799999999999,41.6665,99.4875,43.59525,Amber,1.459938021215845,0,0.0,0.535,0,0
2024-04-16 00:00:00,99.91375,30.471249999999998,99.24725000000001,41.00625,Amber,1.6111972034624928,0,0.1036,0.0191,0,0
2024-04-16 01:00:00,99.744,44.77375,99.43825,51.76175,Amber,0.629747719781903,0,0.0375,0.0,0,0
2024-04-16 02:00:00,99.53375,45.269,99.44725,52.5165,Amber,-0.5997238214001193,0,0.0,0.0,0,0
2024-04-16 03:00:00,99.83425,55.783,99.2245,58.260999999999996,Amber,0.8297408084183591,0,0.0241,0.0,0,0
2024-04-16 04:00:00,99.9425,54.18625,99.14225,59.73075,Amber,1.0896695518380142,0,0.1565,0.0,0,0
2024-04-16 05:00:00,100.0,68.43075,99.46725,65.4085,Amber,1.014241553878304,0,0.3464,0.0,0,0
2024-04-16 06:00:00,100.0,83.503,99.45525,59.28625,Amber,0.8682327356359705,0,0.5363,0.0,0,0
2024-04-16 07:00:00,99.801,96.95475,99.379,62.172250000000005,Amber,-0.2880767005213159,0,0.5272,0.0,0,0
2024-04-16 08:00:00,99.83825,98.75274999999999,99.48725,58.95175,Amber,-0.7229097356304556,0,0.5553,0.0,0,0
2024-04-16 09:00:00,99.538,115.65475,99.3275,52.89925,Amber,-1.800201709842262,0,0.2832,0.0,0,0
2024-04-16 10:00:00,99.6155,118.47,99.8365,54.024,Green,-0.9551116855841701,0,0.0886,0.0,0,0
2024-04-16 11:00:00,99.5755,125.97375,99.5475,45.664,Amber,-0.8436074715270923,0,0.0,0.0,0,0
2024-04-16 12:00:00,99.7535,117.4525,99.32175000000001,42.916,Green,0.5259255656635425,0,0.0,0.0,0,0
2024-04-16 13:00:00,99.37975,119.9165,99.33825,41.459,Red,-1.459538276925028,0,0.0,0.0182,0,1
2024-04-16 14:00:00,99.10775,121.8855,99.66075000000001,36.5645,Red,-1.72181903907456,0,0.0,0.3084,0,1
2024-04-16 15:00:00,99.4905,111.2385,99.395,30.504749999999998,Amber,0.015258082562789604,0,0.0,0.2158,0,0
2024-04-16 16:00:00,99.4915,98.43,99.67325,30.059,Amber,0.11652731931534051,0,0.0,0.1222,0,0
2024-04-16 17:00:00,99.3995,90.74525,99.58024999999999,32.278,Amber,-0.17954154268627384,0,0.0,0.1206,0,0
2024-04-16 18:00:00,99.5575,79.432,99.4995,28.2965,Amber,0.9602577260045598,0,0.0,0.0,0,0
2024-04-16 19:00:00,99.227,70.02975,99.34425,34.515,Amber,-0.8657180248165628,0,0.0,0.1709,0,0
2024-04-16 20:00:00,99.451,57.807,99.5025,33.671,Amber,0.12905789283813388,0,0.0,0.1179,0,0
2024-04-16 21:00:00,99.6815,53.62025,99.4445,31.53375,Amber,1.394460054864549,0,0.0,0.0,0,0
2024-04-16 22:00:00,99.65325,41.2855,99.293,36.191500000000005,Amber,0.9243970751639938,0,0.0,0.0,0,0
2024-04-16 23:00:00,99.601,39.5075,99.5255,39.129,Amber,0.4299954469682434,0,0.0,0.0,0,0
2024-04-17 00:00:00,99.83975,33.67725,99.54325,50.7665,Amber,1.2460917662414421,0,0.0296,0.0,0,0
2024-04-17 01:00:00,99.928,40.20675,99.31800000000001,53.42675,Amber,1.3810194134641887,0,0.1475,0.0,0,0
2024-04-17 02:00:00,99.959,48.78775,99.49725000000001,48.03875,Amber,1.1981025133808547,0,0.2964,0.0,0,0
2024-04-17 03:00:00,99.9545,46.375,99.50425,56.7185,Amber,0.8336747420932229,0,0.4408,0.0,0,0
2024-04-17 04:00:00,99.50625,62.16375,99.49025,56.1535,Amber,-1.4854566214419302,0,0.137,0.0,0,0
2024-04-17 05:00:00,99.83025,72.66025,99.24875,58.16425,Amber,-0.03530580298110173,0,0.1571,0.0,0,0
2024-04-17 06:00:00,99.7055,84.0715,99.4745,60.8585,Amber,-0.6051084957595462,0,0.0525,0.0,0,0
2024-04-17 07:00:00,99.74525,91.399,99.68275,60.296749999999996,Amber,-0.22310778857625932,0,0.0,0.0,0,0
2024-04-17 08:00:00,99.8145,102.52875,99.565,61.79175,Amber,0.3661839257851193,0,0.0044,0.0,0,0
2024-04-17 09:00:00,99.843,111.324,99.376,58.13675,Amber,0.8072338964872967,0,0.0373,0.0,0,0
2024-04-17 10:00:00,99.76375,114.87450000000001,99.44625,55.22,Amber,-0.3690463371595203,0,0.0,0.0,0,0
2024-04-17 11:00:00,99.731,121.1555,99.597,48.3125,Green,-0.6936181279474596,0,0.0,0.0,0,0
2024-04-17 12:00:00,99.8275,126.72625,99.72225,42.1635,Green,0.854723111086051,0,0.0174,0.0,0,0
2024-04-17 13:00:00,99.5325,112.8515,99.483,40.833,Amber,-1.901569765770668,0,0.0,0.0,0,0
2024-04-17 14:00:00,99.5435,111.30699999999999,99.344,32.3065,Amber,-1.191564866845409,0,0.0,0.0,0,0
2024-04-17 15:00:00,99.5945,109.6935,99.545,33.17225,Amber,-0.5688463042937698,0,0.0,0.0,0,0
2024-04-17 16:00:00,99.26,103.9495,99.502,33.9015,Amber,-1.6482086344539961,0,0.0,0.1379,0,0
2024-04-17 17:00:00,98.896,83.65375,99.60825,29.045,Amber,-1.6915100795817364,0,0.0,0.6399,0,0
2024-04-17 18:00:00,99.65475,78.68525,99.489,29.028,Amber,0.8388730332695774,0,0.0,0.383,0,0
2024-04-17 19:00:00,99.3175,72.57900000000001,99.65975,29.14425,Amber,-0.21266644613276195,0,0.0,0.4635,0,0
2024-04-17 20:00:00,99.5505,56.51325,99.3525,27.59575,Amber,0.6044312361176509,0,0.0,0.3109,0,0
2024-04-17 21:00:00,99.29425,49.0895,99.5925,34.826750000000004,Green,-0.13094394312389468,0,0.0,0.4146,0,0
2024-04-17 22:00:00,99.3715,48.3575,99.6755,38.8845,Green,0.09184684157261779,0,0.0,0.441,0,0
2024-04-17 23:00:00,99.554,42.24125,99.60975,45.333,Amber,0.6518897275988776,0,0.0,0.2849,0,0
2024-04-18 00:00:00,99.5035,39.09975,99.4875,41.29075,Amber,0.6062779421954094,0,0.0,0.1794,0,0
2024-04-18 01:00:00,99.836,35.66925,99.7625,52.011,Green,1.6971932169370085,0,0.0259,0.0,0,0
2024-04-18 02:00:00,99.90525,39.448499999999996,99.4965,52.89575,Amber,1.3318701150792265,0,0.121,0.0,0,0
2024-04-18 03:00:00,99.869,48.773,99.48825,55.807,Amber,0.8708850566374023,0,0.1799,0.0,0,0
2024-04-18 04:00:00,99.70824999999999,60.2795,99.3435,56.053,Amber,-0.12422687196699733,0,0.0781,0.0,0,0
2024-04-18 05:00:00,99.688,64.112,99.62425,59.94875,Amber,-0.4254055792729729,0,0.0,0.0,0,0
2024-04-18 06:00:00,99.84625,74.10624999999999,99.4915,59.289500000000004,Amber,0.41999593420877585,0,0.0361,0.0,0,0
2024-04-18 07:00:00,99.6575,89.95425,99.52025,61.10325,Amber,-1.1422520156152418,0,0.0,0.0,0,0
2024-04-18 08:00:00,99.94275,98.62325,99.4585,62.94625,Amber,1.3577229654973157,0,0.1326,0.0,0,0
2024-04-18 09:00:00,99.78399999999999,106.3135,99.46975,54.18975,Amber,0.11848547589178506,0,0.1065,0.0,0,0
2024-04-18 10:00:00,99.90775000000001,118.60825,99.42775,48.901250000000005,Amber,0.8922379277353157,0,0.2042,0.0,0,0
2024-04-18 11:00:00,99.525,120.929,99.24075,48.1375,Amber,-1.5812686859025977,0,0.0,0.0,0,0
2024-04-18 12:00:00,99.85875,115.56,99.59475,42.5435,Green,0.4945835363175443,0,0.0486,0.0,0,0
2024-04-18 13:00:00,99.73875000000001,122.60249999999999,99.39150000000001,37.959,Green,-0.3569820459265097,0,0.0,0.0,0,0
2024-04-18 14:00:00,99.402,108.67525,99.50874999999999,37.893,Amber,-1.5176291977878218,0,0.0,0.0,0,0
2024-04-18 15:00:00,99.516,109.3395,99.331,38.18175,Amber,-0.688865208465233,0,0.0,0.0,0,0
2024-04-18 16:00:00,99.51474999999999,98.8725,99.414,33.69625,Amber,-0.4567738332820332,0,0.0,0.0,0,0
2024-04-18 17:00:00,99.2385,84.60825,99.563,34.16675,Amber,-1.3639927305422537,0,0.0,0.1594,0,0
2024-04-18 18:00:00,99.211,78.213,99.78575,29.022000000000002,Amber,-1.14342773493934,0,0.0,0.3464,0,0
2024-04-18 19:00:00,99.471,63.557500000000005,99.30175,28.81975,Red,0.5773947133522633,0,0.0,0.2733,0,1
2024-04-18 20:00:00,99.344,54.718,99.38425000000001,33.105,Amber,-0.27994224799756107,0,0.0,0.3272,0,0
2024-04-18 21:00:00,99.56425,56.1295,99.50825,32.18925,Amber,1.1730280100672938,0,0.0,0.1609,0,0
2024-04-18 22:00:00,99.6635,49.8635,99.4095,36.26625,Amber,1.365998098116484,0,0.0,0.0,0,0
2024-04-18 23:00:00,99.178,37.5195,99.3845,42.0475,Amber,-1.1677520682627114,0,0.0,0.2199,0,0
2024-04-19 00:00:00,99.565,39.64,99.54175000000001,46.438500000000005,Amber,0.5696088515931483,0,0.0,0.0529,0,0
2024-04-19 01:00:00,99.96975,43.34625,99.4165,53.21625,Amber,1.5519403448372728,0,0.1596,0.0,0,0
2024-04-19 02:00:00,99.5755,41.7175,99.58449999999999,53.76675,Amber,-0.04145578206410562,0,0.0,0.0,0,0
2024-04-19 03:00:00,99.85375,51.9825,99.5665,56.567,Amber,0.7983060970648416,0,0.0436,0.0,0,0
2024-04-19 04:00:00,99.7885,59.768249999999995,99.72375,52.49875,Green,0.4726806185151233,0,0.022,0.0,0,0
2024-04-19 05:00:00,99.969,70.61675,99.187,60.83,Amber,1.0023491213441673,0,0.1809,0.0,0,0
2024-04-19 06:00:00,99.65299999999999,80.778,99.39699999999999,60.585,Amber,-0.9131137540768188,0,0.0238,0.0,0,0
2024-04-19 07:00:00,99.63775,86.277,99.3845,57.56875,Amber,-0.7230690115145535,0,0.0,0.0,0,0
2024-04-19 08:00:00,99.8005,96.58324999999999,99.53175,55.04075,Amber,0.1341655981553847,0,0.0,0.0,0,0
2024-04-19 09:00:00,99.976,114.3075,99.61975,49.935,Green,1.1721696834714104,0,0.1659,0.0,0,0
2024-04-19 10:00:00,99.58375000000001,118.2745,99.4985,49.6625,Green,-1.0795137425083199,0,0.0,0.0,0,0
2024-04-19 11:00:00,99.54275,125.69550000000001,99.52825,46.33875,Amber,-0.9665519225268632,0,0.0,0.0,0,0
2024-04-19 12:00:00,99.5925,123.2995,99.58699999999999,43.70425,Green,-0.5775897316510923,0,0.0,0.0,0,0
2024-04-19 13:00:00,99.46575,119.84649999999999,99.4985,43.176500000000004,Amber,-1.020790758865504,0,0.0,0.0,0,0
2024-04-19 14:00:00,99.24799999999999,111.70175,99.34649999999999,36.408500000000004,Red,-1.350834916739383,0,0.0,0.1499,0,1
2024-04-19 15:00:00,99.2975,105.85,99.47775,32.4535,Amber,-1.0575710620152852,0,0.0,0.2504,0,0
2024-04-19 16:00:00,99.64975,96.75225,99.5175,33.04775,Amber,1.1324789848674421,0,0.0,0.0,0,0
2024-04-19 17:00:00,99.098,89.34925,99.57225,28.918999999999997,Red,-1.3758581445947957,0,0.0,0.2999,0,1
2024-04-19 18:00:00,99.31425,85.3905,99.59675,27.82225,Red,-0.16443301206923924,0,0.0,0.3836,0,1
2024-04-19 19:00:00,98.92599999999999,78.72375,99.6605,28.45025,Red,-1.3589907373535264,0,0.0,0.8555,0,1
2024-04-19 20:00:00,99.63675,53.107,99.24425,34.89325,Amber,1.099314347170642,0,0.0,0.6167,0,0
2024-04-19 21:00:00,99.28825,50.092,99.451,38.24325,Amber,-0.10620511256744702,0,0.0,0.7264,0,0
2024-04-19 22:00:00,99.14574999999999,46.05,99.51675,35.66875,Red,-0.3681666341371387,0,0.0,0.9786,0,1
2024-04-19 23:00:00,99.7195,46.40875,99.601,43.155249999999995,Amber,1.2780607411907858,0,0.0,0.657,0,0
2024-04-20 00:00:00,99.7305,44.16375,99.57225,44.923249999999996,Amber,0.9567839393404413,0,0.0,0.3244,0,0
2024-04-20 01:00:00,99.769,42.448499999999996,99.4725,47.687749999999994,Amber,0.8357398183574456,0,0.0,0.0,0,0
2024-04-20 02:00:00,99.5515,43.4565,99.576,49.25075,Green,0.06682084254656073,0,0.0,0.0,0,0
2024-04-20 03:00:00,99.67225,58.155249999999995,99.544,55.6845,Amber,0.31696033289503767,0,0.0,0.0,0,0
2024-04-20 04:00:00,99.8615,59.528,99.46875,57.49925,Amber,1.3976953488917272,0,0.0514,0.0,0,0
2024-04-20 05:00:00,99.52250000000001,66.06425,99.7025,58.533500000000004,Amber,-1.245234787663768,0,0.0,0.0,0,0
2024-04-20 06:00:00,99.73625,82.18549999999999,99.59575000000001,60.379,Amber,0.3887219842946306,0,0.0,0.0,0,0
2024-04-20 07:00:00,99.855,90.24525,99.25625,56.967749999999995,Amber,1.0669493760514552,0,0.0449,0.0,0,0
2024-04-20 08:00:00,99.97975,94.8745,99.47325000000001,58.4015,Amber,1.285757073308206,0,0.2145,0.0,0,0
2024-04-20 09:00:00,100.0,111.3145,99.33675,57.1105,Amber,0.9854452491793224,0,0.4044,0.0,0,0
2024-04-20 10:00:00,99.52250000000001,114.29275,99.6925,45.70525,Amber,-1.1564890421515037,0,0.1168,0.0,0,0
2024-04-20 11:00:00,99.584,118.96225,99.24175,46.90425,Amber,-0.9765495914264997,0,0.0,0.0,0,0
2024-04-20 12:00:00,99.72575,119.96325,99.23525000000001,44.97225,Amber,-0.25940551074590806,0,0.0,0.0,0,0
2024-04-20 13:00:00,99.6635,121.7475,99.614,41.866749999999996,Amber,-0.4094633664152919,0,0.0,0.0,0,0
2024-04-20 14:00:00,99.424,117.0855,99.08924999999999,36.23225,Amber,-1.146333469770885,0,0.0,0.0,0,0
2024-04-20 15:00:00,99.6665,103.0595,99.54225,34.02075,Amber,0.6204031455379333,0,0.0,0.0,0,0
2024-04-20 16:00:00,99.58675,99.26025,99.70750000000001,31.993,Amber,-0.20611547240941747,0,0.0,0.0,0,0
2024-04-20 17:00:00,99.8325,87.65075,99.32475,33.03875,Green,1.3281759776885735,0,0.0224,0.0,0,0
2024-04-20 18:00:00,99.069,77.67224999999999,99.248,33.205999999999996,Amber,-1.7708043125846926,0,0.0,0.3289,0,0
2024-04-20 19:00:00,99.11125,71.492,99.6525,28.289,Amber,-1.0965890396220792,0,0.0,0.6156,0,0
2024-04-20 20:00:00,99.5235,61.74975,99.35675,34.709,Amber,0.18989782882567585,0,0.0,0.49,0,0
2024-04-20 21:00:00,99.60249999999999,52.97575,99.45125,33.3865,Amber,0.4922725832511243,0,0.0,0.2855,0,0
2024-04-20 22:00:00,99.34225,47.74175,99.40125,37.9715,Amber,-0.24059582700314672,0,0.0,0.3411,0,0
2024-04-20 23:00:00,99.3685,43.00475,99.36825,44.857,Amber,0.15105893424187358,0,0.0,0.3706,0,0
2024-04-21 00:00:00,99.61125,42.14275,99.55799999999999,45.12475,Amber,0.9619124706642386,0,0.0,0.1573,0,0
2024-04-21 01:00:00,99.7235,35.05625,99.7415,47.09325,Green,1.3101877863475677,0,0.0,0.0,0,0
2024-04-21 02:00:00,99.96575,41.223,99.29325,51.35575,Amber,1.5665319389087438,0,0.1556,0.0,0,0
2024-04-21 03:00:00,99.87225,56.903499999999994,99.58625,57.4215,Amber,0.8759388625581049,0,0.2178,0.0,0,0
2024-04-21 04:00:00,99.5,64.5315,99.86275,56.68625,Green,-0.7693399875296749,0,0.0,0.0,0,0
2024-04-21 05:00:00,99.93325,75.821,99.43875,63.825,Amber,0.8834287890225078,0,0.1231,0.0,0,0
2024-04-21 06:00:00,99.873,81.84275,99.58725,58.72275,Amber,0.3552504611622497,0,0.186,0.0,0,0
2024-04-21 07:00:00,99.43925,99.38675,99.2805,56.222500000000004,Amber,-1.4020685580969172,0,0.0,0.0,0,0
2024-04-21 08:00:00,99.845,93.248,99.36725,56.442,Amber,0.4703408440254066,0,0.0349,0.0,0,0
2024-04-21 09:00:00,99.7955,109.155,99.57050000000001,52.09825,Amber,0.3098210035137553,0,0.0203,0.0,0,0
2024-04-21 10:00:00,99.6885,112.6755,99.57124999999999,51.814499999999995,Green,-0.4142077302630579,0,0.0,0.0,0,0
2024-04-21 11:00:00,99.75675,120.416,99.44675000000001,46.13175,Amber,0.15027815011907802,0,0.0,0.0,0,0
2024-04-21 12:00:00,99.54825,129.32175,99.53275,44.58225,Amber,-0.8367928251186797,0,0.0,0.0,0,0
2024-04-21 13:00:00,99.71424999999999,125.4725,99.41550000000001,36.444,Amber,-0.101516944754225,0,0.0,0.0,0,0
2024-04-21 14:00:00,98.886,112.54175000000001,99.71975,36.234,Red,-1.9783823677338697,0,0.0,0.5119,0,1
2024-04-21 15:00:00,99.72775,113.27425,99.57825,27.668499999999998,Green,0.5198087988486939,0,0.0,0.1821,0,0
2024-04-21 16:00:00,99.1685,98.03275,99.78275000000001,31.637499999999996,Amber,-0.8299970603371148,0,0.0,0.4115,0,0
2024-04-21 17:00:00,99.15725,93.4345,99.49875,33.923,Amber,-0.6063389690574487,0,0.0,0.6522,0,0
2024-04-21 18:00:00,98.82275,81.74025,99.549,30.885250000000003,Red,-1.0759868124277499,0,0.0,1.2274,0,1
2024-04-21 19:00:00,98.761,67.22575,99.63624999999999,33.78075,Amber,-0.9127483845796509,0,0.0,1.8643,0,0
2024-04-21 20:00:00,99.23825,53.47625,99.12525,29.79625,Red,0.2664786515875801,0,0.0,2.024,0,1
2024-04-21 21:00:00,99.49725000000001,57.35125,99.62675,39.04575,Amber,1.4206269670726845,0,0.0,1.9247,0,0
2024-04-21 22:00:00,99.5395,50.6325,99.61175,40.27125,Amber,1.1302555389816178,0,0.0,1.7831,0,0
2024-04-21 23:00:00,99.515,38.314750000000004,99.41925,44.646,Amber,0.8030868389324904,0,0.0,1.666,0,0
2024-04-22 00:00:00,99.23474999999999,38.056,99.592,47.19375,Amber,-0.21169898709236679,0,0.0,1.8292,0,0
2024-04-22 01:00:00,99.7055,42.6185,99.69024999999999,54.49975,Green,1.3552503774179026,0,0.0,1.5216,0,0
2024-04-22 02:00:00,99.93075,39.44325,99.74075,57.466,Amber,1.5500468026028529,0,0.1206,0.9888,0,0
2024-04-22 03:00:00,99.60725,51.67375,99.4585,55.5665,Green,0.08031172216854551,0,0.0,0.7795,0,0
2024-04-22 04:00:00,100.0,58.31675,99.565,55.525,Amber,1.1892920998104743,0,0.1899,0.1774,0,0
2024-04-22 05:00:00,100.0,75.57475,99.6,57.859750000000005,Amber,0.8497404553612288,0,0.3798,0.0,0,0
2024-04-22 06:00:00,99.765,75.642,99.42925,59.13825,Amber,-0.42113236187623543,0,0.3347,0.0,0,0
2024-04-22 07:00:00,99.5355,84.782,99.64325,61.51225,Amber,-1.3373543319582042,0,0.0601,0.0,0,0
2024-04-22 08:00:00,99.97125,104.90625,99.61449999999999,55.3685,Green,0.7594821512190392,0,0.2212,0.0,0,0
2024-04-22 09:00:00,99.5205,106.7025,99.35875,50.83875,Amber,-1.2232700446812907,0,0.0,0.0,0,0
2024-04-22 10:00:00,99.8835,120.319,99.51175,47.534,Green,0.4934061082980586,0,0.0734,0.0,0,0
2024-04-22 11:00:00,99.526,113.903,99.30425,51.91025,Red,-0.869223343085346,0,0.0,0.0,0,1
2024-04-22 12:00:00,99.7055,121.21025,99.5615,49.95125,Amber,0.07633832913913735,0,0.0,0.0,0,0
2024-04-22 13:00:00,99.533,118.6485,99.6005,39.093,Amber,-0.7906256294418077,0,0.0,0.0,0,0
2024-04-22 14:00:00,99.44825,115.72425,99.7505,32.79625,Amber,-0.9556042643424261,0,0.0,0.0,0,0
2024-04-22 15:00:00,99.38325,113.361,99.608,33.54325,Amber,-1.0695481329285736,0,0.0,0.0147,0,0
2024-04-22 16:00:00,99.61025000000001,105.44575,99.42125,30.21375,Amber,0.6635863380854922,0,0.0,0.0,0,0
2024-04-22 17:00:00,99.123,88.54875,99.66125,36.119749999999996,Red,-1.6898143317793175,0,0.0,0.2749,0,1
2024-04-22 18:00:00,99.2165,80.84,99.54875,30.33625,Amber,-0.9078911611290199,0,0.0,0.4564,0,0
2024-04-22 19:00:00,99.45625,77.58075,99.61725,34.11575,Amber,0.47181540406505085,0,0.0,0.398,0,0
2024-04-22 20:00:00,99.4605,66.20125,99.63374999999999,32.64325,Amber,0.4812876182152368,0,0.0,0.3355,0,0
2024-04-22 21:00:00,99.1955,56.16675,99.099,33.735749999999996,Amber,-0.7719312864121085,0,0.0,0.5379,0,0
2024-04-22 22:00:00,99.24625,43.165,99.5375,39.06975,Red,-0.2591489108043206,0,0.0,0.6896,0,1
2024-04-22 23:00:00,99.7425,37.2745,99.69525,44.224000000000004,Amber,1.6902013560822322,0,0.0,0.345,0,0
2024-04-23 00:00:00,99.5675,35.4105,99.4535,41.93425,Amber,0.6052885404704328,0,0.0,0.1754,0,0
2024-04-23 01:00:00,99.5335,35.323499999999996,99.52924999999999,47.13425,Amber,0.36815135026317486,0,0.0,0.0399,0,0
2024-04-23 02:00:00,99.71000000000001,43.70825,99.5145,54.04,Amber,0.9144302191170809,0,0.0,0.0,0,0
2024-04-23 03:00:00,99.70275000000001,45.620999999999995,99.36699999999999,56.45325,Amber,0.6416105614244552,0,0.0,0.0,0,0
2024-04-23 04:00:00,99.8805,60.971000000000004,99.46775,59.2105,Amber,1.5188290556793878,0,0.0704,0.0,0,0
2024-04-23 05:00:00,99.9085,66.3195,99.8655,64.69425,Amber,1.2369759577873338,0,0.1688,0.0,0,0
2024-04-23 06:00:00,99.75475,77.1585,99.74175,61.33775,Amber,0.04708391937880273,0,0.1134,0.0,0,0
2024-04-23 07:00:00,99.7085,91.43675,99.672,56.5165,Amber,-0.7423872483990036,0,0.0118,0.0,0,0
2024-04-23 08:00:00,99.70400000000001,94.44275,99.47874999999999,59.463499999999996,Amber,-0.7725683405190491,0,0.0,0.0,0,0
2024-04-23 09:00:00,99.727,109.035,99.70175,55.62325,Amber,-0.5916617237874195,0,0.0,0.0,0,0
2024-04-23 10:00:00,99.964,116.504,99.5375,49.92225,Amber,1.5050457379863063,0,0.1539,0.0,0,0
2024-04-23 11:00:00,99.797,115.912,99.55199999999999,46.09025,Amber,0.21476276312533024,0,0.1408,0.0,0,0
2024-04-23 12:00:00,99.26425,115.75999999999999,99.20775,46.49925,Amber,-1.8512824766634477,0,0.0,0.1337,0,0
2024-04-23 13:00:00,99.2915,121.07175000000001,99.28775,38.12775,Amber,-1.1740938518662178,0,0.0,0.2401,0,0
2024-04-23 14:00:00,99.24,112.1855,99.16024999999999,40.77675,Amber,-0.9638080297098631,0,0.0,0.398,0,0
2024-04-23 15:00:00,99.34725,110.51425,99.689,33.3665,Amber,-0.4359643861156882,0,0.0,0.4487,0,0
2024-04-23 16:00:00,99.2145,110.14275,99.49825,29.6495,Amber,-0.6591650020547579,0,0.0,0.6321,0,0
2024-04-23 17:00:00,99.17099999999999,89.65100000000001,99.4115,26.619500000000002,Amber,-1.3640442839259004,0,0.0,0.8591,0,0
2024-04-23 18:00:00,99.499,78.23349999999999,99.55175,31.756999999999998,Amber,1.7432120462990244,0,0.0,0.758,0,0
2024-04-23 19:00:00,99.12925,69.47975,99.55225,29.549,Amber,-1.0146074702938979,0,0.0,1.0267,0,0
2024-04-23 20:00:00,99.38025,57.50725,99.602,36.535250000000005,Amber,0.6341428181470657,0,0.0,1.0444,0,0
2024-04-23 21:00:00,99.2745,54.289,99.7795,37.718,Green,-0.02573796779653107,0,0.0,1.1678,0,0
2024-04-23 22:00:00,99.38325,42.9675,99.42025,37.27325,Amber,0.5469943943592186,0,0.0,1.1825,0,0
2024-04-23 23:00:00,99.42224999999999,33.794,99.4425,43.53075,Amber,0.5727182320923698,0,0.0,1.1581,0,0
2024-04-24 00:00:00,99.85425000000001,40.807249999999996,99.6775,45.6075,Amber,1.8362258796269115,0,0.0441,0.7018,0,0
2024-04-24 01:00:00,99.717,37.6225,99.17275,52.75575,Red,0.933476035263566,0,0.0,0.3828,0,1
2024-04-24 02:00:00,99.84225,43.1835,99.607,53.87075,Amber,1.028298483555645,0,0.0321,0.0,0,0
2024-04-24 03:00:00,99.70875,55.869749999999996,99.4185,54.42975,Green,0.26440783835654447,0,0.0,0.0,0,0
2024-04-24 04:00:00,99.353,57.257,99.53525,58.11875,Amber,-1.3928652921788904,0,0.0,0.0449,0,0
2024-04-24 05:00:00,99.84875,74.247,99.48825,65.8065,Amber,0.6670163772431441,0,0.0386,0.0,0,0
2024-04-24 06:00:00,99.97575,78.3865,99.34975,57.007,Amber,1.096994619114223,0,0.2043,0.0,0,0
2024-04-24 07:00:00,99.87325,89.93175,99.3555,59.10875,Amber,0.4831436158794295,0,0.2674,0.0,0,0
2024-04-24 08:00:00,99.91375,101.181,99.672,58.0105,Amber,0.5948765950524407,0,0.3711,0.0,0,0
2024-04-24 09:00:00,99.60525,104.77775,99.66825,52.55325,Amber,-0.6602510848653868,0,0.1662,0.0,0,0
2024-04-24 10:00:00,99.90925,118.98925,99.7895,51.482,Green,0.42439991066577043,0,0.2653,0.0,0,0
2024-04-24 11:00:00,99.9225,119.40525,99.4745,46.406,Amber,0.4225474143176691,0,0.3777,0.0,0,0
2024-04-24 12:00:00,99.40975,119.30199999999999,99.6265,44.613,Amber,-1.6871984305853964,0,0.0,0.0,0,0
2024-04-24 13:00:00,99.79775,123.98325,99.616,38.0155,Amber,0.1812050099667859,0,0.0,0.0,0,0
2024-04-24 14:00:00,99.64775,113.73925,99.34025,36.03175,Amber,-0.3403606507246325,0,0.0,0.0,0,0
2024-04-24 15:00:00,99.42,112.98875,99.6055,35.30475,Amber,-1.145074171220313,0,0.0,0.0,0,0
2024-04-24 16:00:00,99.42025,97.4265,99.31175,32.45525,Amber,-0.8234948023169486,0,0.0,0.0,0,0
2024-04-24 17:00:00,99.418,92.492,99.50675,29.39275,Amber,-0.6119709157403764,0,0.0,0.0,0,0
2024-04-24 18:00:00,99.26925,82.10425000000001,99.351,31.311,Amber,-1.182326436760314,0,0.0,0.1287,0,0
2024-04-24 19:00:00,99.497,67.973,99.42500000000001,30.427,Green,0.4169130487498402,0,0.0,0.0296,0,0
2024-04-24 20:00:00,99.45949999999999,63.32299999999999,99.54975,32.6755,Green,0.5873742539636871,0,0.0,0.0,0,0
2024-04-24 21:00:00,99.58275,50.16275,99.64475,32.939750000000004,Green,1.362423250550987,0,0.0,0.0,0,0
2024-04-24 22:00:00,99.24325,40.17125,99.77199999999999,39.663,Amber,-1.2726055262002771,0,0.0,0.1547,0,0
2024-04-24 23:00:00,99.61875,41.455,99.559,43.8705,Green,1.1042571343738492,0,0.0,0.0,0,0
2024-04-25 00:00:00,99.55675,37.91675,99.56425,42.45675,Amber,0.4713939340982413,0,0.0,0.0,0,0
2024-04-25 01:00:00,99.82875,38.5135,99.422,52.420500000000004,Amber,1.4548340836064209,0,0.0186,0.0,0,0
2024-04-25 02:00:00,99.70475,40.1195,99.484,54.3595,Amber,0.5892428970297753,0,0.0,0.0,0,0
2024-04-25 03:00:00,99.87575,58.556,99.73525000000001,55.6775,Amber,1.0422702535579598,0,0.0656,0.0,0,0
2024-04-25 04:00:00,99.7155,59.77975,99.57425,57.43775,Amber,-0.009988302486508055,0,0.0,0.0,0,0
2024-04-25 05:00:00,99.54625,60.52075,99.8445,57.717,Amber,-1.1690899512316846,0,0.0,0.0,0,0
2024-04-25 06:00:00,99.92099999999999,79.717,99.3165,63.51225,Amber,1.1317286158497686,0,0.1109,0.0,0,0
2024-04-25 07:00:00,99.697,86.11275,99.47525,58.94225,Amber,-0.34122959878257353,0,0.0,0.0,0,0
2024-04-25 08:00:00,99.7495,101.1985,99.70725,54.5845,Green,-0.009907115068728626,0,0.0,0.0,0,0
2024-04-25 09:00:00,99.57475,105.8345,99.34275,52.8055,Amber,-0.9340522420551363,0,0.0,0.0,0,0
2024-04-25 10:00:00,99.89525,118.41475,99.43725,51.2395,Amber,1.0490900458856838,0,0.0851,0.0,0,0
2024-04-25 11:00:00,99.82249999999999,128.2645,99.3425,48.0805,Amber,0.35183626004510815,0,0.0975,0.0,0,0
2024-04-25 12:00:00,99.48475,121.6125,99.415,41.3095,Green,-1.429871144819061,0,0.0,0.0,0,0
2024-04-25 13:00:00,99.60975,115.09725,99.7445,33.58975,Amber,-0.5037107412061527,0,0.0,0.0,0,0
2024-04-25 14:00:00,99.43075,118.3595,99.40825,35.85525,Amber,-1.1100243539760808,0,0.0,0.0,0,0
2024-04-25 15:00:00,99.3,104.02825,99.39725,32.63125,Red,-1.2543932742892627,0,0.0,0.0979,0,1
2024-04-25 16:00:00,99.27525,101.71000000000001,99.557,31.77375,Amber,-1.032563951957539,0,0.0,0.2206,0,0
2024-04-25 17:00:00,99.22775,91.246,99.187,28.7345,Amber,-1.09831166089887,0,0.0,0.3908,0,0
2024-04-25 18:00:00,99.40475,80.90625,99.75675000000001,27.79675,Amber,0.21640413319066265,0,0.0,0.384,0,0
2024-04-25 19:00:00,99.72325,67.23125,99.60225,30.520249999999997,Amber,1.840088392407444,0,0.0,0.0586,0,0
2024-04-25 20:00:00,99.637,62.487,99.50550000000001,35.0445,Amber,1.0168883170375873,0,0.0,0.0,0,0
2024-04-25 21:00:00,99.4875,49.52175,99.42675,30.08925,Amber,0.14397247286744236,0,0.0,0.0,0,0
2024-04-25 22:00:00,99.44925,42.9695,99.43025,40.36575,Amber,-0.22243580902488672,0,0.0,0.0,0,0
2024-04-25 23:00:00,99.641,40.92175,99.49875,41.05,Amber,0.6601451711104254,0,0.0,0.0,0,0
2024-04-26 00:00:00,99.3715,38.44525,99.78825,53.559,Amber,-1.3292574743454806,0,0.0,0.0264,0,0
2024-04-26 01:00:00,99.58675,44.724000000000004,99.36225,45.174,Amber,0.5268136070384692,0,0.0,0.0,0,0
2024-04-26 02:00:00,99.884,45.15375,99.565,56.7435,Amber,1.7300517424813884,0,0.0739,0.0,0,0
2024-04-26 03:00:00,99.72975,51.6795,99.646,55.2025,Amber,0.6405808964725435,0,0.0,0.0,0,0
2024-04-26 04:00:00,99.384,61.17125,99.65125,62.337,Amber,-1.0823424228865057,0,0.0,0.0139,0,0
2024-04-26 05:00:00,99.9245,66.97775,99.24225,55.6575,Amber,1.155844207821311,0,0.1144,0.0,0,0
2024-04-26 06:00:00,99.63475,88.85974999999999,99.62100000000001,59.26175,Amber,-0.2782965242424158,0,0.0,0.0,0,0
2024-04-26 07:00:00,99.8355,87.55275,99.60525,56.77425,Amber,0.5152329721259599,0,0.0254,0.0,0,0
2024-04-26 08:00:00,99.94975,94.63425,99.51425,51.027249999999995,Green,0.9743919413043285,0,0.165,0.0,0,0
2024-04-26 09:00:00,99.7635,110.565,99.312,55.322500000000005,Amber,0.06991401592032626,0,0.1184,0.0,0,0
2024-04-26 10:00:00,99.87525,116.69675000000001,99.8425,53.632,Green,0.3836778925162131,0,0.1836,0.0,0,0
2024-04-26 11:00:00,99.287,121.612,99.4995,45.951750000000004,Green,-1.8259640461282105,0,0.0,0.1109,0,0
2024-04-26 12:00:00,99.63575,123.3075,99.6145,42.59675,Amber,-0.3705275102008307,0,0.0,0.0,0,0
2024-04-26 13:00:00,99.418,112.18625,99.40125,38.43425,Amber,-0.9095474695396994,0,0.0,0.0,0,0
2024-04-26 14:00:00,99.4765,112.36425,99.41425,36.565250000000006,Amber,-0.44797814701543803,0,0.0,0.0,0,0
2024-04-26 15:00:00,99.416,109.02475,99.3365,36.14,Amber,-0.4900384283573,0,0.0,0.0,0,0
2024-04-26 16:00:00,99.261,97.211,99.66675000000001,32.4275,Amber,-1.1367023384872181,0,0.0,0.1369,0,0
2024-04-26 17:00:00,99.52924999999999,82.10975,99.62675,32.92125,Amber,0.5814763914490287,0,0.0,0.0056,0,0
2024-04-26 18:00:00,99.727,74.19925,99.274,28.852,Amber,1.6582578971490356,0,0.0,0.0,0,0
2024-04-26 19:00:00,99.779,68.69325,99.7385,34.317750000000004,Green,1.2731594492743694,0,0.0,0.0,0,0
2024-04-26 20:00:00,99.61125,57.686,99.67224999999999,32.298,Amber,0.2946282123432773,0,0.0,0.0,0,0
2024-04-26 21:00:00,99.14375,55.783500000000004,99.3785,31.786,Amber,-1.4281975933175752,0,0.0,0.2542,0,0
2024-04-26 22:00:00,99.541,40.405,99.439,38.285,Green,-0.06317505246309602,0,0.0,0.1111,0,0
2024-04-26 23:00:00,99.584,47.771,99.29124999999999,44.16775,Amber,0.08750425915765386,0,0.0,0.0,0,0
2024-04-27 00:00:00,99.74625,36.685,99.63475,44.39075,Amber,0.7849925848494791,0,0.0,0.0,0,0
2024-04-27 01:00:00,99.68275,47.63575,99.66625,51.63125,Green,0.617142247292848,0,0.0,0.0,0,0
2024-04-27 02:00:00,99.862,45.8665,99.6685,51.461,Green,1.0817585005389245,0,0.0519,0.0,0,0
2024-04-27 03:00:00,99.94675,50.62625,99.5065,57.4585,Amber,1.3952469679372244,0,0.1885,0.0,0,0
2024-04-27 04:00:00,99.943,57.5035,99.327,58.85575,Amber,1.008706236979882,0,0.3214,0.0,0,0
2024-04-27 05:00:00,99.85125,69.1645,99.3825,61.49075,Amber,0.11877297630127984,0,0.3626,0.0,0,0
2024-04-27 06:00:00,99.4665,83.46000000000001,99.56825,66.12075,Amber,-1.74989554425074,0,0.019,0.0,0,0
2024-04-27 07:00:00,99.662,89.2305,99.5675,62.34975,Amber,-0.6710046462936134,0,0.0,0.0,0,0
2024-04-27 08:00:00,100.0,100.4145,99.246,53.1995,Amber,0.9105924100776478,0,0.1899,0.0,0,0
2024-04-27 09:00:00,99.90425,110.19875,99.12774999999999,48.7445,Amber,0.49372912979863365,0,0.284,0.0,0,0
2024-04-27 10:00:00,99.87275,116.686,99.22775,47.249,Amber,0.41154261041844964,0,0.3467,0.0,0,0
2024-04-27 11:00:00,99.73625,115.98725,99.47,49.628,Amber,-0.1936153699555894,0,0.2728,0.0,0,0
2024-04-27 12:00:00,99.62175,123.619,99.61525,40.44025,Amber,-1.1927635721072272,0,0.0845,0.0,0,0
2024-04-27 13:00:00,99.1865,123.47575,99.47825,38.528,Amber,-1.81960770311755,0,0.0,0.2114,0,0
2024-04-27 14:00:00,99.75175,108.24975,99.55825,32.051,Amber,0.27836772312263863,0,0.0,0.0,0,0
2024-04-27 15:00:00,99.353,109.00775,99.66475,35.539,Green,-0.8876955850129061,0,0.0,0.0449,0,0
2024-04-27 16:00:00,99.17474999999999,107.22975,99.5185,31.58325,Amber,-1.1112892164178503,0,0.0,0.2681,0,0
2024-04-27 17:00:00,99.07425,92.4425,99.36625000000001,33.391000000000005,Amber,-1.054370529044088,0,0.0,0.5918,0,0
2024-04-27 18:00:00,99.0375,73.77825,99.44175,27.705,Red,-0.8557125998256293,0,0.0,0.9522,0,1
2024-04-27 19:00:00,99.06725,67.571,99.47175,32.72625,Amber,-0.6401948546993368,0,0.0,1.2829,0,0
2024-04-27 20:00:00,99.0595,66.28999999999999,99.62774999999999,33.22925,Amber,-0.5673314183004469,0,0.0,1.6213,0,0
2024-04-27 21:00:00,99.56575000000001,47.315,99.62925,35.0485,Amber,1.9840956796622624,0,0.0,1.4535,0,0
2024-04-27 22:00:00,99.8275,41.64975,99.52175,42.604,Green,1.6367185855723945,0,0.0174,1.0239,0,0
2024-04-27 23:00:00,99.895,40.194,99.5655,39.591499999999996,Amber,1.2059676574540563,0,0.1023,0.5269,0,0
2024-04-28 00:00:00,99.659,37.926249999999996,99.293,46.448750000000004,Green,0.3996840291559108,0,0.0,0.2658,0,0
2024-04-28 01:00:00,99.61175,32.36225,99.62175,54.8285,Amber,0.029360600928724983,0,0.0,0.052,0,0
2024-04-28 02:00:00,99.86725,48.12175,99.44675000000001,58.122,Amber,0.9104859351968738,0,0.0571,0.0,0,0
2024-04-28 03:00:00,99.801,46.931,99.184,52.29025,Amber,0.2089439431884914,0,0.048,0.0,0,0
2024-04-28 04:00:00,99.8955,54.54925,99.57025,59.39675,Amber,0.8633513365877643,0,0.1334,0.0,0,0
2024-04-28 05:00:00,99.83175,70.9245,99.401,57.641999999999996,Amber,0.4668856944798265,0,0.1551,0.0,0,0
2024-04-28 06:00:00,100.0,80.037,99.60125,59.01875,Amber,1.2847383819454865,0,0.345,0.0,0,0
2024-04-28 07:00:00,99.90925,92.35075,99.54825,61.28525,Amber,0.36170478573814513,0,0.4441,0.0,0,0
2024-04-28 08:00:00,99.784,102.875,99.74775,55.59775,Green,-1.0663516882732595,0,0.418,0.0,0,0
2024-04-28 09:00:00,99.86375000000001,112.2055,99.10325,55.36475,Amber,-0.22949826854890762,0,0.4716,0.0,0,0
2024-04-28 10:00:00,99.38374999999999,117.8665,99.33225,54.2465,Amber,-1.9177316567128446,0,0.0453,0.0142,0,0
2024-04-28 11:00:00,99.39775,118.7415,99.33924999999999,44.78925,Amber,-1.2195333100380685,0,0.0,0.0144,0,0
2024-04-28 12:00:00,99.82975,123.00375,99.586,42.58525,Green,0.5649420272913064,0,0.0196,0.0,0,0
2024-04-28 13:00:00,99.29475,115.31225,99.3455,39.334,Red,-1.1466061013854218,0,0.0,0.1032,0,1
2024-04-28 14:00:00,99.68125,118.0495,99.52275,36.62825,Amber,0.4287483461754235,0,0.0,0.0,0,0
2024-04-28 15:00:00,99.38825,110.01725,99.48175,30.09425,Amber,-0.5131974759529448,0,0.0,0.0097,0,0
2024-04-28 16:00:00,99.00399999999999,98.364,99.4715,32.785,Amber,-1.4694163659330564,0,0.0,0.4036,0,0
2024-04-28 17:00:00,99.28775,90.564,99.30325,25.239,Amber,-0.42503254801461055,0,0.0,0.5138,0,0
2024-04-28 18:00:00,99.07775,78.38374999999999,99.48975,31.76075,Amber,-0.8776051290193294,0,0.0,0.834,0,0
2024-04-28 19:00:00,99.58475,78.9045,99.61225,28.34675,Amber,0.9183542660962618,0,0.0,0.6471,0,0
2024-04-28 20:00:00,99.22125,57.972249999999995,99.59775,32.429,Amber,-0.18647488447221164,0,0.0,0.8238,0,0
2024-04-28 21:00:00,99.5155,57.0625,99.53450000000001,32.5265,Amber,1.0075858009847576,0,0.0,0.7063,0,0
2024-04-28 22:00:00,99.56975,44.7,99.62925,41.4675,Amber,0.9204295914492395,0,0.0,0.5344,0,0
2024-04-28 23:00:00,99.6785,40.2505,99.61500000000001,46.452,Green,1.0035729764917687,0,0.0,0.2539,0,0
2024-04-29 00:00:00,99.05,37.04925,99.33275,46.3435,Amber,-1.5777238517071424,0,0.0,0.6018,0,0
2024-04-29 01:00:00,99.85425000000001,43.94375,99.68925,49.945,Green,1.2555181901926311,0,0.0441,0.1455,0,0
2024-04-29 02:00:00,99.23375,41.7525,99.7175,52.35025,Amber,-0.8478957523995189,0,0.0,0.3096,0,0
2024-04-29 03:00:00,99.9445,52.2045,99.475,58.10375,Amber,1.1102752173985666,0,0.1344,0.0,0,0
2024-04-29 04:00:00,99.81675,54.21425,99.55425,58.43325,Amber,0.6008923309829239,0,0.141,0.0,0,0
2024-04-29 05:00:00,99.775,71.69800000000001,99.59700000000001,60.4595,Amber,0.4356776303327562,0,0.1059,0.0,0,0
2024-04-29 06:00:00,99.609,83.898,99.71475,58.313500000000005,Amber,-0.37675118613979286,0,0.0,0.0,0,0
2024-04-29 07:00:00,99.63775,80.9905,99.65,59.13875,Amber,-0.12880965743461617,0,0.0,0.0,0,0
2024-04-29 08:00:00,99.8255,102.1265,99.24275,57.93825,Amber,0.4564068269072048,0,0.0154,0.0,0,0
2024-04-29 09:00:00,99.6765,107.01225,99.549,52.78,Amber,-0.4977403711547522,0,0.0,0.0,0,0
2024-04-29 10:00:00,99.81675,120.11025000000001,99.64399999999999,55.1085,Amber,0.9901762268088682,0,0.0066,0.0,0,0
2024-04-29 11:00:00,99.78325,126.02625,99.23275,50.168,Amber,0.6139447572563093,0,0.0,0.0,0,0
2024-04-29 12:00:00,99.537,116.94775,99.51675,43.019000000000005,Amber,-1.5263059019029144,0,0.0,0.0,0,0
2024-04-29 13:00:00,99.38925,114.4745,99.569,37.46425,Red,-1.6019393583075061,0,0.0,0.0087,0,1
2024-04-29 14:00:00,99.46275,117.254,99.195,35.9225,Amber,-0.8472326665390644,0,0.0,0.0,0,0
2024-04-29 15:00:00,98.95625,113.64425,99.569,34.967,Amber,-1.7064953406819576,0,0.0,0.4417,0,0
2024-04-29 16:00:00,99.41225,92.7925,99.64425,31.71,Amber,-0.04157140425159774,0,0.0,0.4274,0,0
2024-04-29 17:00:00,99.72375,93.60625,99.54025,32.87675,Green,1.2193662043382232,0,0.0,0.1015,0,0
2024-04-29 18:00:00,99.1755,84.3555,99.38575,28.04825,Amber,-0.6785728169355023,0,0.0,0.324,0,0
2024-04-29 19:00:00,99.758,72.42875000000001,99.6035,38.8445,Green,1.1043034307508715,0,0.0,0.0,0,0
2024-04-29 20:00:00,99.703,51.1435,99.29725,36.7375,Amber,0.7455090722164291,0,0.0,0.0,0,0
2024-04-29 21:00:00,99.895,56.282,99.63875,35.80425,Amber,1.0685081879526548,0,0.0849,0.0,0,0
2024-04-29 22:00:00,99.41275,42.436499999999995,99.41675000000001,40.961,Amber,-0.7480097161450375,0,0.0,0.0,0,0
2024-04-29 23:00:00,99.7515,46.163,99.591,40.1345,Amber,0.5056362864471843,0,0.0,0.0,0,0
2024-04-30 00:00:00,99.1735,34.099000000000004,99.46075,48.373999999999995,Amber,-1.6453043752484948,0,0.0,0.2244,0,0
2024-04-30 01:00:00,99.82325,43.246,99.4965,47.83175,Amber,0.7107213691845484,0,0.0131,0.0,0,0
2024-04-30 02:00:00,99.6665,48.36825,99.268,59.078,Amber,0.16744763616827446,0,0.0,0.0,0,0
2024-04-30 03:00:00,99.68424999999999,55.81275,99.5435,59.07475,Amber,0.40400920390618145,0,0.0,0.0,0,0
2024-04-30 04:00:00,100.0,53.1145,99.375,64.466,Amber,1.1422105719182876,0,0.1899,0.0,0,0
2024-04-30 05:00:00,99.91725,64.81325000000001,99.389,62.767,Amber,0.7038027273323789,0,0.297,0.0,0,0
2024-04-30 06:00:00,99.813,79.40725,99.67099999999999,64.10849999999999,Amber,-0.033780791287617025,0,0.2999,0.0,0,0
2024-04-30 07:00:00,99.8585,88.69775,99.4785,57.9105,Amber,0.2698543876271838,0,0.3483,0.0,0,0
2024-04-30 08:00:00,100.0,97.80525,99.41775,50.4955,Amber,0.9997146248123254,0,0.5382,0.0,0,0
2024-04-30 09:00:00,99.5355,106.1955,99.4935,54.826,Red,-1.840475479040533,0,0.2636,0.0,0,1
2024-04-30 10:00:00,99.60475,104.70125,99.66775,51.35125,Amber,-1.0109584848998046,0,0.0582,0.0,0,0
2024-04-30 11:00:00,99.79599999999999,122.54400000000001,99.56,45.81525,Green,0.16436617807172524,0,0.0441,0.0,0,0
2024-04-30 12:00:00,99.7105,116.6835,99.712,47.4615,Amber,-0.2370478782329075,0,0.0,0.0,0,0
2024-04-30 13:00:00,99.512,122.49575,99.42699999999999,36.02075,Amber,-0.9807908185703994,0,0.0,0.0,0,0
2024-04-30 14:00:00,99.548,113.9025,99.5185,31.409000000000002,Amber,-0.6199954206521163,0,0.0,0.0,0,0
2024-04-30 15:00:00,99.51375,95.9425,99.3935,32.6255,Amber,-0.8653283828555156,0,0.0,0.0,0,0
2024-04-30 16:00:00,99.439,99.78275,99.4225,32.6795,Amber,-1.0798120972327865,0,0.0,0.0,0,0
2024-04-30 17:00:00,99.17075,89.467,99.42575,29.556,Amber,-1.7572407132197376,0,0.0,0.2272,0,0
2024-04-30 18:00:00,99.812,79.482,99.268,26.98625,Red,1.518474887957945,0,0.0019,0.0,0,1
2024-04-30 19:00:00,99.27275,69.2765,99.566,28.5885,Amber,-0.8284976484466466,0,0.0,0.1252,0,0
2024-04-30 20:00:00,99.16,57.953500000000005,99.59049999999999,30.111,Red,-0.9420277743157808,0,0.0,0.3631,0,1
2024-04-30 21:00:00,99.235,42.76625,99.26425,35.16975,Amber,-0.4557281151879835,0,0.0,0.526,0,0
2024-04-30 22:00:00,99.50475,43.48625,99.47075,37.966,Amber,0.571471907359743,0,0.0,0.4192,0,0
2024-04-30 23:00:00,99.55425,43.94425,99.532,45.32,Amber,0.5332588310384643,0,0.0,0.2629,0,0
2024-05-01 00:00:00,99.84325,39.84425,99.547,47.402,Green,1.6213692562704147,0,0.0331,0.0,0,0
2024-05-01 01:00:00,99.67475,44.82675,99.40475,52.434,Amber,0.6910686104917704,0,0.0,0.0,0,0
2024-05-01 02:00:00,99.51275,43.043,99.57625,52.23525,Green,-0.20476941140358002,0,0.0,0.0,0,0
2024-05-01 03:00:00,99.946,62.103,99.46125,60.8855,Amber,1.4756303538521223,0,0.1359,0.0,0,0
2024-05-01 04:00:00,100.0,52.65275,99.45625,62.455,Amber,1.195462708696257,0,0.3258,0.0,0,0
2024-05-01 05:00:00,99.9315,68.8925,99.69075,58.35225,Amber,0.6034916206508748,0,0.4472,0.0,0,0
2024-05-01 06:00:00,99.62375,81.3675,99.60275,61.3585,Amber,-0.7773323236467544,0,0.2608,0.0,0,0
2024-05-01 07:00:00,99.98425,91.16525,99.47749999999999,57.33525,Amber,0.721542500925824,0,0.435,0.0,0,0
2024-05-01 08:00:00,99.94375,90.87225,99.56725,57.923,Amber,0.2772660097901378,0,0.5686,0.0,0,0
2024-05-01 09:00:00,99.58575,111.55375,99.65899999999999,59.26075,Amber,-1.3777467824981628,0,0.3442,0.0,0,0
2024-05-01 10:00:00,99.893,124.23525000000001,99.32625,55.286,Amber,0.3771163614085365,0,0.4271,0.0,0,0
2024-05-01 11:00:00,99.55125,115.69675,99.61,47.5185,Amber,-1.0777097577197545,0,0.1683,0.0,0,0
2024-05-01 12:00:00,99.60675,119.6275,99.71424999999999,45.797250000000005,Amber,-0.771825899813407,0,0.0,0.0,0,0
2024-05-01 13:00:00,99.1715,111.12950000000001,99.3585,40.836749999999995,Red,-1.632536546406402,0,0.0,0.2264,0,1
2024-05-01 14:00:00,99.119,113.88075,99.506,35.7395,Red,-1.2607661521008535,0,0.0,0.5054,0,1
2024-05-01 15:00:00,99.16749999999999,103.834,99.41575,33.05225,Amber,-0.7991607243499365,0,0.0,0.7358,0,0
2024-05-01 16:00:00,99.422,98.40325,99.2855,27.024,Amber,0.3843032930063235,0,0.0,0.7117,0,0
2024-05-01 17:00:00,99.40475,88.29875,99.54925,25.9865,Green,0.46480335600874,0,0.0,0.7049,0,0
2024-05-01 18:00:00,99.59125,81.58,99.48400000000001,27.4875,Amber,1.482539590774775,0,0.0,0.5116,0,0
2024-05-01 19:00:00,99.319,70.681,99.3825,33.828250000000004,Amber,-0.10431602824498301,0,0.0,0.5905,0,0
2024-05-01 20:00:00,99.09525,59.413,99.42575,28.20175,Red,-1.3148746574271108,0,0.0,0.8932,0,1
2024-05-01 21:00:00,99.57325,54.15625,99.6195,34.81375,Green,0.9443036447510911,0,0.0,0.7179,0,0
2024-05-01 22:00:00,99.7175,48.5135,99.7445,46.126,Green,1.1913781177473635,0,0.0,0.3983,0,0
2024-05-01 23:00:00,99.8235,40.26225,99.7045,45.779250000000005,Green,1.1314778606971998,0,0.0134,0.0,0,0
2024-05-02 00:00:00,99.69725,44.533500000000004,99.833,48.08975,Green,0.5757562282811652,0,0.0,0.0,0,0
2024-05-02 01:00:00,99.696,46.85825,99.436,49.2345,Amber,0.36751201306818326,0,0.0,0.0,0,0
2024-05-02 02:00:00,99.51474999999999,44.5225,99.543,54.320750000000004,Amber,-1.4124475489008101,0,0.0,0.0,0,0
2024-05-02 03:00:00,99.8945,52.3795,99.62525,59.92425,Amber,1.3137519061701342,0,0.0844,0.0,0,0
2024-05-02 04:00:00,99.793,59.6155,99.79975,63.107,Amber,0.42569340448868376,0,0.0673,0.0,0,0
2024-05-02 05:00:00,99.86275,69.50425,99.39099999999999,60.2095,Amber,0.863055875985756,0,0.1199,0.0,0,0
2024-05-02 06:00:00,99.80375000000001,77.22925000000001,99.55175,60.092,Amber,0.3102017201593792,0,0.1136,0.0,0,0
2024-05-02 07:00:00,99.935,88.932,99.3665,59.165,Amber,0.895749301035855,0,0.2385,0.0,0,0
2024-05-02 08:00:00,99.60225,94.30775,99.57275,59.333,Green,-1.8144898609439395,0,0.0306,0.0,0,0
2024-05-02 09:00:00,99.7675,107.31425,99.49825,54.45875,Amber,-0.23801756289964898,0,0.0,0.0,0,0
2024-05-02 10:00:00,99.651,111.5705,99.47975,53.1665,Amber,-0.9480591814658019,0,0.0,0.0,0,0
2024-05-02 11:00:00,99.90299999999999,116.95925,99.61925,46.1555,Amber,0.9488127042488819,0,0.0929,0.0,0,0
2024-05-02 12:00:00,99.5525,120.68925,99.45525,40.5305,Green,-1.1452206693091758,0,0.0,0.0,0,0
2024-05-02 13:00:00,99.523,115.1155,99.575,42.7585,Amber,-0.9948528884416292,0,0.0,0.0,0,0
2024-05-02 14:00:00,99.24175,110.725,99.43825,38.972750000000005,Green,-1.6032279384607449,0,0.0,0.1562,0,0
2024-05-02 15:00:00,99.65075,109.05375,99.44825,37.012750000000004,Amber,0.29563361180612624,0,0.0,0.0,0,0
2024-05-02 16:00:00,99.09125,101.22,99.54050000000001,31.641,Amber,-1.3853975785740678,0,0.0,0.3067,0,0
2024-05-02 17:00:00,99.03375,82.394,99.59775,31.76325,Amber,-1.2081804116207744,0,0.0,0.6709,0,0
2024-05-02 18:00:00,99.34625,76.15225,99.384,27.3305,Amber,0.13166806461864244,0,0.0,0.7225,0,0
2024-05-02 19:00:00,99.60075,75.02675,99.5645,26.17475,Amber,1.0656228048280971,0,0.0,0.5197,0,0
2024-05-02 20:00:00,99.66475,56.87475,99.46924999999999,33.81725,Amber,0.936866096626846,0,0.0,0.2529,0,0
2024-05-02 21:00:00,99.11625000000001,51.531,99.54175000000001,36.589,Red,-0.7047258267525767,0,0.0,0.5346,0,1
2024-05-02 22:00:00,99.46125,41.1105,99.50975,40.139250000000004,Amber,0.35515101119322046,0,0.0,0.4713,0,0
2024-05-02 23:00:00,99.439,42.714,99.40625,40.576,Amber,0.004911162397804902,0,0.0,0.4302,0,0
2024-05-03 00:00:00,99.61675,51.843,99.73225,42.25775,Amber,0.6653005757412609,0,0.0,0.2114,0,0
2024-05-03 01:00:00,99.90899999999999,43.2395,99.5335,55.214,Green,1.4086529078867454,0,0.0989,0.0,0,0
2024-05-03 02:00:00,99.98575,42.0195,99.59325,53.682,Green,1.229960462048876,0,0.2745,0.0,0,0
2024-05-03 03:00:00,99.71424999999999,63.432500000000005,99.516,56.56225,Amber,0.11732767081767562,0,0.1787,0.0,0,0
2024-05-03 04:00:00,99.846,60.163,99.46475,52.060500000000005,Amber,0.4643448299592744,0,0.2146,0.0,0,0
2024-05-03 05:00:00,99.7485,65.36275,99.3875,58.381,Green,-0.404505161159408,0,0.153,0.0,0,0
2024-05-03 06:00:00,99.618,74.7915,99.64825,63.36325,Amber,-1.3714792219076835,0,0.0,0.0,0,0
2024-05-03 07:00:00,99.99475,92.57375,99.7615,54.562,Green,1.1624501460161845,0,0.1846,0.0,0,0
2024-05-03 08:00:00,99.781,94.76525,99.5525,55.70225000000001,Amber,-0.02148050602442986,0,0.1555,0.0,0,0
2024-05-03 09:00:00,99.75075,107.31700000000001,99.59725,57.2055,Amber,-0.3129447435746538,0,0.0962,0.0,0,0
2024-05-03 10:00:00,99.57675,115.1165,99.3995,47.366,Amber,-1.1437005699528935,0,0.0,0.0,0,0
2024-05-03 11:00:00,99.49775,114.2,99.382,45.826499999999996,Amber,-1.1527404478841323,0,0.0,0.0,0,0
2024-05-03 12:00:00,99.6755,115.87575,99.4685,48.253,Green,-0.21383013319220795,0,0.0,0.0,0,0
2024-05-03 13:00:00,99.7065,113.38025,99.6395,40.272,Amber,0.3866891566356312,0,0.0,0.0,0,0
2024-05-03 14:00:00,99.07675,117.50775,99.47175,35.21725,Amber,-1.8963064091473292,0,0.0,0.3212,0,0
2024-05-03 15:00:00,99.67775,116.553,99.196,31.088749999999997,Amber,0.5996895756457096,0,0.0,0.0414,0,0
2024-05-03 16:00:00,99.13550000000001,102.029,99.55250000000001,30.3975,Amber,-1.1413754823651203,0,0.0,0.3038,0,0
2024-05-03 17:00:00,99.30175,90.33,99.3815,24.66375,Amber,-0.43577790383664144,0,0.0,0.4,0,0
2024-05-03 18:00:00,99.33975,80.22425,99.48225,29.4255,Amber,-0.12488228309616183,0,0.0,0.4581,0,0
2024-05-03 19:00:00,99.4615,70.81725,99.5885,29.596249999999998,Amber,0.5890322966065642,0,0.0,0.3946,0,0
2024-05-03 20:00:00,99.43125,63.259750000000004,99.40100000000001,35.264,Amber,0.2204013024674659,0,0.0,0.3613,0,0
2024-05-03 21:00:00,99.28225,53.72925,99.82375,33.84675,Amber,-0.36831005128143574,0,0.0,0.4769,0,0
2024-05-03 22:00:00,99.45525,48.86775,99.56225,39.531499999999994,Amber,0.9545631671255389,0,0.0,0.4196,0,0
2024-05-03 23:00:00,99.16924999999999,41.5655,99.3945,41.5275,Amber,-1.6152999853887997,0,0.0,0.6483,0,0
2024-05-04 00:00:00,99.60849999999999,41.98825,99.25999999999999,44.284,Red,1.3463535241917983,0,0.0,0.4377,0,1
2024-05-04 01:00:00,99.58,44.823,99.34275,42.70275,Amber,0.9353057706345975,0,0.0,0.2556,0,0
2024-05-04 02:00:00,99.6555,45.604749999999996,99.39925,53.66625,Green,1.0086508582868012,0,0.0,0.0,0,0
2024-05-04 03:00:00,99.92525,44.065749999999994,99.5385,56.045,Amber,1.4472132874867807,0,0.1151,0.0,0,0
2024-05-04 04:00:00,99.9195,55.329750000000004,99.70325,62.045500000000004,Amber,0.9953104400149865,0,0.2245,0.0,0,0
2024-05-04 05:00:00,99.93525,65.63425000000001,99.70224999999999,63.76375,Amber,0.9532450027429148,0,0.3497,0.0,0,0
2024-05-04 06:00:00,99.75725,77.644,99.5185,59.62025,Amber,-0.24741385851686226,0,0.2968,0.0,0,0
2024-05-04 07:00:00,99.89475,87.58324999999999,99.5285,61.357,Amber,0.40710873778298906,0,0.3815,0.0,0,0
2024-05-04 08:00:00,99.82,100.56475,99.423,59.11425,Amber,-0.7761186892052903,0,0.3913,0.0,0,0
2024-05-04 09:00:00,100.0,107.26475,99.588,56.15175,Amber,1.2950886791816052,0,0.5812,0.0,0,0
2024-05-04 10:00:00,99.7315,115.81700000000001,99.43375,51.81525,Amber,-1.1907309343768784,0,0.5026,0.0,0,0
2024-05-04 11:00:00,99.2415,117.62899999999999,99.473,48.171,Amber,-1.8959475597691307,0,0.0,0.1564,0,0
2024-05-04 12:00:00,99.081,117.2025,99.71325,41.706,Amber,-1.456328495201489,0,0.0,0.4734,0,0
2024-05-04 13:00:00,99.74275,120.161,99.27125000000001,38.36725,Amber,0.39000701111228875,0,0.0,0.1285,0,0
2024-05-04 14:00:00,99.2585,116.529,99.49025,36.2565,Amber,-0.6886362037150878,0,0.0,0.268,0,0
2024-05-04 15:00:00,99.5185,107.7025,99.4665,32.64875,Amber,0.3234064316462203,0,0.0,0.1474,0,0
2024-05-04 16:00:00,98.98875,92.44125,99.79650000000001,31.15225,Green,-1.1277721546991302,0,0.0,0.5566,0,0
2024-05-04 17:00:00,98.92775,89.40325,99.63225,31.18975,Amber,-1.0124868447623887,0,0.0,1.0268,0,0
2024-05-04 18:00:00,99.4445,78.65725,99.6245,29.648,Green,0.4140870478195348,0,0.0,0.9802,0,0
2024-05-04 19:00:00,98.86525,72.05125,99.508,34.138999999999996,Amber,-1.0825769634718334,0,0.0,1.5129,0,0
2024-05-04 20:00:00,99.74825,59.14875,99.503,36.0885,Amber,1.3559329275345935,0,0.0,1.1625,0,0
2024-05-04 21:00:00,99.516,51.54375,99.53875,35.96875,Amber,0.727218040712829,0,0.0,1.0445,0,0
2024-05-04 22:00:00,99.31625,45.339999999999996,99.50075,35.52825,Amber,0.038369482648227184,0,0.0,1.1261,0,0
2024-05-04 23:00:00,99.60075,44.4705,99.44875,42.02175,Amber,0.6062055135204504,0,0.0,0.9233,0,0
2024-05-05 00:00:00,99.52325,32.008250000000004,99.58475,47.8525,Green,0.3069905962990776,0,0.0,0.798,0,0
2024-05-05 01:00:00,99.872,45.34975,99.563,48.1455,Amber,1.417920270618321,0,0.0619,0.3239,0,0
2024-05-05 02:00:00,99.7265,48.252250000000004,99.47475,56.75675,Amber,0.7004438088018066,0,0.0,0.0,0,0
2024-05-05 03:00:00,99.8065,52.295,99.51775,55.4925,Green,0.8100806921437986,0,0.0,0.0,0,0
2024-05-05 04:00:00,99.90125,53.61675,99.362,58.56675,Amber,1.0768475178574517,0,0.0911,0.0,0,0
2024-05-05 05:00:00,99.923,61.460499999999996,99.72575,57.45625,Amber,0.8738519230171974,0,0.204,0.0,0,0
2024-05-05 06:00:00,99.85849999999999,79.44725,99.69274999999999,59.3735,Amber,0.1472342628637271,0,0.2524,0.0,0,0
2024-05-05 07:00:00,99.6675,87.97800000000001,99.45125,57.304,Amber,-1.4543492360276264,0,0.1098,0.0,0,0
2024-05-05 08:00:00,99.84425,100.34675,99.36675,62.162,Amber,0.11781802299463488,0,0.144,0.0,0,0
2024-05-05 09:00:00,99.4605,108.791,99.32849999999999,55.7525,Amber,-1.7623636832381564,0,0.0,0.0,0,0
2024-05-05 10:00:00,99.887,116.89675,99.3575,50.39725,Amber,0.6414311113156251,0,0.0769,0.0,0,0
2024-05-05 11:00:00,99.94200000000001,119.45725,99.43725,49.65525,Green,0.9169081660632239,0,0.2088,0.0,0,0
2024-05-05 12:00:00,99.86225,120.8,99.437,42.926500000000004,Amber,0.4703715709173258,0,0.2609,0.0,0,0
2024-05-05 13:00:00,99.61525,110.91725,99.4575,39.512249999999995,Amber,-0.8146872378330231,0,0.0661,0.0,0,0
2024-05-05 14:00:00,99.505,113.592,99.55924999999999,38.67275,Green,-0.9833492957833234,0,0.0,0.0,0,0
2024-05-05 15:00:00,99.1825,106.1165,99.6135,36.73975,Amber,-1.6556919126025254,0,0.0,0.2154,0,0
2024-05-05 16:00:00,99.533,90.56649999999999,99.799,33.33225,Green,-0.26952313335624334,0,0.0,0.0804,0,0
2024-05-05 17:00:00,99.8045,88.35525,99.38974999999999,34.80475,Amber,0.9056509917802459,0,0.0,0.0,0,0
2024-05-05 18:00:00,99.17725,75.923,99.4885,27.15175,Red,-1.180646929257824,0,0.0,0.2207,0,1
2024-05-05 19:00:00,99.70875,74.201,99.23325,34.751,Amber,0.8560638929525181,0,0.0,0.0,0,0
2024-05-05 20:00:00,99.5005,56.850249999999996,99.751,36.24625,Amber,0.06159504021452982,0,0.0,0.0,0,0
2024-05-05 21:00:00,99.698,45.095,99.43025,36.75125,Amber,0.5697168608505491,0,0.0,0.0,0,0
2024-05-05 22:00:00,99.346,39.699,99.59725,39.783,Green,-0.7963615068958751,0,0.0,0.0519,0,0
2024-05-05 23:00:00,99.72275,39.78325,99.21125,42.4335,Amber,0.8709206972329763,0,0.0,0.0,0,0
2024-05-06 00:00:00,99.81475,33.46525,99.679,48.73375,Amber,1.0529195420781816,0,0.0046,0.0,0,0
2024-05-06 01:00:00,99.50925,38.155,99.2165,45.717,Amber,-0.5097336966120893,0,0.0,0.0,0,0
2024-05-06 02:00:00,99.77375,51.1635,99.3575,54.096,Amber,0.7202153932645234,0,0.0,0.0,0,0
2024-05-06 03:00:00,99.9325,43.50775,99.53524999999999,54.8535,Amber,1.154563886038707,0,0.1224,0.0,0,0
2024-05-06 04:00:00,99.88625,53.685249999999996,99.49799999999999,60.00025,Amber,0.754960114557122,0,0.1985,0.0,0,0
2024-05-06 05:00:00,99.80175,70.46475,99.394,59.47025,Amber,0.10397691802339692,0,0.1902,0.0,0,0
2024-05-06 06:00:00,99.95025,82.981,99.44825,62.2455,Amber,0.8685492223738432,0,0.3303,0.0,0,0
2024-05-06 07:00:00,99.89725,85.0335,99.303,63.917500000000004,Amber,0.33280441040751624,0,0.4175,0.0,0,0
2024-05-06 08:00:00,99.922,95.22325000000001,99.5255,55.4825,Green,0.4488907455701617,0,0.5293,0.0,0,0
2024-05-06 09:00:00,99.7705,101.79825,99.5875,53.633250000000004,Green,-1.4346806496580173,0,0.4897,0.0,0,0
2024-05-06 10:00:00,99.7645,113.19975,99.35725,50.90775,Amber,-1.0585602381583805,0,0.4441,0.0,0,0
2024-05-06 11:00:00,99.58175,117.195,99.2495,44.078500000000005,Amber,-1.6837412795074482,0,0.2158,0.0,0,0
2024-05-06 12:00:00,99.881,117.80775,99.47575,48.5705,Green,0.6155887332543651,0,0.2867,0.0,0,0
2024-05-06 13:00:00,99.1105,117.3945,99.325,39.92175,Amber,-1.8751452124177013,0,0.0,0.2874,0,0
2024-05-06 14:00:00,99.46625,111.34625,99.56925,33.168,Amber,-0.46201965024331076,0,0.0,0.2191,0,0
2024-05-06 15:00:00,99.50925000000001,107.79825,99.441,32.031,Amber,-0.1604565837868316,0,0.0,0.1078,0,0
2024-05-06 16:00:00,99.50025000000001,96.5095,99.35925,30.7635,Amber,-0.032086335464676756,0,0.0,0.0055,0,0
2024-05-06 17:00:00,99.538,94.4455,99.52325,32.8805,Amber,0.15167968201428458,0,0.0,0.0,0,0
2024-05-06 18:00:00,99.5985,75.085,99.53175,31.55875,Amber,0.8319595666189477,0,0.0,0.0,0,0
2024-05-06 19:00:00,98.815,63.673,99.45175,35.77575,Amber,-2.0175538466093372,0,0.0,0.5829,0,0
2024-05-06 20:00:00,98.95775,57.99325,99.424,32.2445,Red,-1.063319412763329,0,0.0,1.0231,0,1
2024-05-06 21:00:00,99.36075,54.1395,99.42575,34.94975,Amber,0.19962099236104053,0,0.0,1.0603,0,0
2024-05-06 22:00:00,99.747,37.0505,99.47625,35.472750000000005,Amber,1.1029269604343572,0,0.0,0.7112,0,0
2024-05-06 23:00:00,99.49549999999999,36.776250000000005,99.54124999999999,42.1365,Green,0.4518899354031045,0,0.0,0.6136,0,0
2024-05-07 00:00:00,99.9575,43.521,99.56725,44.66775,Green,1.2849879809908142,0,0.1474,0.0541,0,0
2024-05-07 01:00:00,99.64075,41.10725,99.39925,52.01875,Amber,0.3298711743493613,0,0.0,0.0,0,0
2024-05-07 02:00:00,99.807,45.637,99.53,56.56775,Green,0.6417674344846384,0,0.0,0.0,0,0
2024-05-07 03:00:00,100.0,56.72725,99.5625,52.84,Amber,1.1816699577030763,0,0.1899,0.0,0,0
2024-05-07 04:00:00,99.6725,67.80499999999999,99.59775,62.1875,Amber,-0.45944132804783444,0,0.0523,0.0,0,0
2024-05-07 05:00:00,99.673,73.51575,99.41975,63.820750000000004,Amber,-0.7598730287228579,0,0.0,0.0,0,0
2024-05-07 06:00:00,99.9445,83.65825000000001,99.4755,60.701499999999996,Amber,1.0080255196057408,0,0.1344,0.0,0,0
2024-05-07 07:00:00,99.9745,92.04075,99.42825,59.54,Amber,0.8656020219611225,0,0.2988,0.0,0,0
2024-05-07 08:00:00,99.6985,96.30475,99.24425,56.5875,Amber,-0.7992185575320196,0,0.1872,0.0,0,0
2024-05-07 09:00:00,99.884,109.37375,99.394,57.6315,Amber,0.536688892980182,0,0.2611,0.0,0,0
2024-05-07 10:00:00,99.6185,113.08825,99.494,51.797,Amber,-1.1751062751910788,0,0.0695,0.0,0,0
2024-05-07 11:00:00,99.725,115.486,99.6195,51.63325,Amber,-0.5641732525194746,0,0.0,0.0,0,0
2024-05-07 12:00:00,99.7185,115.787,99.43199999999999,47.06175,Amber,-0.3879153206866406,0,0.0,0.0,0,0
2024-05-07 13:00:00,99.7365,118.85375,99.38075,33.119,Amber,0.07328770306729315,0,0.0,0.0,0,0
2024-05-07 14:00:00,99.5025,116.28,99.46675,35.933,Green,-1.524866682497935,0,0.0,0.0,0,0
2024-05-07 15:00:00,99.4045,101.3515,99.679,32.08725,Amber,-1.5498447610325823,0,0.0,0.0,0,0
2024-05-07 16:00:00,99.60175000000001,103.20675,99.528,34.95225,Green,-0.09475577749326859,0,0.0,0.0,0,0
2024-05-07 17:00:00,99.2205,96.68325,99.54025,27.70975,Amber,-1.5683244683583148,0,0.0,0.1774,0,0
2024-05-07 18:00:00,99.2355,80.82300000000001,99.46725,28.4535,Amber,-1.0511361674985207,0,0.0,0.3399,0,0
2024-05-07 19:00:00,98.98150000000001,69.51425,99.49275,31.91975,Red,-1.529298226691352,0,0.0,0.7563,0,1
2024-05-07 20:00:00,99.44075,59.853,99.338,32.107749999999996,Amber,0.5873816265864524,0,0.0,0.7135,0,0
2024-05-07 21:00:00,99.40025,48.929,99.39,37.8035,Amber,0.4035131197220685,0,0.0,0.7111,0,0
2024-05-07 22:00:00,99.80825,43.24525,99.53275,39.801,Green,1.6563737959376936,0,0.0,0.3008,0,0
2024-05-07 23:00:00,99.5635,31.82875,99.66925,44.11225,Green,0.5625611713618351,0,0.0,0.1353,0,0
2024-05-08 00:00:00,99.3905,38.658500000000004,99.37424999999999,45.33,Amber,-0.14920696644979875,0,0.0,0.1427,0,0
2024-05-08 01:00:00,100.0,33.509,99.4985,53.80175,Amber,1.5943945470978318,0,0.1899,0.0,0,0
2024-05-08 02:00:00,99.68,44.274,99.36975,51.84725,Green,0.1657702807233497,0,0.0598,0.0,0,0
2024-05-08 03:00:00,99.97175,54.8185,99.56025,59.87575,Amber,0.992760364258653,0,0.2214,0.0,0,0
2024-05-08 04:00:00,99.79225,63.67125,99.19675000000001,59.97225,Amber,0.2500883300538844,0,0.2036,0.0,0,0
2024-05-08 05:00:00,100.0,73.4765,99.39625,51.632000000000005,Amber,0.8045702720003868,0,0.3935,0.0,0,0
2024-05-08 06:00:00,99.68225,84.1805,99.487,60.35275,Amber,-1.1106763929403598,0,0.2656,0.0,0,0
2024-05-08 07:00:00,99.9615,92.5235,99.32249999999999,62.519,Amber,0.7651311351510623,0,0.417,0.0,0,0
2024-05-08 08:00:00,99.66675,102.073,99.37525,56.5445,Amber,-1.1818199746686247,0,0.2736,0.0,0,0
2024-05-08 09:00:00,99.48400000000001,111.1545,99.69825,57.086999999999996,Green,-1.438570621317299,0,0.0,0.0,0,0
2024-05-08 10:00:00,99.67625,117.9885,99.486,48.224,Amber,-0.3489363059480624,0,0.0,0.0,0,0
2024-05-08 11:00:00,99.40575,116.07,99.24625,48.56575,Amber,-1.2455213815148591,0,0.0,0.0,0,0
2024-05-08 12:00:00,99.824,118.80725,99.53575000000001,43.66225,Amber,0.7472624197847345,0,0.0139,0.0,0,0
2024-05-08 13:00:00,99.51075,112.06825,99.6345,43.51975,Amber,-0.5424447661708985,0,0.0,0.0,0,0
2024-05-08 14:00:00,99.53725,112.6195,99.2835,33.667249999999996,Amber,-0.2360280903027748,0,0.0,0.0,0,0
2024-05-08 15:00:00,99.09525,110.01775,99.3415,34.737,Amber,-1.6588964849272416,0,0.0,0.3027,0,0
2024-05-08 16:00:00,99.29325,98.8275,99.62075,30.155749999999998,Amber,-0.6135334224299472,0,0.0,0.4074,0,0
2024-05-08 17:00:00,99.2975,93.814,99.5675,31.61825,Amber,-0.5080747129908875,0,0.0,0.5078,0,0
2024-05-08 18:00:00,99.67675,81.1885,99.671,31.93925,Amber,1.3035774300491068,0,0.0,0.229,0,0
2024-05-08 19:00:00,99.34425,68.39675,99.768,38.00175,Green,-0.14562261780648394,0,0.0,0.2826,0,0
2024-05-08 20:00:00,99.6455,59.22275,99.509,38.786,Amber,1.1235427332246104,0,0.0,0.0351,0,0
2024-05-08 21:00:00,99.3605,54.35725,99.486,36.63525,Amber,-0.42973580990373694,0,0.0,0.0725,0,0
2024-05-08 22:00:00,99.52375,48.6255,99.555,43.072,Amber,0.2997246566890119,0,0.0,0.0,0,0
2024-05-08 23:00:00,99.60075,47.714,99.37125,41.528,Amber,0.5259864737410566,0,0.0,0.0,0,0
2024-05-09 00:00:00,99.4535,42.37,99.68825,46.570499999999996,Amber,-0.27851213005768993,0,0.0,0.0,0,0
2024-05-09 01:00:00,99.813,43.89175,99.24849999999999,46.888,Amber,1.5598124495902534,0,0.0029,0.0,0,0
2024-05-09 02:00:00,99.708,45.102000000000004,99.3935,55.0505,Amber,0.7899482283803395,0,0.0,0.0,0,0
2024-05-09 03:00:00,99.70400000000001,53.388,99.62875,55.575,Amber,0.5281283628364488,0,0.0,0.0,0,0
2024-05-09 04:00:00,99.96925,59.967,99.4455,59.72775,Amber,1.4806292057170882,0,0.1591,0.0,0,0
2024-05-09 05:00:00,99.609,69.572,99.6785,62.15925,Amber,-0.5726914651499213,0,0.0,0.0,0,0
2024-05-09 06:00:00,99.5705,76.83200000000001,99.34875,59.207499999999996,Amber,-1.09157431618755,0,0.0,0.0,0,0
2024-05-09 07:00:00,99.973,89.4925,99.5315,58.04025,Amber,1.240257130511363,0,0.1629,0.0,0,0
2024-05-09 08:00:00,99.8825,101.44175,99.43925,54.5965,Amber,0.5427093421250254,0,0.2353,0.0,0,0
2024-05-09 09:00:00,99.4585,109.785,99.35625,49.7925,Amber,-1.2702909529739286,0,0.0,0.0,0,0
2024-05-09 10:00:00,99.62875,117.351,99.4145,56.20425,Amber,-0.2949612831020956,0,0.0,0.0,0,0
2024-05-09 11:00:00,99.82,119.42875000000001,99.47525,46.7345,Amber,0.4896380898213404,0,0.0099,0.0,0,0
2024-05-09 12:00:00,99.382,118.51525000000001,99.501,43.35225,Amber,-1.2905604071198522,0,0.0,0.0159,0,0
2024-05-09 13:00:00,99.7195,116.56325,99.34825,39.75275,Amber,0.3577358095252406,0,0.0,0.0,0,0
2024-05-09 14:00:00,99.223,123.05975,99.3685,32.961,Amber,-1.409881308527774,0,0.0,0.1749,0,0
2024-05-09 15:00:00,99.24525,102.3995,99.48325,36.5105,Amber,-1.014981179494724,0,0.0,0.3276,0,0
2024-05-09 16:00:00,99.57525,103.028,99.49625,27.21125,Amber,0.3248069961351176,0,0.0,0.1503,0,0
2024-05-09 17:00:00,99.29125,94.32775000000001,99.47975,32.38675,Amber,-0.5739569743661097,0,0.0,0.257,0,0
2024-05-09 18:00:00,99.243,75.2275,99.54475,30.3095,Amber,-0.6626462929681715,0,0.0,0.4119,0,0
2024-05-09 19:00:00,99.233,68.14500000000001,99.333,32.99575,Amber,-0.5058089346568668,0,0.0,0.5768,0,0
2024-05-09 20:00:00,99.46925,60.91,99.42475,34.93475,Amber,0.8756494269044144,0,0.0,0.5055,0,0
2024-05-09 21:00:00,99.724,53.98225,99.64574999999999,33.511500000000005,Amber,1.500223636560488,0,0.0,0.1794,0,0
2024-05-09 22:00:00,99.77875,50.64975,99.604,41.975750000000005,Green,1.3189187135964398,0,0.0,0.0,0,0
2024-05-09 23:00:00,99.41749999999999,41.504,99.287,42.4535,Amber,-0.25858031449352387,0,0.0,0.0,0,0
2024-05-10 00:00:00,99.6285,43.8405,99.6845,48.2705,Amber,0.4199699145699443,0,0.0,0.0,0,0
2024-05-10 01:00:00,99.734,42.7445,99.7265,49.585499999999996,Amber,0.7239716897193478,0,0.0,0.0,0,0
2024-05-10 02:00:00,99.95125,46.008250000000004,99.4875,52.294,Amber,1.391296562893751,0,0.1411,0.0,0,0
2024-05-10 03:00:00,99.561,54.21025,99.50225,54.415499999999994,Amber,-0.6336093792102517,0,0.0,0.0,0,0
2024-05-10 04:00:00,99.8225,65.08825,99.4235,62.663,Amber,0.7159230133988769,0,0.0124,0.0,0,0
2024-05-10 05:00:00,99.65325,72.74,99.58924999999999,59.6035,Amber,-0.5026073473454398,0,0.0,0.0,0,0
2024-05-10 06:00:00,99.92475,84.14775,99.549,62.7275,Amber,0.978134348039055,0,0.1146,0.0,0,0
2024-05-10 07:00:00,99.7035,95.37975,99.34375,56.372,Amber,-0.4229594719753218,0,0.008,0.0,0,0
2024-05-10 08:00:00,99.8845,109.3735,99.4795,53.2745,Amber,0.8895279072032418,0,0.0824,0.0,0,0
2024-05-10 09:00:00,99.9555,106.9505,99.68975,56.84225,Green,1.0752630504701142,0,0.2278,0.0,0,0
2024-05-10 10:00:00,99.5705,107.23025,99.62775,47.442,Amber,-1.3195208222791714,0,0.0,0.0,0,0
2024-05-10 11:00:00,99.649,118.01624999999999,99.556,45.7355,Amber,-0.8218092253167391,0,0.0,0.0,0,0
2024-05-10 12:00:00,99.67875000000001,113.125,99.52924999999999,41.69175,Amber,-0.416021418704977,0,0.0,0.0,0,0
2024-05-10 13:00:00,99.44800000000001,117.14375,99.532,38.82325,Green,-1.3066186050643323,0,0.0,0.0,0,0
2024-05-10 14:00:00,99.42275,112.26375,99.65775,31.4665,Green,-1.0216743581123873,0,0.0,0.0,0,0
2024-05-10 15:00:00,99.19675,105.11825,99.4975,35.576,Amber,-1.6656031560520446,0,0.0,0.2012,0,0
2024-05-10 16:00:00,99.24375,105.71775,99.51675,30.442749999999997,Amber,-0.9835478496097289,0,0.0,0.3554,0,0
2024-05-10 17:00:00,99.37475,86.932,99.55475,27.12175,Amber,-0.1131211663554327,0,0.0,0.3785,0,0
2024-05-10 18:00:00,99.302,80.7585,99.445,32.35925,Amber,-0.2918859759116661,0,0.0,0.4745,0,0
2024-05-10 19:00:00,99.09825000000001,71.38775,99.47274999999999,30.13825,Amber,-1.468616507396723,0,0.0,0.7741,0,0
2024-05-10 20:00:00,99.354,65.24074999999999,99.53925,33.40075,Amber,0.8877995595100675,0,0.0,0.8181,0,0
2024-05-10 21:00:00,99.34075,56.54175,99.5265,32.3965,Amber,0.5368998001079124,0,0.0,0.8753,0,0
2024-05-10 22:00:00,99.208,53.3005,99.25275,39.241749999999996,Amber,-0.6717473593185462,0,0.0,1.0652,0,0
2024-05-10 23:00:00,99.42949999999999,40.033,99.872,43.15075,Green,1.1916118191346052,0,0.0,1.0336,0,0
2024-05-11 00:00:00,99.49975,30.29375,99.49925,46.164,Amber,1.213746194288459,0,0.0,0.9318,0,0
2024-05-11 01:00:00,99.82975,36.54575,99.89125,47.23775,Green,1.813864754838669,0,0.0196,0.5,0,0
2024-05-11 02:00:00,99.84925,51.0855,99.58025,54.289249999999996,Amber,1.234983712853818,0,0.0588,0.0486,0,0
2024-05-11 03:00:00,99.6165,51.50775,99.6745,55.65875,Amber,0.1801704231795158,0,0.0,0.0,0,0
2024-05-11 04:00:00,99.7835,61.363749999999996,99.57025,58.397000000000006,Amber,0.6450338315363788,0,0.0,0.0,0,0
2024-05-11 05:00:00,100.0,71.82724999999999,99.3505,57.97425,Amber,1.3273001067329098,0,0.1899,0.0,0,0
2024-05-11 06:00:00,99.89325,84.15075,99.145,61.66075,Amber,0.5070694149557958,0,0.273,0.0,0,0
2024-05-11 07:00:00,100.0,80.28399999999999,99.53525,64.8165,Amber,0.9838108467402356,0,0.4629,0.0,0,0
2024-05-11 08:00:00,99.73349999999999,94.195,99.62175,61.29325,Amber,-0.6774669901132162,0,0.3863,0.0,0,0
2024-05-11 09:00:00,99.767,101.28625,99.41875,54.4675,Amber,-0.8059313704463498,0,0.3432,0.0,0,0
2024-05-11 10:00:00,99.9795,117.6185,99.5885,53.75675,Amber,0.7013213062762811,0,0.5126,0.0,0,0
2024-05-11 11:00:00,99.5895,118.728,99.58975000000001,47.36625,Amber,-1.4949834078938118,0,0.292,0.0,0,0
2024-05-11 12:00:00,99.375,121.28224999999999,99.58875,43.58925,Amber,-1.541169447648762,0,0.0,0.0229,0,0
2024-05-11 13:00:00,99.53375,123.2755,99.3905,38.3545,Amber,-0.6149633817334339,0,0.0,0.0,0,0
2024-05-11 14:00:00,99.51425,118.26225,99.45824999999999,36.2905,Amber,-0.5231714361456855,0,0.0,0.0,0,0
2024-05-11 15:00:00,99.727,109.25675,99.46775,32.22325,Amber,0.5105879011687066,0,0.0,0.0,0,0
2024-05-11 16:00:00,99.3225,101.16425000000001,99.62275,28.65825,Amber,-1.2817761933405971,0,0.0,0.0754,0,0
2024-05-11 17:00:00,99.68424999999999,92.39625000000001,99.364,27.62925,Amber,0.981195619420772,0,0.0,0.0,0,0
2024-05-11 18:00:00,99.30625,75.91975,99.31625,29.753,Amber,-1.1853577254008167,0,0.0,0.0917,0,0
2024-05-11 19:00:00,99.7775,66.72775,99.64574999999999,32.12175,Green,1.0756219039721135,0,0.0,0.0,0,0
2024-05-11 20:00:00,99.8145,58.238,99.26474999999999,31.932,Amber,0.9105083324958368,0,0.0044,0.0,0,0
2024-05-11 21:00:00,99.299,50.4995,99.2795,37.5895,Amber,-0.9401882069096292,0,0.0,0.0989,0,0
2024-05-11 22:00:00,99.42824999999999,43.50275,99.1925,37.6,Red,-0.5242062305855165,0,0.0,0.0686,0,1
2024-05-11 23:00:00,99.51325,38.688,99.41575,43.61825,Amber,-0.04364416620940383,0,0.0,0.0,0,0
2024-05-12 00:00:00,99.5155,44.783,99.28025,48.07775,Amber,-0.2116039583545298,0,0.0,0.0,0,0
2024-05-12 01:00:00,99.98325,39.30625,99.19675,49.54375,Amber,1.5280691331862535,0,0.1731,0.0,0,0
2024-05-12 02:00:00,99.7635,50.95125,99.59025,53.00375,Amber,0.725478444851855,0,0.1265,0.0,0,0
2024-05-12 03:00:00,99.513,51.43025,99.3675,50.836,Amber,-0.5040112587392344,0,0.0,0.0,0,0
2024-05-12 04:00:00,99.92425,65.58924999999999,99.6875,56.6295,Amber,1.017235411132121,0,0.1141,0.0,0,0
2024-05-12 05:00:00,99.86725,64.13425000000001,99.63799999999999,58.95425,Amber,0.5189314519804139,0,0.1713,0.0,0,0
2024-05-12 06:00:00,99.74225,84.6685,99.3325,57.407,Amber,-0.3379602420507218,0,0.1034,0.0,0,0
2024-05-12 07:00:00,99.73875,86.31375,99.28,58.4435,Amber,-0.1371263972793335,0,0.0321,0.0,0,0
2024-05-12 08:00:00,99.72149999999999,104.049,99.76625,57.527,Amber,-0.20845513788062342,0,0.0,0.0,0,0
2024-05-12 09:00:00,99.93725,104.54975,99.51925,54.29425,Amber,1.1633762949208544,0,0.1271,0.0,0,0
2024-05-12 10:00:00,99.88125,115.72775,99.69125,49.02725,Green,0.7267860386974474,0,0.1983,0.0,0,0
2024-05-12 11:00:00,99.50125,111.27925,99.66525,49.40075,Amber,-1.6640672965595025,0,0.0,0.0,0,0
2024-05-12 12:00:00,99.3475,122.1705,99.3715,46.898250000000004,Amber,-1.5104001246789425,0,0.0,0.0504,0,0
2024-05-12 13:00:00,99.84325,115.84025,99.32650000000001,45.84825,Amber,0.5894637879281692,0,0.0331,0.0,0,0
2024-05-12 14:00:00,99.43425,119.01775,99.31575,28.39625,Amber,-0.8646786853439746,0,0.0,0.0,0,0
2024-05-12 15:00:00,99.34425,114.1635,99.7325,28.3275,Amber,-0.8834821966721975,0,0.0,0.0537,0,0
2024-05-12 16:00:00,99.51425,101.975,99.58475,31.341,Amber,0.09111282305941676,0,0.0,0.0,0,0
2024-05-12 17:00:00,99.47375,96.77875,99.62100000000001,32.87975,Amber,-0.10364506820479882,0,0.0,0.0,0,0
2024-05-12 18:00:00,99.4885,78.82825,99.47725,32.763,Amber,-0.16322829625289148,0,0.0,0.0,0,0
2024-05-12 19:00:00,99.34775,68.73174999999999,99.362,31.19375,Amber,-1.182223234303734,0,0.0,0.0502,0,0
2024-05-12 20:00:00,99.06925000000001,62.137499999999996,99.3465,29.91675,Amber,-1.8336280381313008,0,0.0,0.3789,0,0
2024-05-12 21:00:00,99.49975,56.73425,99.4065,34.5135,Amber,0.5855481249883332,0,0.0,0.277,0,0
2024-05-12 22:00:00,99.73349999999999,49.661,99.526,43.931,Amber,1.363278142992334,0,0.0,0.0,0,0
2024-05-12 23:00:00,99.777,47.414,99.5355,40.8485,Amber,1.1178604671541872,0,0.0,0.0,0,0
2024-05-13 00:00:00,99.83875,38.39525,99.4945,44.63725,Amber,0.9891837447346955,0,0.0286,0.0,0,0
2024-05-13 01:00:00,99.9325,35.886,99.48775,51.27375,Amber,0.9211673010760488,0,0.151,0.0,0,0
2024-05-13 02:00:00,99.413,41.83975,99.615,55.71175,Amber,-1.420426766915817,0,0.0,0.0,0,0
2024-05-13 03:00:00,99.71325,51.38275,99.73475,58.691,Green,-0.12136748973433024,0,0.0,0.0,0,0
2024-05-13 04:00:00,99.6855,52.833749999999995,99.61925,53.59325,Green,-0.23178240770621117,0,0.0,0.0,0,0
2024-05-13 05:00:00,99.8755,66.66499999999999,99.24875,60.83175,Amber,0.7063335324107072,0,0.0654,0.0,0,0
2024-05-13 06:00:00,99.957,75.30375,99.38725,58.525999999999996,Amber,0.9476315726752735,0,0.2123,0.0,0,0
2024-05-13 07:00:00,99.506,92.03025,99.3435,54.97225,Amber,-0.8917828996388403,0,0.0,0.0,0,0
2024-05-13 08:00:00,99.80975,102.57900000000001,99.54175,54.129999999999995,Green,0.32594928654142724,0,0.0,0.0,0,0
2024-05-13 09:00:00,99.48375,102.187,99.55125000000001,53.0255,Amber,-1.2059856936176305,0,0.0,0.0,0,0
2024-05-13 10:00:00,99.81125,117.16375,99.41825,50.6815,Amber,0.357304972107404,0,0.0011,0.0,0,0
2024-05-13 11:00:00,99.81875,113.07625,99.4225,50.098,Amber,0.45802177573758474,0,0.0098,0.0,0,0
2024-05-13 12:00:00,99.69975,112.06575000000001,99.46600000000001,41.768,Amber,0.0738609927828472,0,0.0,0.0,0,0
2024-05-13 13:00:00,99.703,119.10775,99.47375,38.672250000000005,Amber,-0.14033531984890438,0,0.0,0.0,0,0
2024-05-13 14:00:00,99.3545,106.53325,99.44275,40.7845,Amber,-1.55554044003131,0,0.0,0.0434,0,0
2024-05-13 15:00:00,99.422,108.02000000000001,99.586,30.037,Red,-1.0705650682400583,0,0.0,0.0194,0,1
2024-05-13 16:00:00,99.47675000000001,92.54599999999999,99.3245,33.732749999999996,Amber,-0.5504655022069482,0,0.0,0.0,0,0
2024-05-13 17:00:00,99.29724999999999,85.96125,99.41125,33.5665,Red,-1.1269185197612432,0,0.0,0.1007,0,1
2024-05-13 18:00:00,99.16325,76.32975,99.54625,31.595,Amber,-1.3114395139249477,0,0.0,0.3354,0,0
2024-05-13 19:00:00,99.57,71.39425,99.47749999999999,32.23275,Amber,1.3278403855252336,0,0.0,0.1633,0,0
2024-05-13 20:00:00,99.38625,64.63125,99.4545,28.502499999999998,Red,0.002346699619247387,0,0.0,0.175,0,1
2024-05-13 21:00:00,98.9825,41.82925,99.31325,36.603,Amber,-1.5389706246090795,0,0.0,0.5904,0,0
2024-05-13 22:00:00,99.5205,41.642,99.35525,40.5035,Amber,0.9039578879304917,0,0.0,0.4678,0,0
2024-05-13 23:00:00,99.56775,33.65825,99.40174999999999,39.577,Amber,0.8348572782622401,0,0.0,0.298,0,0
2024-05-14 00:00:00,99.80225,38.77875,99.6565,45.07275,Green,1.2041268686588495,0,0.0,0.0,0,0
2024-05-14 01:00:00,99.7585,39.6395,99.7785,50.086749999999995,Green,0.8576571508301732,0,0.0,0.0,0,0
2024-05-14 02:00:00,99.5885,51.11525,99.52250000000001,52.5345,Amber,0.17659431355707617,0,0.0,0.0,0,0
2024-05-14 03:00:00,99.70125,53.98075,99.465,58.2175,Amber,0.39392247755300286,0,0.0,0.0,0,0
2024-05-14 04:00:00,99.59175,62.0005,99.1785,58.152,Red,-0.7696712990404287,0,0.0,0.0,0,1
2024-05-14 05:00:00,99.97075,64.01125,99.5355,60.4195,Amber,1.6329462695842367,0,0.1606,0.0,0,0
2024-05-14 06:00:00,99.86475,73.25325000000001,99.5145,58.049749999999996,Amber,0.7822987751659921,0,0.2153,0.0,0,0
2024-05-14 07:00:00,99.6815,96.9785,99.574,58.26375,Amber,-0.335246304126104,0,0.0867,0.0,0,0
2024-05-14 08:00:00,99.77725,102.8485,99.439,55.31875,Amber,0.09294058128402682,0,0.0538,0.0,0,0
2024-05-14 09:00:00,99.85849999999999,108.41575,99.7065,56.560249999999996,Green,0.49363243402102436,0,0.1022,0.0,0,0
2024-05-14 10:00:00,99.23925,118.3435,99.566,50.472,Amber,-1.8951172445773374,0,0.0,0.1587,0,0
2024-05-14 11:00:00,99.742,118.0355,99.5515,43.331,Green,0.2061811279086007,0,0.0,0.0,0,0
2024-05-14 12:00:00,99.83500000000001,126.65599999999999,99.453,44.549,Amber,0.6369843545555259,0,0.0249,0.0,0,0
2024-05-14 13:00:00,99.33475,117.5605,99.331,39.4555,Amber,-1.0919864185258181,0,0.0,0.0632,0,0
2024-05-14 14:00:00,99.04724999999999,110.28275,99.6565,37.29175,Amber,-1.3353322811512798,0,0.0,0.4139,0,0
2024-05-14 15:00:00,99.7005,108.8275,99.4705,32.525999999999996,Green,0.6809204013674177,0,0.0,0.1113,0,0
2024-05-14 16:00:00,98.79575,105.294,99.51175,26.8105,Amber,-1.4542083191756376,0,0.0,0.7135,0,0
2024-05-14 17:00:00,99.4975,85.39475,99.64275,29.4555,Amber,0.32737134296600784,0,0.0,0.6139,0,0
2024-05-14 18:00:00,99.50925,84.1815,99.65275,25.444,Green,0.5822236042780397,0,0.0,0.5026,0,0
2024-05-14 19:00:00,99.51474999999999,67.632,99.44175,36.054,Amber,0.49418247868720805,0,0.0,0.3858,0,0
2024-05-14 20:00:00,99.39325,58.94475,99.5175,33.21175,Red,-0.02741696665989815,0,0.0,0.3904,0,1
2024-05-14 21:00:00,99.55799999999999,46.912,99.66,37.65375,Green,0.6194051393693799,0,0.0,0.2304,0,0
2024-05-14 22:00:00,99.51525,47.21975,99.411,42.83875,Red,0.3120670221233075,0,0.0,0.113,0,1
2024-05-14 23:00:00,99.5895,42.894999999999996,99.45775,42.37325,Amber,1.1420730585060022,0,0.0,0.0,0,0
2024-05-15 00:00:00,99.8175,46.2535,99.673,43.61,Amber,1.7973911672335239,0,0.0074,0.0,0,0
2024-05-15 01:00:00,99.48475,48.153999999999996,99.29125,53.03425,Amber,-0.5231472952842094,0,0.0,0.0,0,0
2024-05-15 02:00:00,99.9395,46.27425,99.717,53.08325,Green,1.568494431520703,0,0.1294,0.0,0,0
2024-05-15 03:00:00,99.9495,57.72525,99.51375,51.6845,Amber,1.1018168605465684,0,0.2688,0.0,0,0
2024-05-15 04:00:00,99.73475,59.6515,99.49475000000001,58.19925,Amber,-0.09489653101275108,0,0.1934,0.0,0,0
2024-05-15 05:00:00,99.713,67.293,99.9285,61.277249999999995,Amber,-0.3485294455145195,0,0.0963,0.0,0,0
2024-05-15 06:00:00,99.47375,81.94175,99.6315,58.9025,Amber,-1.1622462583106914,0,0.0,0.0,0,0
2024-05-15 07:00:00,99.822,87.3305,99.47375,57.85075,Green,0.28270251178345107,0,0.0119,0.0,0,0
2024-05-15 08:00:00,99.6125,103.51675,99.59625,55.2405,Green,-0.638333199596749,0,0.0,0.0,0,0
2024-05-15 09:00:00,99.68950000000001,113.42225,99.74074999999999,55.824,Amber,0.12776141479284386,0,0.0,0.0,0,0
2024-05-15 10:00:00,99.55025,119.9615,99.56049999999999,49.859,Amber,-0.750066725619862,0,0.0,0.0,0,0
2024-05-15 11:00:00,99.47375,123.23525000000001,99.389,50.09725,Amber,-0.9588861379749247,0,0.0,0.0,0,0
2024-05-15 12:00:00,99.663,129.36225000000002,99.80175,39.823,Green,0.23128131198832977,0,0.0,0.0,0,0
2024-05-15 13:00:00,99.291,112.77950000000001,99.62875,44.75775,Amber,-1.731879398968975,0,0.0,0.1069,0,0
2024-05-15 14:00:00,99.35025,122.14425,99.19624999999999,38.4285,Red,-0.9407570151364003,0,0.0,0.1546,0,1
2024-05-15 15:00:00,99.69024999999999,111.83675,99.3015,34.14475,Amber,1.1518124303478798,0,0.0,0.0,0,0
2024-05-15 16:00:00,99.673,95.76650000000001,99.76375,32.658500000000004,Green,0.8456996331319616,0,0.0,0.0,0,0
2024-05-15 17:00:00,99.36525,92.74025,99.26425,30.742250000000002,Amber,-0.7456667663052794,0,0.0,0.0327,0,0
2024-05-15 18:00:00,99.82900000000001,74.17525,99.5215,30.7305,Amber,1.3178140386460606,0,0.0189,0.0,0,0
2024-05-15 19:00:00,99.71875,69.227,99.4945,33.56575,Amber,0.5754450304307748,0,0.0,0.0,0,0
2024-05-15 20:00:00,99.29675,63.16075,99.3765,34.26775,Amber,-1.4022166669056295,0,0.0,0.1012,0,0
2024-05-15 21:00:00,99.6415,47.09425,99.56975,37.732,Green,0.2582036241055226,0,0.0,0.0,0,0
2024-05-15 22:00:00,99.65025,43.74675,99.35,41.252250000000004,Amber,0.32057137760801113,0,0.0,0.0,0,0
2024-05-15 23:00:00,99.65625,37.688250000000004,99.57375,41.40275,Green,0.13520631779452408,0,0.0,0.0,0,0
2024-05-16 00:00:00,99.58,44.47825,99.2595,44.8675,Amber,-0.07029315721491126,0,0.0,0.0,0,0
2024-05-16 01:00:00,100.0,47.2115,99.76474999999999,45.73925,Green,1.6169653750177626,0,0.1899,0.0,0,0
2024-05-16 02:00:00,99.97075,45.374,99.18625,55.9385,Amber,1.1960595654960393,0,0.3505,0.0,0,0
2024-05-16 03:00:00,99.76675,46.548249999999996,99.42975,53.207750000000004,Green,-0.022132115538069035,0,0.3072,0.0,0,0
2024-05-16 04:00:00,99.91175,50.933,99.327,59.58175,Amber,0.5618035726564607,0,0.4088,0.0,0,0
2024-05-16 05:00:00,100.0,73.913,99.59275,59.289500000000004,Amber,0.7664820021773391,0,0.5987,0.0,0,0
2024-05-16 06:00:00,99.79425,75.09025,99.4705,58.44525,Amber,-1.0896976291898635,0,0.5828,0.0,0,0
2024-05-16 07:00:00,99.85775,87.33175,99.654,59.335750000000004,Amber,-0.2741869192874522,0,0.6305,0.0,0,0
2024-05-16 08:00:00,99.8175,97.9805,99.45175,54.8885,Green,-0.4702693655673038,0,0.6379,0.0,0,0
2024-05-16 09:00:00,99.83225,110.16825,99.3595,52.385,Amber,-0.48392062508413075,0,0.66,0.0,0,0
2024-05-16 10:00:00,99.79325,120.00125,99.4945,51.2815,Amber,-0.7188224971166316,0,0.6432,0.0,0,0
2024-05-16 11:00:00,99.4355,115.20525,99.5475,48.0865,Amber,-2.0170697733664915,0,0.2686,0.0,0,0
2024-05-16 12:00:00,99.3075,122.12525,99.6425,45.188,Green,-1.5353979973403276,0,0.0,0.0904,0,0
2024-05-16 13:00:00,99.5475,122.886,99.39425,39.46025,Amber,-0.3336293839816898,0,0.0,0.0,0,0
2024-05-16 14:00:00,99.659,122.11725,99.534,35.12225,Amber,0.3081959232119556,0,0.0,0.0,0,0
2024-05-16 15:00:00,99.44275,110.987,99.61475,39.5955,Green,-0.5051857497390897,0,0.0,0.0,0,0
2024-05-16 16:00:00,99.21725,95.24,99.74325,27.349249999999998,Red,-1.368113383376683,0,0.0,0.1807,0,1
2024-05-16 17:00:00,99.20925,94.321,99.30675,31.8855,Amber,-1.0224872947187582,0,0.0,0.3694,0,0
2024-05-16 18:00:00,99.499,73.9135,99.3935,30.1925,Amber,0.38446359703561955,0,0.0,0.2683,0,0
2024-05-16 19:00:00,99.5155,66.2315,99.70275000000001,32.711749999999995,Amber,0.5151882102958427,0,0.0,0.1507,0,0
2024-05-16 20:00:00,99.3565,55.9735,99.271,33.72575,Amber,-0.12414072719349768,0,0.0,0.1921,0,0
2024-05-16 21:00:00,99.6265,49.49275,99.64225,33.3245,Amber,1.3019806944208636,0,0.0,0.0,0,0
2024-05-16 22:00:00,99.69825,42.585499999999996,99.38525,38.16925,Amber,1.199877594286215,0,0.0,0.0,0,0
2024-05-16 23:00:00,99.638,34.05325,99.37425,41.4195,Amber,0.6654494610360783,0,0.0,0.0,0,0
2024-05-17 00:00:00,99.53425,38.3845,99.12325,46.07575,Amber,-0.22450786625200594,0,0.0,0.0,0,0
2024-05-17 01:00:00,99.547,40.05725,99.5515,46.678,Amber,-0.16505364754583635,0,0.0,0.0,0,0
2024-05-17 02:00:00,99.86675,44.0245,99.39975,53.282,Amber,1.7670339038637157,0,0.0566,0.0,0,0
2024-05-17 03:00:00,99.5185,51.60975,99.505,55.673,Amber,-0.8632959019396563,0,0.0,0.0,0,0
2024-05-17 04:00:00,99.79025,63.6135,99.5805,57.3975,Amber,0.9598370006944184,0,0.0,0.0,0,0
2024-05-17 05:00:00,99.92425,62.6185,99.36225,59.1145,Red,1.2333296957806263,0,0.1141,0.0,0,1
2024-05-17 06:00:00,99.90075,79.488,99.764,56.88475,Amber,0.7916528161223537,0,0.2048,0.0,0,0
2024-05-17 07:00:00,99.81425,93.02825,99.88025,58.194,Amber,0.07966312545869121,0,0.2089,0.0,0,0
2024-05-17 08:00:00,99.81575000000001,99.17750000000001,99.6255,56.144000000000005,Green,0.15026372579402691,0,0.2146,0.0,0,0
2024-05-17 09:00:00,99.706,113.2405,99.5515,56.2175,Amber,-1.510102455469632,0,0.1105,0.0,0,0
2024-05-17 10:00:00,99.22475,114.415,99.4745,49.66175,Amber,-1.9492984976281895,0,0.0,0.1732,0,0
2024-05-17 11:00:00,100.0,111.85325,99.644,42.52775,Amber,0.9410140952730238,0,0.1899,0.0,0,0
2024-05-17 12:00:00,99.70824999999999,108.46825,99.3965,42.26375,Amber,-0.012433517240831839,0,0.088,0.0,0,0
2024-05-17 13:00:00,99.63024999999999,115.06475,99.53125,39.00425,Red,-0.19629383329189992,0,0.0,0.0,0,1
2024-05-17 14:00:00,99.77924999999999,110.9455,99.45750000000001,34.88275,Green,0.41096727329610605,0,0.0,0.0,0,0
2024-05-17 15:00:00,99.292,102.15075,99.46575,33.66525,Red,-1.0573604145983293,0,0.0,0.1059,0,1
2024-05-17 16:00:00,99.43675,105.41975,99.39325,27.330750000000002,Red,-0.8125999320546652,0,0.0,0.0671,0,1
2024-05-17 17:00:00,99.7775,95.055,99.70625,29.23,Amber,0.8725568984039508,0,0.0,0.0,0,0
2024-05-17 18:00:00,99.533,80.77575,99.4435,26.88825,Amber,-0.21624838901569432,0,0.0,0.0,0,0
2024-05-17 19:00:00,99.2455,65.27825,99.6155,31.339750000000002,Amber,-1.1465698257653387,0,0.0,0.1524,0,0
2024-05-17 20:00:00,99.88425,61.5815,99.47274999999999,33.522999999999996,Amber,1.379757632469557,0,0.0741,0.0,0,0
2024-05-17 21:00:00,99.47525,49.35575,99.513,35.00075,Green,-0.35622607258283356,0,0.0,0.0,0,0
2024-05-17 22:00:00,98.8655,42.141,99.554,40.4345,Amber,-1.6147744004101745,0,0.0,0.5324,0,0
2024-05-17 23:00:00,99.615,36.52625,99.8135,45.04575,Green,0.5131035096461972,0,0.0,0.3154,0,0
2024-05-18 00:00:00,99.554,40.1595,99.69800000000001,46.28575,Amber,0.3265922974240891,0,0.0,0.1593,0,0
2024-05-18 01:00:00,99.58275,41.55725,99.5415,48.34975,Amber,0.2557214368956317,0,0.0,0.0,0,0
2024-05-18 02:00:00,100.0,44.36625,99.75825,55.6975,Green,1.3190980619011883,0,0.1899,0.0,0,0
2024-05-18 03:00:00,99.91550000000001,52.2385,99.6135,56.1365,Amber,0.816303968465715,0,0.2953,0.0,0,0
2024-05-18 04:00:00,99.96424999999999,59.89325,99.3835,59.3935,Amber,0.9221150653188396,0,0.4494,0.0,0,0
2024-05-18 05:00:00,99.8905,64.73525000000001,99.54599999999999,58.911,Amber,0.36861093925642413,0,0.5298,0.0,0,0
2024-05-18 06:00:00,99.81775,78.11749999999999,99.55525,56.33975,Green,-0.29281580747183283,0,0.5375,0.0,0,0
2024-05-18 07:00:00,99.81025,88.96300000000001,99.5415,59.34675,Amber,-1.169051736945829,0,0.5376,0.0,0,0
2024-05-18 08:00:00,99.79525,92.949,99.52625,57.79425,Amber,-1.0337724971883122,0,0.5227,0.0,0,0
2024-05-18 09:00:00,99.911,107.10425000000001,99.43875,55.24025,Amber,0.6849949347703087,0,0.6236,0.0,0,0
2024-05-18 10:00:00,99.87975,123.22375,99.19225,48.9765,Amber,0.595427821555192,0,0.6933,0.0,0,0
2024-05-18 11:00:00,100.0,120.583,99.67099999999999,44.3805,Green,1.6756972443714369,0,0.8832,0.0,0,0
2024-05-18 12:00:00,99.49825,121.5875,99.3615,42.185,Amber,-1.8431077225505157,0,0.5713,0.0,0,0
2024-05-18 13:00:00,99.658,126.27225000000001,99.42675,40.6695,Amber,-0.7192490861794915,0,0.4192,0.0,0,0
2024-05-18 14:00:00,98.961,111.06425,99.7165,34.23525,Amber,-1.7929725957181326,0,0.0,0.4369,0,0
2024-05-18 15:00:00,99.467,106.53725,99.58875,30.1255,Amber,-0.3003105441336329,0,0.0,0.3679,0,0
2024-05-18 16:00:00,99.49125000000001,95.96000000000001,99.59075,36.47225,Green,-0.06342335965078247,0,0.0,0.2745,0,0
2024-05-18 17:00:00,99.478,97.082,99.64475,26.54,Amber,0.2199700696524275,0,0.0,0.1945,0,0
2024-05-18 18:00:00,99.35775000000001,75.06425,99.39824999999999,31.8645,Amber,-0.18771429056903102,0,0.0,0.2346,0,0
2024-05-18 19:00:00,99.48425,67.26050000000001,99.325,35.59875,Amber,0.5340060710806108,0,0.0,0.1483,0,0
2024-05-18 20:00:00,99.32025,61.7125,99.30025,36.067750000000004,Amber,-1.5193541747119417,0,0.0,0.226,0,0
2024-05-18 21:00:00,99.93299999999999,53.326,99.58250000000001,33.8035,Amber,1.9266991697596214,0,0.1229,0.0,0,0
2024-05-18 22:00:00,99.31875,38.6595,99.49025,38.4595,Amber,-0.7003487127192314,0,0.0,0.0792,0,0
2024-05-18 23:00:00,99.21225,42.862,99.72825,44.40475,Amber,-0.8740897165711294,0,0.0,0.2649,0,0
2024-05-19 00:00:00,99.71675,48.8905,99.5825,47.155,Amber,0.7924012109866801,0,0.0,0.0,0,0
2024-05-19 01:00:00,99.4085,43.6305,99.51125,50.619,Amber,-0.27381274402378525,0,0.0,0.0,0,0
2024-05-19 02:00:00,99.95775,47.1385,99.51650000000001,54.887,Amber,1.1387427445210647,0,0.1476,0.0,0,0
2024-05-19 03:00:00,99.59675,52.70525,99.50999999999999,55.34525,Amber,0.2228063868891929,0,0.0,0.0,0,0
2024-05-19 04:00:00,99.58324999999999,58.85625,99.507,57.12775,Amber,0.01582025389691338,0,0.0,0.0,0,0
2024-05-19 05:00:00,99.674,67.08925,99.52225,58.6345,Amber,0.09813155468022264,0,0.0,0.0,0,0
2024-05-19 06:00:00,99.848,74.19325,99.39150000000001,63.64525,Amber,0.859768163539438,0,0.0379,0.0,0,0
2024-05-19 07:00:00,99.99125000000001,90.89075,99.808,61.716750000000005,Amber,1.1922754094904262,0,0.219,0.0,0,0
2024-05-19 08:00:00,99.86275,96.5415,99.58475,54.2685,Amber,0.6246202428473878,0,0.2717,0.0,0,0
2024-05-19 09:00:00,100.0,106.3175,99.65125,54.6705,Green,1.0312924821838478,0,0.4616,0.0,0,0
2024-05-19 10:00:00,99.6795,107.4315,99.241,44.938,Amber,-1.1399449240248525,0,0.331,0.0,0,0
2024-05-19 11:00:00,99.793,114.929,99.5655,47.06375,Amber,-0.5705538940097441,0,0.3138,0.0,0,0
2024-05-19 12:00:00,99.6165,122.60525,99.505,38.633250000000004,Amber,-1.3094723681829894,0,0.1202,0.0,0,0
2024-05-19 13:00:00,99.5745,106.875,99.3265,42.6275,Amber,-1.1132298982522113,0,0.0,0.0,0,0
2024-05-19 14:00:00,99.169,117.94075,99.50425,35.703,Amber,-1.7011813873418196,0,0.0,0.2289,0,0
2024-05-19 15:00:00,99.057,111.086,99.5755,33.619,Red,-1.4297003663162828,0,0.0,0.5699,0,1
2024-05-19 16:00:00,99.584,96.0025,99.28875,33.27625,Amber,0.4128530122571143,0,0.0,0.3838,0,0
2024-05-19 17:00:00,99.70625,88.45275,99.47825,30.414,Amber,0.9501624536601825,0,0.0,0.0755,0,0
2024-05-19 18:00:00,99.07724999999999,80.361,99.53999999999999,26.04025,Amber,-0.9751986611832825,0,0.0,0.3961,0,0
2024-05-19 19:00:00,99.22575,75.638,99.312,33.43875,Amber,-0.2820963568672851,0,0.0,0.5683,0,0
2024-05-19 20:00:00,99.44175,64.25075,99.57175,40.1245,Red,0.3441601167856785,0,0.0,0.5245,0,1
2024-05-19 21:00:00,99.48975,46.5015,99.205,38.83775,Amber,0.2970906771049254,0,0.0,0.4327,0,0
2024-05-19 22:00:00,99.6115,47.04475,99.50775,38.63525,Green,0.7879486758363972,0,0.0,0.2191,0,0
2024-05-19 23:00:00,99.419,50.90175,99.38125,45.40775,Amber,0.21494541216759352,0,0.0,0.198,0,0
2024-05-20 00:00:00,99.84649999999999,41.713750000000005,99.407,45.819,Amber,1.6337036041718032,0,0.0364,0.0,0,0
2024-05-20 01:00:00,99.844,38.281,99.5635,45.18625,Amber,1.2070285483096166,0,0.0703,0.0,0,0
2024-05-20 02:00:00,99.8375,48.73275,99.529,50.795500000000004,Amber,0.8389432483046446,0,0.0977,0.0,0,0
2024-05-20 03:00:00,99.70725,54.2415,99.569,60.15825,Green,-0.02161055286603655,0,0.0,0.0,0,0
2024-05-20 04:00:00,99.86775,67.01350000000001,99.4715,57.8075,Amber,0.6565247822571523,0,0.0576,0.0,0,0
2024-05-20 05:00:00,99.81,61.696,99.43925,57.697,Amber,-0.15298727730029305,0,0.0575,0.0,0,0
2024-05-20 06:00:00,100.0,76.0665,99.49849999999999,65.72874999999999,Amber,1.64368852531812,0,0.2474,0.0,0,0
2024-05-20 07:00:00,99.73925,90.8925,99.4595,60.20625,Amber,-0.8437477877851929,0,0.1766,0.0,0,0
2024-05-20 08:00:00,99.592,104.0895,99.069,60.83975,Amber,-1.3784498287584481,0,0.0,0.0,0,0
2024-05-20 09:00:00,99.77575,111.38625,99.44025,62.52325,Amber,-0.15986754084382707,0,0.0,0.0,0,0
2024-05-20 10:00:00,99.87325,121.88525,99.4435,49.5195,Amber,0.5490326966867897,0,0.0631,0.0,0,0
2024-05-20 11:00:00,99.79625,115.3395,99.565,46.764250000000004,Amber,0.0012231762989565772,0,0.0493,0.0,0,0
2024-05-20 12:00:00,99.61575,115.5235,99.352,43.2015,Amber,-1.0691000886113429,0,0.0,0.0,0,0
2024-05-20 13:00:00,99.62475,118.388,99.45224999999999,37.56525,Amber,-0.7539734854268315,0,0.0,0.0,0,0
2024-05-20 14:00:00,99.45349999999999,114.7185,99.446,39.192750000000004,Amber,-1.5391562497343647,0,0.0,0.0,0,0
2024-05-20 15:00:00,99.7155,106.5285,99.30850000000001,34.45525,Amber,0.2398086589798163,0,0.0,0.0,0,0
2024-05-20 16:00:00,99.75,106.88225,99.5245,30.76675,Amber,0.7377627260661918,0,0.0,0.0,0,0
2024-05-20 17:00:00,99.32425,89.51775,99.41025,29.653750000000002,Amber,-1.5781847931342268,0,0.0,0.0737,0,0
2024-05-20 18:00:00,99.05675,80.301,99.35425000000001,30.013749999999998,Amber,-1.6208086518190592,0,0.0,0.4149,0,0
2024-05-20 19:00:00,99.4875,76.01775,99.589,33.333,Amber,0.08905586507650047,0,0.0,0.3253,0,0
2024-05-20 20:00:00,99.381,66.787,99.3245,32.369,Amber,-0.2753755771569476,0,0.0,0.3422,0,0
2024-05-20 21:00:00,99.4135,56.759249999999994,99.59,35.7275,Green,0.05026078670483678,0,0.0,0.3266,0,0
2024-05-20 22:00:00,99.93875,46.082499999999996,99.55025,32.6725,Green,1.7528375262937488,0,0.1286,0.0,0,0
2024-05-20 23:00:00,99.97025,36.00975,99.31925,39.0515,Amber,1.2165159621923798,0,0.2888,0.0,0,0
2024-05-21 00:00:00,99.517,36.9945,99.37275,48.28125,Amber,-0.3805601603227968,0,0.0,0.0,0,0
2024-05-21 01:00:00,99.4315,39.8,99.59925,52.1195,Amber,-0.6517970747945495,0,0.0,0.0,0,0
2024-05-21 02:00:00,99.83525,41.54675,99.691,54.544,Green,0.5832921515713154,0,0.0251,0.0,0,0
2024-05-21 03:00:00,100.0,49.74925,99.31575000000001,57.9375,Amber,0.8844098625000831,0,0.215,0.0,0,0
2024-05-21 04:00:00,99.674,61.25875,99.434,55.23625,Amber,-0.27097201964196893,0,0.0789,0.0,0,0
2024-05-21 05:00:00,99.6865,64.7045,99.50175,60.63425,Amber,-0.020331580251104268,0,0.0,0.0,0,0
2024-05-21 06:00:00,99.71575,84.8215,99.5645,61.8735,Amber,-0.04283159886981828,0,0.0,0.0,0,0
2024-05-21 07:00:00,99.71075,90.33425,99.18825,59.46,Red,-0.4719714633102359,0,0.0,0.0,0,1
2024-05-21 08:00:00,99.434,102.7995,99.654,56.07225,Amber,-1.497664223199117,0,0.0,0.0,0,0
2024-05-21 09:00:00,99.77575,109.83625,99.57249999999999,53.14,Amber,0.9210503341023145,0,0.0,0.0,0,0
2024-05-21 10:00:00,99.51474999999999,118.97149999999999,99.53325,48.1855,Green,-0.9332751173603345,0,0.0,0.0,0,0
2024-05-21 11:00:00,99.3385,119.6675,99.50125,47.19075,Green,-1.3686531207219523,0,0.0,0.0594,0,0
2024-05-21 12:00:00,99.78825,122.41975,99.42075,44.46625,Green,1.0211377190783475,0,0.0,0.0,0,0
2024-05-21 13:00:00,99.52525,111.83375000000001,99.28175,41.30925,Amber,-0.20531745455826786,0,0.0,0.0,0,0
2024-05-21 14:00:00,99.38975,116.95875,99.52475,35.01725,Amber,-0.8733566063110686,0,0.0,0.0082,0,0
2024-05-21 15:00:00,99.75475,120.60425000000001,99.76,36.207,Green,1.0972405878182014,0,0.0,0.0,0,0
2024-05-21 16:00:00,99.6135,103.60925,99.48325,33.52025,Amber,0.24371647429853846,0,0.0,0.0,0,0
2024-05-21 17:00:00,99.85025,96.37025,99.495,32.161,Amber,1.1177226153066995,0,0.0401,0.0,0,0
2024-05-21 18:00:00,99.08225,75.24425,99.3735,29.61375,Amber,-1.6457631844375615,0,0.0,0.3157,0,0
2024-05-21 19:00:00,99.3595,70.0025,99.286,30.7435,Amber,-0.5220142857867909,0,0.0,0.3541,0,0
2024-05-21 20:00:00,99.01625,57.94075,99.745,33.710499999999996,Red,-1.229317895172395,0,0.0,0.7358,0,1
2024-05-21 21:00:00,99.84725,53.3965,99.33275,35.7355,Amber,1.0494776289767596,0,0.0371,0.2865,0,0
2024-05-21 22:00:00,99.63075,50.1795,99.43575,36.736,Amber,0.4508136337047316,0,0.0,0.0536,0,0
2024-05-21 23:00:00,99.1665,41.655,99.36925,43.72225,Red,-0.558134248228411,0,0.0,0.2851,0,1
2024-05-22 00:00:00,99.5695,37.4435,99.3065,45.7765,Amber,0.4452521818667973,0,0.0,0.1135,0,0
2024-05-22 01:00:00,99.6125,33.74,99.4565,52.41625,Green,0.440275274317124,0,0.0,0.0,0,0
2024-05-22 02:00:00,99.4355,46.59025,99.3375,49.46225,Amber,-0.4751593838051917,0,0.0,0.0,0,0
2024-05-22 03:00:00,99.64125,53.25325,99.62,59.214,Green,0.7166982269332355,0,0.0,0.0,0,0
2024-05-22 04:00:00,99.82525,57.782000000000004,99.46525,60.33625,Amber,1.2725683710545466,0,0.0151,0.0,0,0
2024-05-22 05:00:00,99.93,73.9655,99.61625000000001,60.05475,Amber,1.4548581189846241,0,0.135,0.0,0,0
2024-05-22 06:00:00,100.0,81.124,99.7005,60.53225,Green,1.2095687999712936,0,0.3249,0.0,0,0
2024-05-22 07:00:00,99.718,85.44575,99.401,60.838750000000005,Amber,-0.19591908505818414,0,0.2328,0.0,0,0
2024-05-22 08:00:00,99.923,88.911,99.39150000000001,53.16075,Green,0.6045603594406622,0,0.3457,0.0,0,0
2024-05-22 09:00:00,99.95824999999999,108.03925,99.393,54.54675,Amber,0.6382952223138431,0,0.4938,0.0,0,0
2024-05-22 10:00:00,99.88125,120.58775,99.47225,53.238749999999996,Green,-0.20862125880072885,0,0.565,0.0,0,0
2024-05-22 11:00:00,99.78275,114.235,99.61125,49.294,Green,-0.8768086808053365,0,0.5376,0.0,0,0
2024-05-22 12:00:00,99.50725,118.78,99.49125000000001,47.36325,Amber,-1.724123440886021,0,0.2348,0.0,0,0
2024-05-22 13:00:00,99.9925,119.68925,99.84,43.723,Green,0.8483042269976178,0,0.4172,0.0,0,0
2024-05-22 14:00:00,99.577,116.25725,99.46549999999999,37.34125,Amber,-1.0238694815113103,0,0.1841,0.0,0,0
2024-05-22 15:00:00,99.45875000000001,109.69475,99.48,29.958000000000002,Amber,-1.1106751198554552,0,0.0,0.0,0,0
2024-05-22 16:00:00,99.565,107.86075,99.61925,34.2395,Amber,-0.4066032206062635,0,0.0,0.0,0,0
2024-05-22 17:00:00,98.92275000000001,91.0095,99.38374999999999,28.118499999999997,Amber,-1.6951833155789386,0,0.0,0.4752,0,0
2024-05-22 18:00:00,99.47149999999999,83.69425,99.548,22.27325,Green,-0.07700535418677143,0,0.0,0.4016,0,0
2024-05-22 19:00:00,99.142,72.602,99.45175,31.397750000000002,Amber,-0.8095650118058175,0,0.0,0.6575,0,0
2024-05-22 20:00:00,99.16625,55.9115,99.43125,32.69425,Amber,-0.4884956978195319,0,0.0,0.8892,0,0
2024-05-22 21:00:00,99.541,52.05325,99.581,37.98075,Green,0.9148976607679171,0,0.0,0.7461,0,0
2024-05-22 22:00:00,99.64824999999999,49.77075,99.4195,46.863,Amber,1.1883202832065312,0,0.0,0.4958,0,0
2024-05-22 23:00:00,99.77199999999999,39.9375,99.31825,44.030499999999996,Amber,1.2327229942925448,0,0.0,0.1218,0,0
2024-05-23 00:00:00,99.83924999999999,39.47,99.44125,44.5295,Amber,1.0700414763107553,0,0.0291,0.0,0,0
2024-05-23 01:00:00,99.785,42.920500000000004,99.32724999999999,54.20725,Amber,0.6402077191518236,0,0.004,0.0,0,0
2024-05-23 02:00:00,99.69975,44.003,99.57375,56.17975,Green,-0.13361317617128865,0,0.0,0.0,0,0
2024-05-23 03:00:00,99.5515,54.96725,99.622,60.5115,Amber,-1.5680210638316459,0,0.0,0.0,0,0
2024-05-23 04:00:00,99.545,57.60724999999999,99.62475,53.93375,Amber,-1.2320319658828531,0,0.0,0.0,0,0
2024-05-23 05:00:00,99.967,69.0005,99.67775,61.87775,Amber,1.4184187456950843,0,0.1569,0.0,0,0
2024-05-23 06:00:00,99.83575,86.42275000000001,99.477,56.468,Amber,0.6339605936892981,0,0.1825,0.0,0,0
2024-05-23 07:00:00,99.78975,87.15,99.50825,56.826750000000004,Amber,0.3509869173398591,0,0.1622,0.0,0,0
2024-05-23 08:00:00,99.89,100.48725,99.7055,58.378,Green,0.7180311202469747,0,0.2421,0.0,0,0
2024-05-23 09:00:00,99.43275,113.15174999999999,99.762,52.2665,Amber,-1.4875169452182309,0,0.0,0.0,0,0
2024-05-23 10:00:00,99.51025,110.315,99.56575,48.804,Green,-1.053497642742145,0,0.0,0.0,0,0
2024-05-23 11:00:00,99.6925,122.2625,99.37025,46.1795,Amber,0.003619055492833497,0,0.0,0.0,0,0
2024-05-23 12:00:00,99.4935,121.3515,99.57675,45.2345,Amber,-0.7690523882755544,0,0.0,0.0,0,0
2024-05-23 13:00:00,99.54975,111.772,99.63225,40.817,Amber,-0.2669083019783738,0,0.0,0.0,0,0
2024-05-23 14:00:00,99.19375,117.09100000000001,99.35575,36.75425,Amber,-1.73265315592949,0,0.0,0.2042,0,0
2024-05-23 15:00:00,99.48675,103.4845,99.36925,32.66825,Amber,-0.006137328447118264,0,0.0,0.1154,0,0
2024-05-23 16:00:00,99.52375,92.3815,99.469,32.5865,Amber,0.206544892526498,0,0.0,0.0,0,0
2024-05-23 17:00:00,99.27125000000001,93.93925,99.49425,27.21725,Green,-0.9979704334506431,0,0.0,0.1267,0,0
2024-05-23 18:00:00,99.29025,73.3495,99.80324999999999,31.25475,Amber,-0.630162832207787,0,0.0,0.2344,0,0
2024-05-23 19:00:00,99.293,65.16425,99.5855,29.23,Amber,-0.38210906413370344,0,0.0,0.3393,0,0
2024-05-23 20:00:00,99.85775,66.792,99.51725,31.444499999999998,Green,1.7884627577829386,0,0.0476,0.0,0,0
2024-05-23 21:00:00,99.34675,49.008250000000004,99.343,33.00275,Amber,-0.36554967450097287,0,0.0,0.0512,0,0
2024-05-23 22:00:00,99.565,39.4815,99.6975,33.677499999999995,Amber,0.5480683686567779,0,0.0,0.0,0,0
2024-05-23 23:00:00,99.852,41.64025,99.8775,43.60275,Green,1.1855452419296721,0,0.0419,0.0,0,0
2024-05-24 00:00:00,99.90125,38.196749999999994,99.52674999999999,45.833749999999995,Green,0.9718984070443573,0,0.133,0.0,0,0
2024-05-24 01:00:00,99.74975,42.7115,99.56925,49.228750000000005,Amber,0.17444994625179017,0,0.0727,0.0,0,0
2024-05-24 02:00:00,99.78524999999999,47.06075,99.40525000000001,54.72225,Amber,0.40981904515739015,0,0.0478,0.0,0,0
2024-05-24 03:00:00,99.9385,60.39675,99.49074999999999,54.85375,Amber,1.042022049320154,0,0.1762,0.0,0,0
2024-05-24 04:00:00,99.99825,64.43,99.621,58.695,Amber,1.3570432416237668,0,0.3643,0.0,0,0
2024-05-24 05:00:00,99.94825,67.17325,99.5985,60.447,Amber,0.6252738263959113,0,0.5025,0.0,0,0
2024-05-24 06:00:00,99.85849999999999,75.89625,99.66,62.39575,Amber,-0.215832530624817,0,0.5509,0.0,0,0
2024-05-24 07:00:00,99.887,89.1195,99.51375,59.1685,Amber,-0.20702774180422667,0,0.6278,0.0,0,0
2024-05-24 08:00:00,99.78775,105.13825,99.007,59.3215,Red,-1.5434308074578507,0,0.6054,0.0,0,1
2024-05-24 09:00:00,99.84425,103.1505,99.258,55.64275,Amber,-0.569476578061893,0,0.6396,0.0,0,0
2024-05-24 10:00:00,99.9855,121.13775000000001,99.44675,51.32275,Amber,1.3928072494869101,0,0.8149,0.0,0,0
2024-05-24 11:00:00,99.77275,123.38225,99.23875,49.23675,Amber,-1.0839384216392105,0,0.7776,0.0,0,0
2024-05-24 12:00:00,99.70575,120.926,99.5505,42.35525,Green,-1.2714837494335045,0,0.6732,0.0,0,0
2024-05-24 13:00:00,99.28150000000001,128.57375,99.459,39.18925,Amber,-1.876040494154285,0,0.1446,0.1164,0,0
2024-05-24 14:00:00,99.49125000000001,111.16175,99.41075,36.948,Amber,-0.7421317682406451,0,0.0,0.0231,0,0
2024-05-24 15:00:00,99.4525,107.729,99.59225,33.27325,Amber,-0.6385264653340375,0,0.0,0.0,0,0
2024-05-24 16:00:00,99.50525,100.3065,99.77674999999999,33.6335,Amber,-0.1656098978103753,0,0.0,0.0,0,0
2024-05-24 17:00:00,99.5115,97.5625,99.04275,31.01175,Amber,0.14888645020979346,0,0.0,0.0,0,0
2024-05-24 18:00:00,99.25775,81.779,99.37375,25.96925,Amber,-1.370308751638975,0,0.0,0.1402,0,0
2024-05-24 19:00:00,99.2795,69.787,99.3615,28.02525,Amber,-1.1750938742615284,0,0.0,0.2586,0,0
2024-05-24 20:00:00,98.93875,62.69475,99.63725,31.01925,Amber,-1.7619152452102724,0,0.0,0.7178,0,0
2024-05-24 21:00:00,99.5595,57.24275,99.4225,35.836749999999995,Amber,0.9250582524967353,0,0.0,0.5562,0,0
2024-05-24 22:00:00,99.40675,44.3655,99.59075,37.833749999999995,Amber,0.3611910143572391,0,0.0,0.5474,0,0
2024-05-24 23:00:00,99.27125,33.283,99.643,39.36625,Green,-0.06976989993223412,0,0.0,0.6741,0,0
2024-05-25 00:00:00,99.90225,38.76825,99.3445,45.91775,Amber,1.5771541481331575,0,0.0921,0.1698,0,0
2024-05-25 01:00:00,99.2755,45.1185,99.4285,56.00375,Amber,-0.3615150874282277,0,0.0,0.2922,0,0
2024-05-25 02:00:00,99.70475,46.3655,99.52575,54.069250000000004,Green,0.734558738712824,0,0.0,0.0,0,0
2024-05-25 03:00:00,99.766,54.522999999999996,99.1225,53.254000000000005,Amber,0.7797592788826708,0,0.0,0.0,0,0
2024-05-25 04:00:00,99.75450000000001,57.111,99.59525,56.54875,Amber,0.5251571356527599,0,0.0,0.0,0,0
2024-05-25 05:00:00,99.451,74.96975,99.50725,61.46675,Amber,-0.8226024771686758,0,0.0,0.0,0,0
2024-05-25 06:00:00,99.89175,71.87975,99.40475,60.215500000000006,Amber,1.0907182177227834,0,0.0816,0.0,0,0
2024-05-25 07:00:00,99.91550000000001,90.50625,99.6565,56.40775,Green,1.0085061429160949,0,0.187,0.0,0,0
2024-05-25 08:00:00,99.9125,97.4905,99.7275,58.40575,Amber,0.7360568796828377,0,0.2894,0.0,0,0
2024-05-25 09:00:00,99.771,108.06225,99.50575,54.644,Amber,-0.06600402454638095,0,0.2503,0.0,0,0
2024-05-25 10:00:00,99.83825,115.08225,99.49425,48.17125,Amber,0.23358992185369004,0,0.2785,0.0,0,0
2024-05-25 11:00:00,99.88475,120.67425,99.3135,45.99175,Amber,0.2848265834689536,0,0.3531,0.0,0,0
2024-05-25 12:00:00,99.47925000000001,116.9715,99.19875,43.7275,Amber,-1.9294031223556813,0,0.0222,0.0,0,0
2024-05-25 13:00:00,99.524,124.74249999999999,99.425,37.07825,Amber,-1.1249968905367371,0,0.0,0.0,0,0
2024-05-25 14:00:00,99.667,120.19475,99.58250000000001,36.57775,Amber,-0.162261505152175,0,0.0,0.0,0,0
2024-05-25 15:00:00,99.56700000000001,102.64325,99.2985,31.27925,Amber,-0.5518089691235947,0,0.0,0.0,0,0
2024-05-25 16:00:00,99.5515,100.89075,99.62525000000001,32.103,Amber,-0.41245677032786937,0,0.0,0.0,0,0
2024-05-25 17:00:00,98.81375,93.2255,99.35725,34.5265,Red,-1.9997055156074601,0,0.0,0.5842,0,1
2024-05-25 18:00:00,99.34125,73.33125,99.6885,30.91,Amber,-0.22339218462982452,0,0.0,0.6409,0,0
2024-05-25 19:00:00,99.46125,69.23325,99.44875,28.97475,Amber,0.19818803691477285,0,0.0,0.5775,0,0
2024-05-25 20:00:00,99.638,62.376000000000005,99.4515,31.073999999999998,Amber,0.801158355000333,0,0.0,0.3375,0,0
2024-05-25 21:00:00,99.399,53.09275,99.6235,32.94,Amber,0.10829719851755021,0,0.0,0.3364,0,0
2024-05-25 22:00:00,99.61725,48.105999999999995,99.226,43.863,Amber,0.7944008080361595,0,0.0,0.1171,0,0
2024-05-25 23:00:00,99.31375,39.391,99.31700000000001,42.658,Amber,-1.0702944175166809,0,0.0,0.2013,0,0
2024-05-26 00:00:00,99.792,48.635999999999996,99.6265,45.181,Green,1.4430266559623033,0,0.0,0.0,0,0
2024-05-26 01:00:00,99.582,45.5315,99.43325,52.4855,Amber,0.14425313548121227,0,0.0,0.0,0,0
2024-05-26 02:00:00,99.53975,54.3905,99.47475,55.732,Amber,-0.005186632498817042,0,0.0,0.0,0,0
2024-05-26 03:00:00,100.0,50.62525,99.37725,59.38525,Green,1.5370700295113942,0,0.1899,0.0,0,0
2024-05-26 04:00:00,99.58875,62.72775,99.676,60.736,Amber,-0.2016194643994845,0,0.0,0.0,0,0
2024-05-26 05:00:00,99.9505,61.35225,99.5545,60.27175,Amber,1.0351483426389798,0,0.1404,0.0,0,0
2024-05-26 06:00:00,99.72025,78.15299999999999,99.57175,60.819250000000004,Amber,-0.04983333265794603,0,0.0505,0.0,0,0
2024-05-26 07:00:00,99.83975,86.34625,99.3945,57.191500000000005,Amber,0.3522712195078539,0,0.0802,0.0,0,0
2024-05-26 08:00:00,99.63499999999999,100.59275,99.61275,57.13275,Amber,-0.9149669917543581,0,0.0,0.0,0,0
2024-05-26 09:00:00,99.69475,110.54575,99.7065,60.418499999999995,Amber,-0.3225721635941478,0,0.0,0.0,0,0
2024-05-26 10:00:00,99.691,115.87700000000001,99.464,50.43825,Green,-0.5476255155119113,0,0.0,0.0,0,0
2024-05-26 11:00:00,99.51225,118.31,99.41,45.19075,Amber,-1.5828908177155359,0,0.0,0.0,0,0
2024-05-26 12:00:00,99.70224999999999,125.95349999999999,99.2795,42.814,Amber,0.217121694291066,0,0.0,0.0,0,0
2024-05-26 13:00:00,99.31625,119.19149999999999,99.49025,37.86075,Amber,-1.803934930372093,0,0.0,0.0817,0,0
2024-05-26 14:00:00,99.49825,114.70375,99.344,35.43825,Amber,-0.45643005204447606,0,0.0,0.0,0,0
2024-05-26 15:00:00,99.49825,99.17875000000001,99.064,32.18925,Amber,-0.2651568698551876,0,0.0,0.0,0,0
2024-05-26 16:00:00,99.4455,92.506,99.55375,31.163500000000003,Amber,-0.4008309222623506,0,0.0,0.0,0,0
2024-05-26 17:00:00,99.25775,93.7325,99.62975,31.3045,Amber,-1.2446280028867094,0,0.0,0.1402,0,0
2024-05-26 18:00:00,99.21275,85.614,99.90225,22.80075,Amber,-1.2642144712746533,0,0.0,0.3254,0,0
2024-05-26 19:00:00,99.09275,69.02425,99.61125,28.3565,Amber,-1.4173775003508617,0,0.0,0.6305,0,0
2024-05-26 20:00:00,99.67675,58.769,99.3115,31.997,Amber,1.4577014378485957,0,0.0,0.3517,0,0
2024-05-26 21:00:00,99.25525,51.139,99.6365,38.62575,Amber,-0.32957283860189457,0,0.0,0.4944,0,0
2024-05-26 22:00:00,99.75450000000001,38.681,99.29599999999999,41.447500000000005,Amber,1.3968262607188047,0,0.0,0.1378,0,0
2024-05-26 23:00:00,99.31025,47.63175,99.55925,43.18475,Amber,-0.2740902148322273,0,0.0,0.2255,0,0
2024-05-27 00:00:00,99.36824999999999,37.741,99.544,47.50325,Amber,-0.16200638522971475,0,0.0,0.2552,0,0
2024-05-27 01:00:00,99.70475,36.00875,99.46475,50.8345,Amber,0.8630114032238115,0,0.0,0.0,0,0
2024-05-27 02:00:00,99.4555,40.466750000000005,99.4175,52.4835,Red,-0.09216681211090073,0,0.0,0.0,0,1
2024-05-27 03:00:00,99.76625,52.211,99.548,54.58525,Amber,1.0034993099625042,0,0.0,0.0,0,0
2024-05-27 04:00:00,99.74475,57.06,99.72675,59.174,Green,0.9149130934361781,0,0.0,0.0,0,0
2024-05-27 05:00:00,99.871,69.42575,99.54175000000001,63.956,Amber,1.120241622418842,0,0.0609,0.0,0,0
2024-05-27 06:00:00,99.592,71.96025,99.5625,64.52799999999999,Amber,-0.6652967720617083,0,0.0,0.0,0,0
2024-05-27 07:00:00,99.8905,93.7395,99.80250000000001,61.44525,Amber,1.015431048119666,0,0.0804,0.0,0,0
2024-05-27 08:00:00,99.4145,99.77799999999999,99.693,54.6815,Amber,-1.6488243991213356,0,0.0,0.0,0,0
2024-05-27 09:00:00,99.88175,112.78925000000001,99.44825,59.587,Amber,0.7712854500646171,0,0.0716,0.0,0,0
2024-05-27 10:00:00,99.80225,119.22975,99.5785,52.33675,Amber,0.3077750218150469,0,0.0638,0.0,0,0
2024-05-27 11:00:00,99.85675,125.6285,99.736,46.7875,Green,0.6038616929420041,0,0.1104,0.0,0,0
2024-05-27 12:00:00,99.81,123.08800000000001,99.7245,48.2635,Green,0.1883423359342843,0,0.1103,0.0,0,0
2024-05-27 13:00:00,99.60925,116.2245,99.42949999999999,36.689,Green,-0.6600019254389291,0,0.0,0.0,0,0
2024-05-27 14:00:00,99.54875,112.29525,99.44975,34.9395,Amber,-1.4676448201533268,0,0.0,0.0,0,0
2024-05-27 15:00:00,99.421,110.08475,99.6815,30.203,Amber,-1.4537876984724925,0,0.0,0.0,0,0
2024-05-27 16:00:00,99.071,106.72,99.356,34.09,Red,-1.6799449482135103,0,0.0,0.3269,0,1
2024-05-27 17:00:00,99.47825,86.16975,99.596,26.969250000000002,Amber,-0.04673705134199658,0,0.0,0.2466,0,0
2024-05-27 18:00:00,99.53275,80.70475,99.693,29.781750000000002,Green,0.4615177073252067,0,0.0,0.1118,0,0
2024-05-27 19:00:00,99.2285,73.6105,99.553,34.60125,Green,-0.7952200210436551,0,0.0,0.2812,0,0
2024-05-27 20:00:00,99.3845,60.66425,99.71325,31.28275,Amber,0.18463029289469127,0,0.0,0.2946,0,0
2024-05-27 21:00:00,99.4615,50.164,99.70275,35.34975,Amber,0.5787882469329494,0,0.0,0.2311,0,0
2024-05-27 22:00:00,99.27875,51.36025,99.3755,40.051249999999996,Amber,-0.9629803645949523,0,0.0,0.3503,0,0
2024-05-27 23:00:00,99.54825,48.441500000000005,99.84775,41.7385,Green,1.0772586518511869,0,0.0,0.1999,0,0
2024-05-28 00:00:00,99.73725,39.678,99.61825,44.24975,Amber,1.592934999471245,0,0.0,0.0,0,0
2024-05-28 01:00:00,99.839,39.7905,99.4025,53.68025,Amber,1.396175070287939,0,0.0289,0.0,0,0
2024-05-28 02:00:00,99.88825,38.942750000000004,99.6505,55.107,Green,1.1099111603044163,0,0.107,0.0,0,0
2024-05-28 03:00:00,100.0,53.32425,99.82499999999999,55.563500000000005,Green,1.0836621480887572,0,0.2969,0.0,0,0
2024-05-28 04:00:00,99.81425,56.1325,99.607,58.38575,Green,0.063817903381481,0,0.3011,0.0,0,0
2024-05-28 05:00:00,99.9255,73.1155,99.49975,53.93,Green,0.6344707183692738,0,0.4165,0.0,0,0
2024-05-28 06:00:00,99.84375,76.0515,99.45225,57.9285,Amber,-0.6009790972812789,0,0.4501,0.0,0,0
2024-05-28 07:00:00,99.96225,95.49825,99.6985,61.07825,Amber,0.800403849406721,0,0.6022,0.0,0,0
2024-05-28 08:00:00,99.62125,97.29525,99.4425,56.54375,Amber,-1.7526098580273992,0,0.4134,0.0,0,0
2024-05-28 09:00:00,99.93375,110.577,99.33175,52.12925,Amber,0.6654617760030966,0,0.537,0.0,0,0
2024-05-28 10:00:00,99.96725,122.205,99.34025,53.483000000000004,Amber,0.6926684565974609,0,0.6942,0.0,0,0
2024-05-28 11:00:00,99.7035,120.12299999999999,99.749,45.40475,Amber,-0.926238629152104,0,0.5876,0.0,0,0
2024-05-28 12:00:00,99.926,119.81525,99.49425,44.847,Green,0.4902537025688941,0,0.7034,0.0,0,0
2024-05-28 13:00:00,99.6625,126.65350000000001,99.471,42.00425,Amber,-0.895921213029401,0,0.5558,0.0,0,0
2024-05-28 14:00:00,99.69675000000001,116.30025,99.42325,36.235,Amber,-0.8389091234761624,0,0.4425,0.0,0,0
2024-05-28 15:00:00,99.50725,106.7305,99.627,30.69175,Amber,-1.3682999189010283,0,0.1396,0.0,0,0
2024-05-28 16:00:00,99.20125,94.477,99.47925000000001,32.05925,Red,-1.704653685249717,0,0.0,0.1967,0,1
2024-05-28 17:00:00,99.4725,86.388,99.559,32.4135,Amber,-0.429209664191124,0,0.0,0.1221,0,0
2024-05-28 18:00:00,99.3245,76.5535,99.43775,31.935499999999998,Amber,-0.7996818247426736,0,0.0,0.1955,0,0
2024-05-28 19:00:00,99.22775,67.38275,99.233,31.73,Amber,-0.9353821992963184,0,0.0,0.3657,0,0
2024-05-28 20:00:00,99.32225,63.381,99.534,30.47725,Amber,-0.16290588825416386,0,0.0,0.4414,0,0
2024-05-28 21:00:00,99.43125,62.438,99.411,35.02175,Amber,0.9434649329570307,0,0.0,0.4081,0,0
2024-05-28 22:00:00,99.6265,40.040749999999996,99.6355,42.7855,Amber,1.6044713190262072,0,0.0,0.1795,0,0
2024-05-28 23:00:00,99.4785,44.619,99.34475,43.3775,Amber,0.5428519120394192,0,0.0,0.0989,0,0
2024-05-29 00:00:00,99.42075,39.269999999999996,99.517,44.4435,Amber,0.02142308817224524,0,0.0,0.0761,0,0
2024-05-29 01:00:00,99.62475,42.9435,99.275,48.91675,Amber,1.1641119124367312,0,0.0,0.0,0,0
2024-05-29 02:00:00,99.81,42.09,99.697,53.40125,Green,1.6237843477866387,0,0.0,0.0,0,0
2024-05-29 03:00:00,100.0,51.88375,99.42625,52.23325,Amber,1.5826430937339084,0,0.1899,0.0,0,0
2024-05-29 04:00:00,99.74675,61.412000000000006,99.62125,57.87425,Amber,0.3075664132157585,0,0.1265,0.0,0,0
2024-05-29 05:00:00,99.2915,66.9425,99.51825,55.62375,Red,-1.372467479587029,0,0.0,0.1064,0,1
2024-05-29 06:00:00,99.881,75.78975,99.447,60.94325,Amber,0.6282790430392041,0,0.0709,0.0,0,0
2024-05-29 07:00:00,99.57625,89.7115,99.2695,59.3275,Amber,-0.5609721377058601,0,0.0,0.0,0,0
2024-05-29 08:00:00,99.7615,97.6365,99.782,55.156,Green,0.20871128121084398,0,0.0,0.0,0,0
2024-05-29 09:00:00,100.0,107.4675,99.26575,55.6355,Amber,1.1659735998414953,0,0.1899,0.0,0,0
2024-05-29 10:00:00,99.32724999999999,117.63025,99.403,51.9475,Amber,-1.0703239467625925,0,0.0,0.0707,0,0
2024-05-29 11:00:00,99.85275,120.98025,99.3245,43.93425,Amber,0.49037441344307253,0,0.0426,0.0,0,0
2024-05-29 12:00:00,99.8295,118.57875,99.289,41.402,Amber,0.4399866099070033,0,0.062,0.0,0,0
2024-05-29 13:00:00,99.4405,118.8475,99.37275,42.122,Amber,-1.0022721906940606,0,0.0,0.0,0,0
2024-05-29 14:00:00,99.33425,116.52725000000001,99.607,30.15925,Green,-0.9978304473354044,0,0.0,0.0637,0,0
2024-05-29 15:00:00,99.32225,108.44775,99.37575,35.366749999999996,Amber,-0.7685145043249033,0,0.0,0.1394,0,0
2024-05-29 16:00:00,99.24025,100.1605,99.66325,27.301499999999997,Amber,-0.9760604812908868,0,0.0,0.297,0,0
2024-05-29 17:00:00,99.8925,88.81375,99.27,30.17,Amber,1.3663089676787301,0,0.0824,0.0,0,0
2024-05-29 18:00:00,99.6195,81.4885,99.567,30.48075,Amber,0.5957881089122559,0,0.0,0.0,0,0
2024-05-29 19:00:00,99.585,81.699,99.414,30.66225,Amber,0.3500445662346581,0,0.0,0.0,0,0
2024-05-29 20:00:00,99.44975,52.37875,99.304,38.509249999999994,Amber,-0.2918211332279198,0,0.0,0.0,0,0
2024-05-29 21:00:00,99.423,49.63425,99.40975,38.9685,Red,-0.50685930807799,0,0.0,0.0,0,1
2024-05-29 22:00:00,99.489,51.807500000000005,99.59575000000001,39.28225,Amber,-0.5065283046207902,0,0.0,0.0,0,0
2024-05-29 23:00:00,99.6695,44.21825,99.29050000000001,46.5555,Amber,1.3080147369464614,0,0.0,0.0,0,0
2024-05-30 00:00:00,99.686,37.997,99.46625,45.18325,Amber,1.1997000941418707,0,0.0,0.0,0,0
2024-05-30 01:00:00,99.658,40.909,99.45949999999999,51.4805,Amber,0.7878816475856679,0,0.0,0.0,0,0
2024-05-30 02:00:00,99.75975,41.7535,99.60575,53.082499999999996,Amber,1.1259044847311264,0,0.0,0.0,0,0
2024-05-30 03:00:00,99.59825000000001,49.4455,99.29375,52.66825,Amber,-0.49208086219404784,0,0.0,0.0,0,0
2024-05-30 04:00:00,99.609,63.66825,99.62174999999999,57.563500000000005,Amber,-0.9314771377334874,0,0.0,0.0,0,0
2024-05-30 05:00:00,99.80925,68.20375,99.71225,56.1845,Green,1.4638234005536621,0,0.0,0.0,0,0
2024-05-30 06:00:00,99.78825,90.7145,99.61175,57.7175,Amber,0.9048189597601228,0,0.0,0.0,0,0
2024-05-30 07:00:00,99.58675,89.17375,99.45025,59.7035,Amber,-1.0082363605655074,0,0.0,0.0,0,0
2024-05-30 08:00:00,100.0,99.33775,99.20175,57.78525,Amber,1.6310729977280083,0,0.1899,0.0,0,0
2024-05-30 09:00:00,99.64625000000001,112.404,99.42625000000001,56.342,Amber,-0.594402424785256,0,0.026,0.0,0,0
2024-05-30 10:00:00,100.0,113.3055,99.753,49.3575,Green,1.128428331196559,0,0.2159,0.0,0,0
2024-05-30 11:00:00,99.46325,124.36449999999999,99.5845,49.06675,Amber,-1.2809576579203399,0,0.0,0.0,0,0
2024-05-30 12:00:00,99.76875,124.0825,99.52799999999999,39.16075,Amber,0.11110434926928968,0,0.0,0.0,0,0
2024-05-30 13:00:00,99.32375,123.40925,99.57575,40.263,Amber,-1.3567076265128581,0,0.0,0.0742,0,0
2024-05-30 14:00:00,99.67699999999999,117.2405,99.537,37.0595,Amber,0.1292127513617958,0,0.0,0.0,0,0
2024-05-30 15:00:00,99.39075,106.647,99.64075,38.308,Amber,-0.8258630330580727,0,0.0,0.0072,0,0
2024-05-30 16:00:00,99.5975,102.14750000000001,99.5035,32.23125,Amber,0.3511124076612319,0,0.0,0.0,0,0
2024-05-30 17:00:00,99.227,90.65025,99.46225,28.295,Amber,-1.2595088008789679,0,0.0,0.1709,0,0
2024-05-30 18:00:00,99.15174999999999,74.81125,99.57925,26.53575,Red,-1.1766818050965147,0,0.0,0.4171,0,1
2024-05-30 19:00:00,99.39099999999999,64.854,99.76175,30.887999999999998,Green,-0.07285704191186507,0,0.0,0.424,0,0
2024-05-30 20:00:00,99.11075,53.29325,99.417,37.7315,Amber,-1.0970528838423073,0,0.0,0.7112,0,0
2024-05-30 21:00:00,99.5805,56.7715,99.6425,38.525999999999996,Green,1.11314123445759,0,0.0,0.5286,0,0
2024-05-30 22:00:00,99.25375,43.42275,99.55,37.532,Green,-0.18437193340200794,0,0.0,0.6728,0,0
2024-05-30 23:00:00,99.45275,41.68425,99.15575,46.53125,Red,0.7078151460319348,0,0.0,0.618,0,1
2024-05-31 00:00:00,99.8435,42.74675,99.65125,45.6295,Green,1.5799626196573895,0,0.0334,0.1724,0,0
2024-05-31 01:00:00,99.95125,39.053,99.55925,49.84075,Green,1.279863624912238,0,0.1745,0.0,0,0
2024-05-31 02:00:00,99.81975,44.571,99.62075,49.78175,Green,0.6336633221575799,0,0.1842,0.0,0,0
2024-05-31 03:00:00,99.65275,52.94075,99.62100000000001,54.9015,Amber,-0.03595989634638828,0,0.0268,0.0,0,0
2024-05-31 04:00:00,99.775,64.06700000000001,99.53450000000001,58.9125,Amber,0.14789948907432376,0,0.0,0.0,0,0
2024-05-31 05:00:00,99.9405,72.52000000000001,99.3725,58.21525,Amber,0.9910813482584395,0,0.1304,0.0,0,0
2024-05-31 06:00:00,100.0,85.9735,99.47025,59.58825,Amber,1.0930166489188902,0,0.3203,0.0,0,0
2024-05-31 07:00:00,99.9995,90.67025,99.46549999999999,59.301249999999996,Amber,0.967587943957258,0,0.5097,0.0,0,0
2024-05-31 08:00:00,99.83775,97.35925,99.32175000000001,60.25625,Amber,-0.2154516026836797,0,0.5373,0.0,0,0
2024-05-31 09:00:00,99.71975,107.47725,99.45625000000001,51.21825,Amber,-1.3359810440547908,0,0.447,0.0,0,0
2024-05-31 10:00:00,99.39525,119.9845,99.5415,49.7215,Amber,-1.808977466115873,0,0.0321,0.0027,0,0
2024-05-31 11:00:00,99.88125,115.48225,99.437,52.69825,Green,0.33316689746077816,0,0.1032,0.0,0,0
2024-05-31 12:00:00,99.61625000000001,116.32375,99.56875,43.285250000000005,Green,-0.5827831781305093,0,0.0,0.0,0,0
2024-05-31 13:00:00,99.52025,119.71275,99.522,41.13225,Amber,-0.7549807637427629,0,0.0,0.0,0,0
2024-05-31 14:00:00,99.515,111.05425,99.49575,36.704750000000004,Amber,-0.5387946154962586,0,0.0,0.0,0,0
2024-05-31 15:00:00,99.22975,103.98175,99.465,31.66375,Red,-1.3553273137155044,0,0.0,0.1682,0,1
2024-05-31 16:00:00,99.47825,104.46,99.6395,28.402,Amber,-0.2927577905207225,0,0.0,0.0879,0,0
2024-05-31 17:00:00,99.195,84.344,99.4495,31.611250000000002,Amber,-1.3430055489473527,0,0.0,0.2908,0,0
2024-05-31 18:00:00,98.88499999999999,77.42025000000001,99.41975,27.6735,Amber,-1.669890258280394,0,0.0,0.8037,0,0
2024-05-31 19:00:00,99.25875,70.8195,99.29025,33.899249999999995,Amber,-0.006781236554241276,0,0.0,0.9429,0,0
2024-05-31 20:00:00,99.40174999999999,59.1195,99.502,35.14925,Red,0.7797134771076841,0,0.0,0.9391,0,1
2024-05-31 21:00:00,99.07925,52.627250000000004,99.51575,38.2765,Amber,-0.6339285944514786,0,0.0,1.2578,0,0
2024-05-31 22:00:00,99.53725,42.98825,99.7065,36.86275,Amber,1.344642516658669,0,0.0,1.1184,0,0
2024-05-31 23:00:00,99.30425,40.5855,99.30275,39.7945,Amber,0.25730338537532543,0,0.0,1.2121,0,0
2024-06-01 00:00:00,99.3525,38.9655,99.1635,46.11175,Red,0.1975916014271978,0,0.0,1.2575,0,1
2024-06-01 01:00:00,99.71625,36.598,99.54325,48.047,Green,1.4712919436248555,0,0.0,0.9392,0,0
2024-06-01 02:00:00,100.0,38.47925,99.5205,50.9685,Green,1.5335532112223358,0,0.1899,0.3371,0,0
2024-06-01 03:00:00,99.49475000000001,47.30925,99.65899999999999,55.0805,Amber,-0.282786778134109,0,0.0,0.2403,0,0
2024-06-01 04:00:00,99.958,59.336,99.505,59.88125,Amber,1.0643909469080588,0,0.1479,0.0,0,0
2024-06-01 05:00:00,99.86975,69.89574999999999,99.646,58.271,Amber,0.5268464682145425,0,0.2075,0.0,0,0
2024-06-01 06:00:00,99.92224999999999,83.65899999999999,99.47399999999999,55.778,Amber,0.5019905551195626,0,0.3197,0.0,0,0
2024-06-01 07:00:00,99.86375,91.38425,99.63125,56.5195,Amber,0.0676566403984006,0,0.3733,0.0,0,0
2024-06-01 08:00:00,99.6865,101.66,99.47975,60.15725,Amber,-0.6401228926537522,0,0.2497,0.0,0,0
2024-06-01 09:00:00,99.5865,116.57499999999999,99.62875,55.31925,Amber,-1.5652666411701235,0,0.0261,0.0,0,0
2024-06-01 10:00:00,99.771,108.75874999999999,99.64150000000001,52.14325,Green,-0.09627299370601622,0,0.0,0.0,0,0
2024-06-01 11:00:00,99.612,118.707,99.49725000000001,46.739,Amber,-0.9445574935364712,0,0.0,0.0,0,0
2024-06-01 12:00:00,99.46075,121.22200000000001,99.63275,44.78175,Green,-1.4198270283338543,0,0.0,0.0,0,0
2024-06-01 13:00:00,99.69425,123.306,99.61675,39.88825,Amber,0.5490344230611776,0,0.0,0.0,0,0
2024-06-01 14:00:00,99.61075,108.583,99.4485,40.936,Green,-0.11252360021964021,0,0.0,0.0,0,0
2024-06-01 15:00:00,98.724,102.27425,99.37525,35.65875,Red,-1.9659746931590314,0,0.0,0.6739,0,1
2024-06-01 16:00:00,99.419,97.12174999999999,99.47,33.982,Amber,-0.0031579698416222303,0,0.0,0.6529,0,0
2024-06-01 17:00:00,99.485,84.6455,99.0865,29.33025,Amber,0.24853737746104926,0,0.0,0.5658,0,0
2024-06-01 18:00:00,99.76725,77.60475,99.633,31.338250000000002,Green,0.8385956955336867,0,0.0,0.1965,0,0
2024-06-01 19:00:00,99.2205,69.19175,99.64675,31.329,Amber,-0.41103932888137545,0,0.0,0.3739,0,0
2024-06-01 20:00:00,99.49600000000001,58.8205,99.0935,32.061,Amber,0.406753651604488,0,0.0,0.2758,0,0
2024-06-01 21:00:00,99.34899999999999,54.49625,99.50075000000001,31.18725,Amber,-0.5851192053821331,0,0.0,0.3248,0,0
2024-06-01 22:00:00,99.765,47.304249999999996,98.964,33.3945,Amber,1.1426387669322138,0,0.0,0.0,0,0
2024-06-01 23:00:00,99.49849999999999,42.69625,99.41775,38.67075,Amber,-0.07989296289962758,0,0.0,0.0,0,0
2024-06-02 00:00:00,99.78975,37.23725,99.68075,46.420500000000004,Green,1.2006586565949964,0,0.0,0.0,0,0
2024-06-02 01:00:00,99.5205,49.21575,99.34825,53.3215,Amber,-0.2863140939833375,0,0.0,0.0,0,0
2024-06-02 02:00:00,99.661,42.407000000000004,99.44075000000001,55.333,Amber,0.37214923239452874,0,0.0,0.0,0,0
2024-06-02 03:00:00,99.92475,52.8775,99.34375,54.781,Amber,1.3992436356360602,0,0.1146,0.0,0,0
2024-06-02 04:00:00,99.80025,59.837500000000006,99.392,59.142250000000004,Amber,0.5980553988898192,0,0.1048,0.0,0,0
2024-06-02 05:00:00,99.76525000000001,67.1225,99.2745,59.034,Amber,0.15700526610597426,0,0.0599,0.0,0,0
2024-06-02 06:00:00,99.56825,83.086,99.53425,60.4025,Amber,-0.9101127982668992,0,0.0,0.0,0,0
2024-06-02 07:00:00,99.89375,93.1915,99.65375,56.89525,Amber,0.9167339342893573,0,0.0836,0.0,0,0
2024-06-02 08:00:00,99.75625,101.01325,99.452,55.208,Amber,-0.2256142265436191,0,0.0298,0.0,0,0
2024-06-02 09:00:00,99.9355,103.904,99.6215,57.12175,Amber,1.1568916122441153,0,0.1552,0.0,0,0
2024-06-02 10:00:00,99.575,119.4165,99.59174999999999,50.36425,Green,-1.1278838839037115,0,0.0,0.0,0,0
2024-06-02 11:00:00,99.6045,117.62774999999999,99.46025,49.235,Green,-0.7155358013526252,0,0.0,0.0,0,0
2024-06-02 12:00:00,99.36725000000001,114.826,99.4735,41.97625,Amber,-1.495992839775547,0,0.0,0.0307,0,0
2024-06-02 13:00:00,99.901,116.3985,99.52425,39.90225,Green,0.975976859267761,0,0.0909,0.0,0,0
2024-06-02 14:00:00,99.38250000000001,106.15350000000001,99.72525,40.1815,Green,-0.9995423641713078,0,0.0,0.0154,0,0
2024-06-02 15:00:00,99.468,104.814,99.36625000000001,33.788000000000004,Amber,-0.4137742690945578,0,0.0,0.0,0,0
2024-06-02 16:00:00,99.44875,88.59700000000001,99.50225,34.997,Green,-0.3977283009724036,0,0.0,0.0,0,0
2024-06-02 17:00:00,99.304,89.16624999999999,99.36675,28.94525,Amber,-0.8112798414418341,0,0.0,0.0939,0,0
2024-06-02 18:00:00,99.03875,85.8135,99.38675,28.907,Amber,-1.3707293097883912,0,0.0,0.4531,0,0
2024-06-02 19:00:00,99.7855,67.42625,99.67824999999999,32.58225,Green,1.5668589749920456,0,0.0,0.0655,0,0
2024-06-02 20:00:00,99.12,65.44725,99.53,33.302,Amber,-0.8919456567275271,0,0.0,0.3435,0,0
2024-06-02 21:00:00,99.58175,55.296,99.75475,37.0545,Amber,0.7143098800838501,0,0.0,0.1596,0,0
2024-06-02 22:00:00,99.48325,51.3305,99.44024999999999,36.93475,Amber,0.34312693234817765,0,0.0,0.0743,0,0
2024-06-02 23:00:00,99.7385,49.150999999999996,99.46549999999999,45.87475,Amber,0.8944226076397852,0,0.0,0.0,0,0
2024-06-03 00:00:00,99.84175,42.32425,99.34525,45.2315,Amber,0.9367650980622751,0,0.0316,0.0,0,0
2024-06-03 01:00:00,99.77775,45.96,99.68325,49.7915,Green,0.704682225568506,0,0.0,0.0,0,0
2024-06-03 02:00:00,99.739,46.866,99.64824999999999,54.3275,Amber,0.3381496521507023,0,0.0,0.0,0,0
2024-06-03 03:00:00,99.69125,55.20425,99.42975,55.0315,Amber,-0.16835420954995903,0,0.0,0.0,0,0
2024-06-03 04:00:00,99.7005,69.40275,99.75675,55.89125,Green,-0.860321655193386,0,0.0,0.0,0,0
2024-06-03 05:00:00,99.83725,67.12174999999999,99.414,61.902,Amber,1.106935077753144,0,0.0271,0.0,0,0
2024-06-03 06:00:00,99.768,78.78275,99.6195,57.417500000000004,Amber,0.28972567692322093,0,0.0,0.0,0,0
2024-06-03 07:00:00,99.78875,82.6755,99.70175,57.55425,Amber,0.6247344350578234,0,0.0,0.0,0,0
2024-06-03 08:00:00,99.649,99.99275,99.54775,53.808,Amber,-1.278880917479326,0,0.0,0.0,0,0
2024-06-03 09:00:00,99.79175000000001,108.83175,99.37725,54.57825,Amber,0.5219005812867585,0,0.0,0.0,0,0
2024-06-03 10:00:00,100.0,114.1255,99.28475,54.29025,Amber,1.700627855516498,0,0.1899,0.0,0,0
2024-06-03 11:00:00,99.68125,121.3335,99.367,47.400999999999996,Amber,-0.8010144355529328,0,0.061,0.0,0,0
2024-06-03 12:00:00,99.60525,128.935,99.5215,46.382999999999996,Green,-1.034243977923147,0,0.0,0.0,0,0
2024-06-03 13:00:00,99.71325,110.87475,99.32525,42.55875,Amber,-0.18890744679620375,0,0.0,0.0,0,0
2024-06-03 14:00:00,99.73,112.831,99.40925,36.56225,Green,-0.1742418994538316,0,0.0,0.0,0,0
2024-06-03 15:00:00,99.49925,111.3145,99.56825,31.162,Green,-1.22612332004084,0,0.0,0.0,0,0
2024-06-03 16:00:00,99.13374999999999,101.9225,99.64825,32.277,Red,-1.8913028537306809,0,0.0,0.2642,0,1
2024-06-03 17:00:00,99.4945,94.6595,99.39875,32.039,Amber,-0.15950413442152514,0,0.0,0.1676,0,0
2024-06-03 18:00:00,99.25925,77.47925000000001,99.6055,30.38075,Amber,-0.8886414375233134,0,0.0,0.3063,0,0
2024-06-03 19:00:00,99.23175,74.15975,99.459,29.4365,Amber,-0.7194725762625243,0,0.0,0.4725,0,0
2024-06-03 20:00:00,99.81524999999999,65.0375,99.68549999999999,34.7185,Green,1.645010693085307,0,0.0051,0.0551,0,0
2024-06-03 21:00:00,99.83275,54.9285,99.394,31.352000000000004,Amber,1.2181178958511516,0,0.0278,0.0,0,0
2024-06-03 22:00:00,99.72775,48.965,99.532,39.854749999999996,Amber,0.6157507900969028,0,0.0,0.0,0,0
2024-06-03 23:00:00,99.68424999999999,44.73075,99.58324999999999,45.9995,Amber,0.3373492385152484,0,0.0,0.0,0,0
2024-06-04 00:00:00,99.9295,42.03875,99.8275,45.6245,Green,0.9167193568673715,0,0.1194,0.0,0,0
2024-06-04 01:00:00,99.75375,36.76225,99.51075,52.73375,Amber,-0.42039624611061044,0,0.063,0.0,0,0
2024-06-04 02:00:00,99.53475,38.66675,99.4385,52.326750000000004,Amber,-1.5580932022577074,0,0.0,0.0,0,0
2024-06-04 03:00:00,99.6695,46.99025,99.6975,56.667,Green,-0.3650743581706162,0,0.0,0.0,0,0
2024-06-04 04:00:00,99.77525,61.32275,99.4915,63.107749999999996,Amber,0.3867262730510942,0,0.0,0.0,0,0
2024-06-04 05:00:00,99.835,70.182,99.50525,58.6815,Amber,0.6263068466321228,0,0.0249,0.0,0,0
2024-06-04 06:00:00,99.81700000000001,80.8505,99.27675,58.54375,Amber,0.767360814138932,0,0.0318,0.0,0,0
2024-06-04 07:00:00,99.59775,85.90475,99.45425,61.929500000000004,Amber,-0.8681742285607404,0,0.0,0.0,0,0
2024-06-04 08:00:00,99.79525,101.749,99.55625,57.41825,Amber,0.5003391350302808,0,0.0,0.0,0,0
2024-06-04 09:00:00,99.80325,103.44725,99.5885,53.1305,Amber,0.37534150545706024,0,0.0,0.0,0,0
2024-06-04 10:00:00,99.574,112.07925,99.26075,47.81375,Amber,-1.3804634873008939,0,0.0,0.0,0,0
2024-06-04 11:00:00,99.844,113.1375,99.45875,45.41025,Green,0.8814158612391922,0,0.0339,0.0,0,0
2024-06-04 12:00:00,99.39225,122.32775,99.46675,41.78275,Amber,-1.5633743382204928,0,0.0,0.0057,0,0
2024-06-04 13:00:00,99.72275,119.60025,99.47425,41.52525,Amber,0.1967434565574658,0,0.0,0.0,0,0
2024-06-04 14:00:00,99.44825,108.217,99.4795,38.77775,Amber,-0.9696892699969224,0,0.0,0.0,0,0
2024-06-04 15:00:00,99.19475,106.83500000000001,99.637,40.51625,Amber,-1.4247715758119013,0,0.0,0.2032,0,0
2024-06-04 16:00:00,99.5335,106.79425,99.52850000000001,28.956,Amber,0.04667787639627602,0,0.0,0.0676,0,0
2024-06-04 17:00:00,99.62825000000001,93.71625,99.45775,33.314750000000004,Green,0.7601070944876921,0,0.0,0.0,0,0
2024-06-04 18:00:00,99.4925,86.78675,99.493,29.001749999999998,Green,-0.05999419264322764,0,0.0,0.0,0,0
2024-06-04 19:00:00,99.30575,68.22,99.57724999999999,29.741500000000002,Amber,-0.8102415953136427,0,0.0,0.0922,0,0
2024-06-04 20:00:00,99.55075,59.26075,99.45375,32.62675,Amber,0.6038700368722314,0,0.0,0.0,0,0
2024-06-04 21:00:00,99.61625000000001,55.33425,99.34700000000001,35.772,Amber,0.8108079686310294,0,0.0,0.0,0,0
2024-06-04 22:00:00,99.718,47.396,99.6595,42.702749999999995,Amber,1.1646501318072968,0,0.0,0.0,0,0
2024-06-04 23:00:00,99.75225,40.43475,99.593,40.51025,Green,1.0998594816296992,0,0.0,0.0,0,0
2024-06-05 00:00:00,99.57724999999999,38.042,99.56225,45.8305,Amber,-0.05962111145863079,0,0.0,0.0,0,0
2024-06-05 01:00:00,99.47925000000001,38.59,99.42675,48.68125,Amber,-1.31928752681912,0,0.0,0.0,0,0
2024-06-05 02:00:00,99.72375,45.2845,99.4885,54.79025,Amber,0.7497644437075547,0,0.0,0.0,0,0
2024-06-05 03:00:00,99.94175,52.06125,99.52575,51.24325,Amber,1.5319348772756383,0,0.1316,0.0,0,0
2024-06-05 04:00:00,99.8385,62.26375,99.48275,54.5755,Green,0.7088452314690631,0,0.16,0.0,0,0
2024-06-05 05:00:00,99.86925,60.28975,99.5705,62.414249999999996,Amber,0.727915807177763,0,0.2192,0.0,0,0
2024-06-05 06:00:00,99.97775,79.4455,99.53525,58.63875,Green,0.9464129003677395,0,0.3868,0.0,0,0
2024-06-05 07:00:00,99.72875,95.89375,99.457,58.64125,Amber,-1.1156761065592717,0,0.3055,0.0,0,0
2024-06-05 08:00:00,99.702,97.30199999999999,99.5265,52.438,Amber,-1.2708117662973037,0,0.1973,0.0,0,0
2024-06-05 09:00:00,100.0,113.04125,99.497,53.879999999999995,Amber,1.1956024973520412,0,0.3872,0.0,0,0
2024-06-05 10:00:00,99.5625,117.87575,99.4735,49.974500000000006,Amber,-1.4232480435058747,0,0.1396,0.0,0,0
2024-06-05 11:00:00,99.74375,110.99475,99.25775,47.5635,Amber,-0.24718874126108972,0,0.0733,0.0,0,0
2024-06-05 12:00:00,99.6785,120.7545,99.4995,45.30075,Amber,-0.3974007581263371,0,0.0,0.0,0,0
2024-06-05 13:00:00,99.30850000000001,113.40425,99.26650000000001,40.69225,Amber,-1.5745630778907098,0,0.0,0.0894,0,0
2024-06-05 14:00:00,99.712,119.86749999999999,99.444,36.03325,Amber,0.19557384364564895,0,0.0,0.0,0,0
2024-06-05 15:00:00,99.16775,108.1055,99.7715,35.2675,Red,-1.519894267904146,0,0.0,0.2302,0,1
2024-06-05 16:00:00,98.89525,101.6985,99.45675,30.676499999999997,Red,-1.4976542239593924,0,0.0,0.7329,0,1
2024-06-05 17:00:00,99.391,90.87425,99.4215,31.360500000000002,Amber,0.10361217729301457,0,0.0,0.7398,0,0
2024-06-05 18:00:00,99.6825,82.36475,99.6655,27.25375,Amber,1.0376526342273773,0,0.0,0.4552,0,0
2024-06-05 19:00:00,99.09175,69.5885,99.44725,33.65825,Amber,-0.701100177560429,0,0.0,0.7614,0,0
2024-06-05 20:00:00,99.16225,59.2065,99.53275,30.708750000000002,Amber,-0.25538541239027596,0,0.0,0.9971,0,0
2024-06-05 21:00:00,99.6525,61.5145,99.79050000000001,37.861000000000004,Green,1.0706985743444222,0,0.0,0.7425,0,0
2024-06-05 22:00:00,99.86375,40.172250000000005,99.07275,41.173249999999996,Amber,1.2614264202393117,0,0.0536,0.2767,0,0
2024-06-05 23:00:00,99.41125,40.37025,99.72200000000001,41.8695,Amber,-0.21453510724594466,0,0.0,0.2634,0,0
2024-06-06 00:00:00,99.81675,40.3615,99.51725,45.138000000000005,Amber,0.9607146043527836,0,0.0066,0.0,0,0
2024-06-06 01:00:00,99.37700000000001,46.1265,99.44125,45.11625,Red,-0.6178982174562214,0,0.0,0.0209,0,1
2024-06-06 02:00:00,99.8595,39.54975,99.56425,52.5145,Green,0.8805461310835748,0,0.0494,0.0,0,0
2024-06-06 03:00:00,99.365,47.286,99.273,50.944,Amber,-0.9857182804380932,0,0.0,0.0329,0,0
2024-06-06 04:00:00,99.4605,61.42675,99.42075,54.716499999999996,Amber,-0.386406437031225,0,0.0,0.0,0,0
2024-06-06 05:00:00,100.0,62.31725,99.68025,57.924749999999996,Amber,1.2727790966924466,0,0.1899,0.0,0,0
2024-06-06 06:00:00,99.82575,78.08225,99.24725,60.531499999999994,Amber,0.637481544172215,0,0.2055,0.0,0,0
2024-06-06 07:00:00,99.62125,89.689,99.54724999999999,61.451,Amber,-0.2723958049804495,0,0.0167,0.0,0,0
2024-06-06 08:00:00,99.90725,101.60025,99.574,55.622,Amber,0.8267956767847435,0,0.1138,0.0,0,0
2024-06-06 09:00:00,99.924,113.35225,99.66175,55.036,Green,0.6485262424566741,0,0.2277,0.0,0,0
2024-06-06 10:00:00,99.521,116.45825,99.5035,48.629,Amber,-1.480806944559854,0,0.0,0.0,0,0
2024-06-06 11:00:00,99.63175,124.01,99.56925,50.902499999999996,Amber,-0.6313390888298982,0,0.0,0.0,0,0
2024-06-06 12:00:00,99.71325,115.48825,99.1315,42.3315,Amber,-0.0397251755365042,0,0.0,0.0,0,0
2024-06-06 13:00:00,99.647,116.2915,99.49674999999999,45.35575,Amber,-0.47900186413229007,0,0.0,0.0,0,0
2024-06-06 14:00:00,99.09625,112.4625,99.3575,36.516999999999996,Amber,-1.7862780727189222,0,0.0,0.3017,0,0
2024-06-06 15:00:00,99.5715,108.4935,99.81450000000001,34.7345,Amber,0.18594243064328828,0,0.0,0.1281,0,0
2024-06-06 16:00:00,99.64125,102.00675,99.437,33.27675,Amber,0.40142320564207085,0,0.0,0.0,0,0
2024-06-06 17:00:00,99.17425,89.53225,99.681,25.9495,Red,-1.1211705321699634,0,0.0,0.2237,0,1
2024-06-06 18:00:00,99.07525,82.93475000000001,99.74775,27.48525,Amber,-1.0453718581648836,0,0.0,0.5464,0,0
2024-06-06 19:00:00,99.5775,71.42775,99.5835,28.372500000000002,Amber,0.8298805174357226,0,0.0,0.3668,0,0
2024-06-06 20:00:00,99.2535,61.00025,99.503,36.385000000000005,Amber,-0.5297862240950172,0,0.0,0.5112,0,0
2024-06-06 21:00:00,99.49575,50.5075,99.30025,29.4105,Amber,0.5417196570282828,0,0.0,0.4134,0,0
2024-06-06 22:00:00,99.0525,43.83425,99.78425,37.2125,Amber,-0.9990274666243144,0,0.0,0.7588,0,0
2024-06-06 23:00:00,99.422,40.67375,99.33725,40.288250000000005,Amber,0.49540089710328367,0,0.0,0.7348,0,0
2024-06-07 00:00:00,99.6105,44.403999999999996,99.545,47.287,Amber,0.9773060588913083,0,0.0,0.5222,0,0
2024-06-07 01:00:00,99.762,44.961749999999995,99.33225,48.50975,Amber,1.300003788944284,0,0.0,0.1581,0,0
2024-06-07 02:00:00,99.89875,48.45225,99.4735,58.16825,Green,1.2133473129156616,0,0.0886,0.0,0,0
2024-06-07 03:00:00,99.4665,52.69375,99.265,53.5725,Amber,-0.2322277235454241,0,0.0,0.0,0,0
2024-06-07 04:00:00,99.91475,58.144,99.4285,60.826750000000004,Amber,1.1068808861470856,0,0.1046,0.0,0,0
2024-06-07 05:00:00,99.5925,64.7735,99.43075,58.67325,Red,-0.6365076318917748,0,0.0,0.0,0,1
2024-06-07 06:00:00,99.9175,79.44525,99.2415,58.5435,Amber,0.832062157343535,0,0.1074,0.0,0,0
2024-06-07 07:00:00,99.9855,92.25399999999999,99.5235,56.65075,Amber,0.893081241641741,0,0.2828,0.0,0,0
2024-06-07 08:00:00,99.82325,97.62425,99.4265,57.3055,Amber,0.19270309733074148,0,0.2959,0.0,0,0
2024-06-07 09:00:00,100.0,105.14025000000001,99.64925,55.374500000000005,Green,0.8473075984240239,0,0.4858,0.0,0,0
2024-06-07 10:00:00,99.839,116.2115,99.58425,47.855000000000004,Green,-0.1378044346977582,0,0.5147,0.0,0,0
2024-06-07 11:00:00,99.98025,120.14175,99.657,46.12525,Green,0.7212787715737455,0,0.6848,0.0,0,0
2024-06-07 12:00:00,99.6155,122.236,99.60125,44.0755,Amber,-1.7405044002240673,0,0.4902,0.0,0,0
2024-06-07 13:00:00,99.49075,115.79425,99.43725,42.081500000000005,Amber,-1.4894960425188564,0,0.1709,0.0,0,0
2024-06-07 14:00:00,99.619,111.993,99.41375,37.7395,Amber,-0.6516805872836888,0,0.0,0.0,0,0
2024-06-07 15:00:00,99.38225,104.2965,99.5055,33.99525,Amber,-1.2325609031856168,0,0.0,0.0157,0,0
2024-06-07 16:00:00,99.483,102.72749999999999,99.325,33.23125,Amber,-0.5368725635740633,0,0.0,0.0,0,0
2024-06-07 17:00:00,99.65325,82.14750000000001,99.47525,30.782249999999998,Amber,1.0706871995408527,0,0.0,0.0,0,0
2024-06-07 18:00:00,99.72975,81.3795,99.615,31.6,Amber,1.3176396029185526,0,0.0,0.0,0,0
2024-06-07 19:00:00,99.22975,75.73625,99.4875,30.323999999999998,Red,-1.5263778812410014,0,0.0,0.1682,0,1
2024-06-07 20:00:00,99.431,66.07900000000001,99.602,32.159000000000006,Amber,-0.29470357248088147,0,0.0,0.1351,0,0
2024-06-07 21:00:00,99.49775,52.3525,99.48724999999999,36.95325,Amber,-0.036057006074377854,0,0.0,0.0353,0,0
2024-06-07 22:00:00,99.4625,41.7255,99.3885,39.3265,Amber,-0.21644046644146844,0,0.0,0.0,0,0
2024-06-07 23:00:00,99.61925,44.433499999999995,99.45400000000001,39.6085,Amber,0.7269612569383153,0,0.0,0.0,0,0
2024-06-08 00:00:00,99.95025,39.00275,99.43675,46.15575,Amber,1.7374132136716403,0,0.1401,0.0,0,0
2024-06-08 01:00:00,99.72775,39.29325,99.7105,53.2645,Green,0.5707614578175231,0,0.0578,0.0,0,0
2024-06-08 02:00:00,99.583,38.10525,99.607,51.4675,Green,-0.31972963999621606,0,0.0,0.0,0,0
2024-06-08 03:00:00,99.52199999999999,52.120000000000005,99.622,57.8035,Amber,-0.6982269048985661,0,0.0,0.0,0,0
2024-06-08 04:00:00,99.8725,58.8865,99.54525000000001,56.85575,Amber,0.9426824944294747,0,0.0624,0.0,0,0
2024-06-08 05:00:00,99.655,77.55675,99.54675,57.68425,Amber,-0.3810140833672182,0,0.0,0.0,0,0
2024-06-08 06:00:00,99.908,79.819,99.54175000000001,58.961,Amber,1.267035785942936,0,0.0979,0.0,0,0
2024-06-08 07:00:00,99.56725,86.2145,99.46275,56.29725,Amber,-0.7100673062350322,0,0.0,0.0,0,0
2024-06-08 08:00:00,99.60775,98.8185,99.5305,54.58225,Green,-0.49832706607433813,0,0.0,0.0,0,0
2024-06-08 09:00:00,99.606,110.33275,99.67675,55.73825,Green,-0.6523817388276247,0,0.0,0.0,0,0
2024-06-08 10:00:00,99.79875,114.64175,99.49025,46.557249999999996,Amber,0.8095775486594818,0,0.0,0.0,0,0
2024-06-08 11:00:00,99.27875,119.03575,99.5445,47.5185,Green,-1.612855431452489,0,0.0,0.1192,0,0
2024-06-08 12:00:00,99.288,120.631,99.6435,40.4885,Amber,-1.1620965278000335,0,0.0,0.2291,0,0
2024-06-08 13:00:00,99.59675,119.55625,99.44,41.40625,Amber,0.32881007202187645,0,0.0,0.0303,0,0
2024-06-08 14:00:00,99.826,113.07849999999999,99.49875,35.16525,Amber,1.0919400507525585,0,0.0159,0.0,0,0
2024-06-08 15:00:00,99.10375,112.35825,99.37325,29.359,Amber,-1.2554689039005913,0,0.0,0.2942,0,0
2024-06-08 16:00:00,99.35275,91.87625,99.4925,30.372749999999996,Amber,-0.21150721390086286,0,0.0,0.3394,0,0
2024-06-08 17:00:00,98.97149999999999,94.22825,99.566,32.28125,Red,-1.2235221322754164,0,0.0,0.7658,0,1
2024-06-08 18:00:00,99.18549999999999,77.67875,99.35300000000001,31.22575,Amber,-0.4781802100379467,0,0.0,0.9782,0,0
2024-06-08 19:00:00,99.71674999999999,64.74225,99.56325,28.00475,Amber,1.0390183407802573,0,0.0,0.6594,0,0
2024-06-08 20:00:00,99.577,60.963,99.44125,34.76975,Amber,0.9040094207835012,0,0.0,0.4803,0,0
2024-06-08 21:00:00,98.94800000000001,52.66825,99.5855,37.7445,Amber,-1.0900408979484522,0,0.0,0.9303,0,0
2024-06-08 22:00:00,99.52375,48.61,99.46225,34.1265,Amber,0.6170694063632299,0,0.0,0.8044,0,0
2024-06-08 23:00:00,99.29124999999999,43.9905,99.537,43.574,Amber,-0.2897408708385748,0,0.0,0.9111,0,0
2024-06-09 00:00:00,99.5255,41.18975,99.56700000000001,44.66575,Amber,0.34812871371225024,0,0.0,0.7835,0,0
2024-06-09 01:00:00,99.4855,41.514,99.4885,48.155,Amber,0.39202812826944167,0,0.0,0.696,0,0
2024-06-09 02:00:00,99.54975,40.65025,99.17125,53.429,Amber,0.6915171937553622,0,0.0,0.5441,0,0
2024-06-09 03:00:00,99.77000000000001,50.696,99.41325,57.82225,Amber,1.607374669229698,0,0.0,0.1721,0,0
2024-06-09 04:00:00,99.85475,70.8215,99.372,56.25725,Amber,1.3504494781242404,0,0.0446,0.0,0,0
2024-06-09 05:00:00,99.63475,66.41975,99.473,62.37225,Amber,-0.013318255378303301,0,0.0,0.0,0,0
2024-06-09 06:00:00,99.80575,82.8955,99.51925,59.70975,Amber,0.8202223238236489,0,0.0,0.0,0,0
2024-06-09 07:00:00,99.91499999999999,87.027,99.532,62.00175,Amber,1.1611393475402958,0,0.1049,0.0,0,0
2024-06-09 08:00:00,99.8305,100.90625,99.70949999999999,52.78975,Green,0.3013620461529557,0,0.1253,0.0,0,0
2024-06-09 09:00:00,99.69225,111.21325,99.292,55.94625,Amber,-0.9179254596283958,0,0.0074,0.0,0,0
2024-06-09 10:00:00,99.765,117.84725,99.622,46.55975,Amber,-0.08854141740721505,0,0.0,0.0,0,0
2024-06-09 11:00:00,99.836,114.44425,99.31625,47.177,Amber,0.3820335823825962,0,0.0259,0.0,0,0
2024-06-09 12:00:00,99.82075,121.68,99.7835,45.0445,Green,0.14443971758559535,0,0.0365,0.0,0,0
2024-06-09 13:00:00,99.57225,111.6315,99.184,38.67425,Amber,-1.7374208609497106,0,0.0,0.0,0,0
2024-06-09 14:00:00,99.29724999999999,117.53875,99.498,37.0345,Amber,-1.797397590053695,0,0.0,0.1007,0,0
2024-06-09 15:00:00,99.5515,114.249,99.609,31.591,Amber,-0.4273977093754346,0,0.0,0.0,0,0
2024-06-09 16:00:00,99.40225000000001,101.13499999999999,99.61025000000001,33.333749999999995,Amber,-0.8183141022648495,0,0.0,0.0,0,0
2024-06-09 17:00:00,99.5255,90.293,99.71125,30.268749999999997,Amber,-0.015505456090923646,0,0.0,0.0,0,0
2024-06-09 18:00:00,99.08825,74.72125,99.6575,27.62775,Amber,-1.6950067233388921,0,0.0,0.3097,0,0
2024-06-09 19:00:00,99.7105,71.36875,99.4705,30.10575,Amber,1.289990308198645,0,0.0,0.0,0,0
2024-06-09 20:00:00,99.625,58.8065,99.39,30.723,Amber,0.643313303116454,0,0.0,0.0,0,0
2024-06-09 21:00:00,99.20349999999999,53.728,99.59375,34.61025,Amber,-0.9159736694159878,0,0.0,0.1944,0,0
2024-06-09 22:00:00,99.95375,45.1015,99.425,42.926249999999996,Amber,1.3493414927487934,0,0.1436,0.0,0,0
2024-06-09 23:00:00,99.8745,40.94125,99.4825,40.02525,Amber,0.8418685294667885,0,0.208,0.0,0,0
2024-06-10 00:00:00,99.674,35.5275,99.2575,44.804,Amber,0.0017484914741426052,0,0.0719,0.0,0,0
2024-06-10 01:00:00,99.751,46.52225,99.16199999999999,51.29275,Amber,0.2680488720732207,0,0.0128,0.0,0,0
2024-06-10 02:00:00,99.87825,41.95975,99.499,55.57225,Amber,0.5699631113618936,0,0.081,0.0,0,0
2024-06-10 03:00:00,99.63825,49.93225,99.52425,52.0375,Amber,-1.2419975081113312,0,0.0,0.0,0,0
2024-06-10 04:00:00,99.85725,59.94775,99.60075,58.42825,Green,0.7359018393965299,0,0.0471,0.0,0,0
2024-06-10 05:00:00,99.78875,66.95,99.50524999999999,54.67275,Amber,0.25075520321266453,0,0.0258,0.0,0,0
2024-06-10 06:00:00,99.689,70.579,99.29425,60.1805,Amber,-0.8332121737313796,0,0.0,0.0,0,0
2024-06-10 07:00:00,99.7625,89.47175,99.511,56.18575,Amber,-0.06956627133004904,0,0.0,0.0,0,0
2024-06-10 08:00:00,99.84725,98.56975,99.55125,55.95125,Amber,0.9609240432927992,0,0.0371,0.0,0,0
2024-06-10 09:00:00,99.533,107.75625,99.42224999999999,49.92825,Amber,-1.761052621745666,0,0.0,0.0,0,0
2024-06-10 10:00:00,99.92975,121.06525,99.64625,56.61625,Amber,1.2511150175918986,0,0.1196,0.0,0,0
2024-06-10 11:00:00,99.9335,125.618,99.4165,50.82875,Green,0.9744221618639134,0,0.243,0.0,0,0
2024-06-10 12:00:00,99.5315,112.94075000000001,99.507,46.179500000000004,Amber,-1.2181866398759782,0,0.0,0.0,0,0
2024-06-10 13:00:00,99.95400000000001,120.5925,99.59025,41.44375,Green,0.8227192307864938,0,0.1439,0.0,0,0
2024-06-10 14:00:00,99.483,112.2975,99.759,35.0225,Amber,-1.0506786981810285,0,0.0,0.0,0,0
2024-06-10 15:00:00,99.60575,101.73125,99.59275,34.5965,Amber,-0.6024049125298376,0,0.0,0.0,0,0
2024-06-10 16:00:00,98.88875,93.26575,99.50875,34.99325,Red,-1.7443063728471009,0,0.0,0.5092,0,1
2024-06-10 17:00:00,99.41525,87.81475,99.30075,26.07375,Amber,-0.18655478236390224,0,0.0,0.4919,0,0
2024-06-10 18:00:00,99.65525,82.56049999999999,99.65725,28.8335,Green,0.4390497917150224,0,0.0,0.2345,0,0
2024-06-10 19:00:00,99.4095,66.696,99.5335,29.53275,Green,-0.00030407834542658013,0,0.0,0.223,0,0
2024-06-10 20:00:00,99.443,59.5785,99.388,34.09225,Amber,0.14715392028395086,0,0.0,0.1779,0,0
2024-06-10 21:00:00,99.04025,51.43625,99.24025,36.8665,Amber,-0.9395652682091505,0,0.0,0.5356,0,0
2024-06-10 22:00:00,99.41625,37.747,99.7125,42.76375,Amber,0.09909470982341433,0,0.0,0.5173,0,0
2024-06-10 23:00:00,99.33225,40.38175,99.50999999999999,39.7285,Amber,-0.25276513487351165,0,0.0,0.5829,0,0
2024-06-11 00:00:00,99.269,42.11225,99.51375,46.1805,Amber,-0.3278598587907433,0,0.0,0.7119,0,0
2024-06-11 01:00:00,99.4795,38.7145,99.52625,51.83625,Green,0.926048796497793,0,0.0,0.6303,0,0
2024-06-11 02:00:00,99.18900000000001,42.289249999999996,99.69775,54.458,Amber,-0.6202799801789558,0,0.0,0.8392,0,0
2024-06-11 03:00:00,99.87825000000001,50.44675,99.66525,55.3215,Amber,1.8497037231454134,0,0.0681,0.3589,0,0
2024-06-11 04:00:00,99.31075,63.694,99.54025,57.74575,Amber,-0.3985938711233445,0,0.0,0.4461,0,0
2024-06-11 05:00:00,100.0,63.36275,99.41775000000001,62.7915,Amber,1.4101359702872127,0,0.1899,0.0,0,0
2024-06-11 06:00:00,99.9225,79.03725,99.6905,62.421,Amber,0.8421766369353133,0,0.3023,0.0,0,0
2024-06-11 07:00:00,99.799,97.31775,99.57025,59.381,Amber,0.33638207740518744,0,0.2912,0.0,0,0
2024-06-11 08:00:00,99.768,97.3295,99.69200000000001,57.90925,Green,-0.04804454110264466,0,0.2491,0.0,0,0
2024-06-11 09:00:00,99.43575,106.73225,99.51599999999999,54.39975,Amber,-0.9867359826674482,0,0.0,0.0,0,0
2024-06-11 10:00:00,99.8555,115.2655,99.39825,52.31275,Green,0.2998072870815133,0,0.0454,0.0,0,0
2024-06-11 11:00:00,99.37425,119.12775,99.19425,50.33925,Red,-1.3857531553766504,0,0.0,0.0237,0,1
2024-06-11 12:00:00,99.777,118.3145,99.4625,40.646,Amber,0.5251392892849525,0,0.0,0.0,0,0
2024-06-11 13:00:00,99.62425,114.09075,99.50575,40.96125,Amber,-0.07548177728334594,0,0.0,0.0,0,0
2024-06-11 14:00:00,99.31125,120.75825,99.49975,39.099,Amber,-1.1251830199264987,0,0.0,0.0867,0,0
2024-06-11 15:00:00,99.6345,105.06175,99.3965,37.97625,Amber,0.1779073491436978,0,0.0,0.0,0,0
2024-06-11 16:00:00,99.59,107.721,99.70425,30.26525,Amber,0.21748402153168273,0,0.0,0.0,0,0
2024-06-11 17:00:00,99.40125,90.1165,99.40174999999999,33.5155,Amber,-0.9119743910840681,0,0.0,0.0,0,0
2024-06-11 18:00:00,99.56275,84.46475,99.36449999999999,34.009,Amber,0.31652996301501973,0,0.0,0.0,0,0
2024-06-11 19:00:00,99.3095,75.53,99.39475,35.75975,Red,-1.0913941695185803,0,0.0,0.0884,0,1
2024-06-11 20:00:00,99.23075,55.22175,99.47625,29.638749999999998,Amber,-1.3564466634043186,0,0.0,0.2556,0,0
2024-06-11 21:00:00,99.33775,54.54575,99.3965,32.998000000000005,Amber,-0.47058001032750635,0,0.0,0.3158,0,0
2024-06-11 22:00:00,99.69024999999999,51.36775,99.497,33.4735,Amber,1.5561450575331048,0,0.0,0.0235,0,0
2024-06-11 23:00:00,99.54175,44.79,99.77924999999999,47.677,Amber,0.5397429815975406,0,0.0,0.0,0,0
2024-06-12 00:00:00,99.482,43.33425,99.3965,48.435500000000005,Green,0.2929753268153532,0,0.0,0.0,0,0
2024-06-12 01:00:00,99.9015,42.5245,99.62075,48.316500000000005,Green,1.5328341718890497,0,0.0914,0.0,0,0
2024-06-12 02:00:00,99.54025,44.99025,99.45575,54.59425,Amber,-0.21728192651838257,0,0.0,0.0,0,0
2024-06-12 03:00:00,99.899,53.39675,99.57825,59.22575,Amber,1.1935448699487494,0,0.0889,0.0,0,0
2024-06-12 04:00:00,99.73275,61.28225,99.4985,56.36725,Amber,0.26463197547200695,0,0.0115,0.0,0,0
2024-06-12 05:00:00,99.939,72.14025000000001,99.651,60.78775,Amber,0.9568207001205518,0,0.1404,0.0,0,0
2024-06-12 06:00:00,99.483,78.144,99.636,56.012249999999995,Amber,-1.3432158775282599,0,0.0,0.0,0,0
2024-06-12 07:00:00,99.72274999999999,86.56025,99.751,59.30225,Amber,0.017922904594371944,0,0.0,0.0,0,0
2024-06-12 08:00:00,99.89375,98.80875,99.4075,56.34175,Amber,0.6749861378207902,0,0.0836,0.0,0,0
2024-06-12 09:00:00,99.893,107.9175,99.33825,53.577,Amber,0.679754700125645,0,0.1665,0.0,0,0
2024-06-12 10:00:00,99.66825,116.76875,99.75175,52.48825,Amber,-0.5607432286615721,0,0.0247,0.0,0,0
2024-06-12 11:00:00,99.7165,118.8685,99.39925,48.439750000000004,Amber,-0.0847366510462926,0,0.0,0.0,0,0
2024-06-12 12:00:00,99.5065,121.74725000000001,99.52275,46.702,Amber,-1.5492022564859356,0,0.0,0.0,0,0
2024-06-12 13:00:00,99.57650000000001,124.80250000000001,99.55125000000001,39.14175,Amber,-0.8277801906790528,0,0.0,0.0,0,0
2024-06-12 14:00:00,99.30449999999999,116.87275,99.4615,33.41025,Amber,-1.5319344066820018,0,0.0,0.0934,0,0
2024-06-12 15:00:00,99.3485,110.146,99.39325,31.847,Amber,-1.0263256831802967,0,0.0,0.1429,0,0
2024-06-12 16:00:00,99.3735,96.06075,99.51025,25.05,Amber,-0.6169020236683823,0,0.0,0.1673,0,0
2024-06-12 17:00:00,99.40925,91.9495,99.3335,30.88375,Amber,-0.10267629189059053,0,0.0,0.156,0,0
2024-06-12 18:00:00,99.39775,78.495,99.4945,26.942999999999998,Amber,-0.04189441082281895,0,0.0,0.1561,0,0
2024-06-12 19:00:00,99.17750000000001,66.283,99.51575,29.0915,Amber,-1.8365277632853514,0,0.0,0.3766,0,0
2024-06-12 20:00:00,98.76575,57.505,99.21825,30.4405,Amber,-1.920741295457652,0,0.0,1.0088,0,0
2024-06-12 21:00:00,99.8295,52.611999999999995,99.283,30.73475,Amber,1.4502434568931801,0,0.0194,0.5772,0,0
2024-06-12 22:00:00,99.34625,45.53275,99.2865,34.433,Amber,0.07278239196108839,0,0.0,0.6289,0,0
2024-06-12 23:00:00,99.60275,41.6095,99.475,36.73825,Amber,0.6830425229226917,0,0.0,0.424,0,0
2024-06-13 00:00:00,99.8135,44.689750000000004,99.64574999999999,44.2015,Amber,0.9492301740822232,0,0.0034,0.0085,0,0
2024-06-13 01:00:00,99.85575,40.868,99.14025000000001,50.4185,Amber,0.7550037128874457,0,0.049,0.0,0,0
2024-06-13 02:00:00,99.8225,45.15725,99.46875,54.64975,Amber,0.5502688411300147,0,0.0614,0.0,0,0
2024-06-13 03:00:00,99.89699999999999,49.02875,99.5445,59.777499999999996,Amber,0.8252412020927702,0,0.1483,0.0,0,0
2024-06-13 04:00:00,99.9065,63.244749999999996,99.32275,54.2515,Amber,0.8106709230624617,0,0.2447,0.0,0,0
2024-06-13 05:00:00,99.88625,68.22625,99.54725,61.433,Amber,0.5764843004974967,0,0.3208,0.0,0,0
2024-06-13 06:00:00,99.7765,80.935,99.77425,60.4405,Amber,-1.6133821453926094,0,0.2872,0.0,0,0
2024-06-13 07:00:00,99.73599999999999,85.3035,99.37775,61.4515,Amber,-1.4369640906957297,0,0.2131,0.0,0,0
2024-06-13 08:00:00,99.83375000000001,96.4375,99.37575,59.19975,Amber,-0.07944642296891567,0,0.2368,0.0,0,0
2024-06-13 09:00:00,99.67099999999999,112.6115,99.48775,53.845749999999995,Amber,-1.439588190492833,0,0.0977,0.0,0,0
2024-06-13 10:00:00,99.6965,115.886,99.5715,52.625,Amber,-0.8519869775407385,0,0.0,0.0,0,0
2024-06-13 11:00:00,99.3695,126.9785,99.27225,46.129999999999995,Amber,-1.9082018646552064,0,0.0,0.0284,0,0
2024-06-13 12:00:00,99.394,122.2585,99.4175,45.501999999999995,Red,-1.1697951412980934,0,0.0,0.0324,0,1
2024-06-13 13:00:00,99.59825000000001,118.43625,99.37275,39.21025,Amber,0.024362205616405008,0,0.0,0.0,0,0
2024-06-13 14:00:00,99.382,125.61025,99.54725,34.594750000000005,Amber,-0.8901928595925539,0,0.0,0.0159,0,0
2024-06-13 15:00:00,99.26825,109.9875,99.77075,35.17975,Red,-1.1359444562232452,0,0.0,0.1456,0,1
2024-06-13 16:00:00,99.464,99.6835,99.39425,33.50275,Amber,0.4644277664162626,0,0.0,0.0795,0,0
2024-06-13 17:00:00,99.398,88.90275,99.25975,30.665,Amber,-0.17829054954714632,0,0.0,0.0795,0,0
2024-06-13 18:00:00,99.541,79.32225,99.443,30.019750000000002,Amber,0.8348817596272323,0,0.0,0.0,0,0
2024-06-13 19:00:00,99.4455,70.46225000000001,99.50450000000001,35.479749999999996,Amber,0.31646371025191217,0,0.0,0.0,0,0
2024-06-13 20:00:00,99.22725,65.6615,99.51375,31.048000000000002,Amber,-1.3549612764287728,0,0.0,0.1707,0,0
2024-06-13 21:00:00,99.71225,50.75025,99.32625,32.81525,Amber,1.5455662391782625,0,0.0,0.0,0,0
2024-06-13 22:00:00,99.43875,43.0045,99.46075,36.93575,Amber,-0.13521927843303766,0,0.0,0.0,0,0
2024-06-13 23:00:00,99.754,35.305,99.52525,41.61475,Amber,1.2014280002088338,0,0.0,0.0,0,0
2024-06-14 00:00:00,99.606,41.509,99.2525,43.048,Amber,0.38042077013303965,0,0.0,0.0,0,0
2024-06-14 01:00:00,99.87575,37.855,99.61975000000001,52.69375,Amber,1.1610042068903201,0,0.0656,0.0,0,0
2024-06-14 02:00:00,99.7895,41.385000000000005,99.30925,52.8975,Amber,0.6059074773010952,0,0.045,0.0,0,0
2024-06-14 03:00:00,99.56175,47.33625,99.40375,54.80375,Amber,-0.6697139623384911,0,0.0,0.0,0,0
2024-06-14 04:00:00,99.91425,62.12825,99.287,59.5125,Amber,1.156823658481773,0,0.1041,0.0,0,0
2024-06-14 05:00:00,99.69175,65.90875,99.372,61.776250000000005,Red,-0.3345283140761992,0,0.0,0.0,0,1
2024-06-14 06:00:00,99.892,76.55675,99.3895,65.755,Amber,0.7584859882243415,0,0.0819,0.0,0,0
2024-06-14 07:00:00,99.84275,97.52850000000001,99.375,57.8865,Amber,0.45282385763248734,0,0.1145,0.0,0,0
2024-06-14 08:00:00,99.76325,109.369,99.73425,56.1465,Amber,-0.10704240131231196,0,0.0677,0.0,0,0
2024-06-14 09:00:00,99.80875,113.22749999999999,99.58075,56.14275,Green,-0.12111399720259676,0,0.0663,0.0,0,0
2024-06-14 10:00:00,99.62625,121.97375000000001,99.45224999999999,51.083,Amber,-1.4674914349254051,0,0.0,0.0,0,0
2024-06-14 11:00:00,99.8005,118.8945,99.509,47.806,Amber,0.12765064701023363,0,0.0,0.0,0,0
2024-06-14 12:00:00,99.90825,117.3155,99.5105,44.85525,Amber,1.232885395187034,0,0.0981,0.0,0,0
2024-06-14 13:00:00,99.34075,111.4485,99.314,40.269999999999996,Red,-1.8205640638453482,0,0.0,0.0572,0,1
2024-06-14 14:00:00,99.30275,119.58625,99.17525,36.56175,Amber,-1.2800586852528437,0,0.0,0.1524,0,0
2024-06-14 15:00:00,99.775,102.75025,99.5065,32.374,Green,0.592314076965295,0,0.0,0.0,0,0
2024-06-14 16:00:00,99.27275,98.74525,99.71525,26.341,Amber,-1.0118978994415389,0,0.0,0.1252,0,0
2024-06-14 17:00:00,99.37475,87.81,99.45975,30.80275,Amber,-0.44239711341198146,0,0.0,0.1484,0,0
2024-06-14 18:00:00,99.29975,80.85875,99.6135,29.95725,Amber,-0.49789424469949295,0,0.0,0.2465,0,0
2024-06-14 19:00:00,99.06475,60.4905,99.61925000000001,31.76,Amber,-1.2127516776241227,0,0.0,0.5797,0,0
2024-06-14 20:00:00,99.6705,59.3135,99.6185,33.3815,Amber,0.9826453430480993,0,0.0,0.3071,0,0
2024-06-14 21:00:00,99.46625,54.17875,99.49549999999999,36.32925,Amber,0.5322920037140267,0,0.0,0.2388,0,0
2024-06-14 22:00:00,99.3295,50.3215,99.5295,38.5495,Amber,-0.1907485104212533,0,0.0,0.3073,0,0
2024-06-14 23:00:00,99.84975,40.015,99.39475,43.557,Amber,1.435384166350346,0,0.0396,0.0,0,0
2024-06-15 00:00:00,99.37825,41.89575,99.69125,46.04175,Amber,-0.2974286230784365,0,0.0,0.0197,0,0
2024-06-15 01:00:00,99.798,39.992,99.2995,48.3105,Amber,0.9759056727208606,0,0.0,0.0,0,0
2024-06-15 02:00:00,99.9175,44.506,99.5205,51.097,Amber,1.1295775050554047,0,0.1074,0.0,0,0
2024-06-15 03:00:00,99.85125,52.54,99.60374999999999,54.86425,Amber,0.626546959684121,0,0.1485,0.0,0,0
2024-06-15 04:00:00,99.883,60.142,99.48225,60.511250000000004,Amber,0.5153529446671139,0,0.2214,0.0,0,0
2024-06-15 05:00:00,99.85025,66.04775000000001,99.27925,59.35875,Amber,0.35160824837154775,0,0.2616,0.0,0,0
2024-06-15 06:00:00,99.62575,87.21225,99.58324999999999,59.60575,Amber,-1.8857683126367009,0,0.0772,0.0,0,0
2024-06-15 07:00:00,99.88675,88.1455,99.64325,61.867000000000004,Amber,0.48161609685602413,0,0.1538,0.0,0,0
2024-06-15 08:00:00,99.77375,94.90775,99.31575,56.91,Amber,-0.38124080094600726,0,0.1175,0.0,0,0
2024-06-15 09:00:00,99.95349999999999,102.72200000000001,99.6165,55.582,Green,1.0804623186030484,0,0.2609,0.0,0,0
2024-06-15 10:00:00,99.70349999999999,117.76525000000001,99.63425,54.289,Green,-0.7844780315310547,0,0.1543,0.0,0,0
2024-06-15 11:00:00,99.46674999999999,117.915,99.38250000000001,47.8565,Amber,-1.513062288506673,0,0.0,0.0,0,0
2024-06-15 12:00:00,99.4045,119.76225,99.4195,43.21375,Amber,-1.3229737712049592,0,0.0,0.0,0,0
2024-06-15 13:00:00,99.53025,119.6485,99.28399999999999,37.93,Amber,-0.519761734747193,0,0.0,0.0,0,0
2024-06-15 14:00:00,99.56099999999999,107.46674999999999,99.25200000000001,32.838499999999996,Amber,-0.21232870525192946,0,0.0,0.0,0,0
2024-06-15 15:00:00,99.71375,107.513,99.55275,34.30775,Green,1.2051856597963173,0,0.0,0.0,0,0
2024-06-15 16:00:00,99.37075,95.63075,99.549,29.83625,Amber,-1.1054507529969653,0,0.0,0.0272,0,0
2024-06-15 17:00:00,99.6365,97.36675,99.41225,31.84,Amber,0.7611460680105318,0,0.0,0.0,0,0
2024-06-15 18:00:00,99.62,85.22975,99.47175,35.02225,Amber,0.4084766074382341,0,0.0,0.0,0,0
2024-06-15 19:00:00,99.3555,68.97375,99.58175,32.6755,Amber,-1.269479207334678,0,0.0,0.0424,0,0
2024-06-15 20:00:00,99.42325,63.2745,99.538,34.4625,Amber,-0.6247504087341615,0,0.0,0.0171,0,0
2024-06-15 21:00:00,99.7095,49.21,99.58025,38.709,Amber,1.2375020160131096,0,0.0,0.0,0,0
2024-06-15 22:00:00,99.3335,47.113,99.6345,39.76,Amber,-1.1117820848247093,0,0.0,0.0644,0,0
2024-06-15 23:00:00,99.767,41.266999999999996,99.39925,40.6055,Amber,1.2348378088318281,0,0.0,0.0,0,0
2024-06-16 00:00:00,99.7055,35.3555,99.60050000000001,49.03225,Green,0.7872829756820731,0,0.0,0.0,0,0
2024-06-16 01:00:00,99.76775,41.46925,99.68375,48.1225,Amber,0.7916211690462941,0,0.0,0.0,0,0
2024-06-16 02:00:00,99.78775,33.54775,99.693,55.6655,Amber,0.6340429802174871,0,0.0,0.0,0,0
2024-06-16 03:00:00,99.6775,47.66375,99.39699999999999,57.561499999999995,Amber,0.025245245434151138,0,0.0,0.0,0,0
2024-06-16 04:00:00,99.779,59.426,99.44,57.72825,Amber,0.7038851820200052,0,0.0,0.0,0,0
2024-06-16 05:00:00,99.67575,72.0715,99.37375,56.764250000000004,Amber,-1.0893110080805857,0,0.0,0.0,0,0
2024-06-16 06:00:00,99.8555,78.16525,99.605,51.396,Amber,1.4137510910715407,0,0.0454,0.0,0,0
2024-06-16 07:00:00,99.69975,93.75775,99.49249999999999,61.138999999999996,Amber,-0.6325190901060181,0,0.0,0.0,0,0
2024-06-16 08:00:00,99.9125,105.08500000000001,99.464,58.139,Amber,1.4582572385182466,0,0.1024,0.0,0,0
2024-06-16 09:00:00,99.40325,112.131,99.56475,56.94625,Amber,-1.7672802902016407,0,0.0,0.0,0,0
2024-06-16 10:00:00,99.769,109.02799999999999,99.46000000000001,49.92,Green,0.27743345758010096,0,0.0,0.0,0,0
2024-06-16 11:00:00,99.679,117.3245,99.64275,51.0975,Amber,-0.22809499474808925,0,0.0,0.0,0,0
2024-06-16 12:00:00,99.662,117.84675,99.53649999999999,43.623000000000005,Amber,-0.15347295123699875,0,0.0,0.0,0,0
2024-06-16 13:00:00,99.636,119.76825,99.2935,47.28375,Amber,-0.24409962007460034,0,0.0,0.0,0,0
2024-06-16 14:00:00,99.20400000000001,116.587,99.3235,30.424500000000002,Red,-1.6717047726213417,0,0.0,0.1939,0,1
2024-06-16 15:00:00,99.49425,109.86375,99.49525,34.01225,Green,-0.39512633741667674,0,0.0,0.0976,0,0
2024-06-16 16:00:00,99.4845,100.89099999999999,99.48925,30.7575,Amber,-0.23517964960988583,0,0.0,0.011,0,0
2024-06-16 17:00:00,99.554,87.48649999999999,99.49075,28.864250000000002,Amber,0.29301341605872966,0,0.0,0.0,0,0
2024-06-16 18:00:00,99.79825,80.3325,99.64574999999999,29.85075,Amber,1.3716385198557917,0,0.0,0.0,0,0
2024-06-16 19:00:00,99.426,67.74775,99.2775,28.072499999999998,Amber,-0.35093391202409047,0,0.0,0.0,0,0
2024-06-16 20:00:00,99.849,62.992000000000004,99.75175,31.25625,Amber,1.3941678421303036,0,0.0389,0.0,0,0
2024-06-16 21:00:00,99.37325,47.94625,99.364,32.884,Amber,-1.0477922086562077,0,0.0,0.0247,0,0
2024-06-16 22:00:00,99.487,49.155499999999996,99.56875,36.417500000000004,Amber,-0.4763123938563357,0,0.0,0.0,0,0
2024-06-16 23:00:00,99.9125,41.2855,99.3425,40.332,Amber,1.1405249776252853,0,0.1024,0.0,0,0
2024-06-17 00:00:00,99.7475,37.45625,99.31425,44.18475,Amber,0.4951419239572045,0,0.0398,0.0,0,0
2024-06-17 01:00:00,99.286,35.8035,99.42,46.2195,Red,-1.2327841883611173,0,0.0,0.1119,0,1
2024-06-17 02:00:00,99.77324999999999,41.42275,99.19975,51.74875,Amber,0.7070756349377341,0,0.0,0.0,0,0
2024-06-17 03:00:00,99.63825,54.08425,99.6725,56.8345,Amber,-0.011129421900114043,0,0.0,0.0,0,0
2024-06-17 04:00:00,99.9585,57.89025,99.499,61.27475,Amber,0.9887196879306525,0,0.1484,0.0,0,0
2024-06-17 05:00:00,99.7775,74.95425,99.54525,58.332499999999996,Amber,0.35677904776615355,0,0.1158,0.0,0,0
2024-06-17 06:00:00,99.84049999999999,83.58525,99.48725,56.472,Amber,0.5492771293703574,0,0.1462,0.0,0,0
2024-06-17 07:00:00,99.8195,92.23425,99.45824999999999,60.27525,Amber,0.17477402013167007,0,0.1556,0.0,0,0
2024-06-17 08:00:00,99.71350000000001,108.69375000000001,99.4975,62.230000000000004,Amber,-0.7052221222550854,0,0.059,0.0,0,0
2024-06-17 09:00:00,99.3865,110.87950000000001,99.35425000000001,53.30625,Red,-1.857823605215597,0,0.0,0.0114,0,1
2024-06-17 10:00:00,99.70150000000001,114.12875,99.5575,49.9075,Amber,-0.03007032471130937,0,0.0,0.0,0,0
2024-06-17 11:00:00,99.50225,115.71725,99.55475,46.5975,Amber,-0.8790746726908053,0,0.0,0.0,0,0
2024-06-17 12:00:00,99.60775,111.0275,99.47975,44.08625,Green,-0.0895369189048358,0,0.0,0.0,0,0
2024-06-17 13:00:00,99.66675,120.0885,99.52325,38.52725,Amber,0.5470119638828068,0,0.0,0.0,0,0
2024-06-17 14:00:00,99.50475,113.06375,99.55675,40.89725,Amber,-0.4797378393561232,0,0.0,0.0,0,0
2024-06-17 15:00:00,99.43225,112.04299999999999,99.5955,32.4885,Amber,-1.2953285636397844,0,0.0,0.0,0,0
2024-06-17 16:00:00,99.24924999999999,99.747,99.539,28.593,Red,-1.6744372876715519,0,0.0,0.1487,0,1
2024-06-17 17:00:00,99.265,90.5455,99.2595,26.12175,Amber,-1.094360471247676,0,0.0,0.2816,0,0
2024-06-17 18:00:00,99.6575,76.68725,99.5355,32.522999999999996,Amber,1.0667761950375267,0,0.0,0.022,0,0
2024-06-17 19:00:00,99.44325,66.4145,99.18075,30.8,Amber,0.11698035332959945,0,0.0,0.0,0,0
2024-06-17 20:00:00,99.64750000000001,59.25025,99.18375,36.30200000000001,Amber,1.119694201365266,0,0.0,0.0,0,0
2024-06-17 21:00:00,99.73775,46.9345,99.491,35.845,Green,1.1220431685979826,0,0.0,0.0,0,0
2024-06-17 22:00:00,99.232,47.318,99.4845,35.814750000000004,Amber,-1.2275472112082655,0,0.0,0.1659,0,0
2024-06-17 23:00:00,99.72675,37.258250000000004,99.4905,40.213499999999996,Amber,0.7697334075428932,0,0.0,0.0,0,0
2024-06-18 00:00:00,99.937,40.888,99.53775,50.09425,Green,1.2737811795498355,0,0.1269,0.0,0,0
2024-06-18 01:00:00,99.56325,42.0615,99.6905,54.45625,Amber,-0.32867540278171936,0,0.0,0.0,0,0
2024-06-18 02:00:00,99.55925,42.74475,99.6495,55.219500000000004,Amber,-0.2805767423599939,0,0.0,0.0,0,0
2024-06-18 03:00:00,99.98400000000001,52.985749999999996,99.58625,52.587,Green,1.1369965178853616,0,0.1739,0.0,0,0
2024-06-18 04:00:00,99.63125,56.720749999999995,99.45224999999999,54.26575,Green,-0.5485465503564391,0,0.0,0.0,0,0
2024-06-18 05:00:00,99.8375,68.1915,99.55525,58.638,Amber,0.44704128201116955,0,0.0274,0.0,0,0
2024-06-18 06:00:00,99.71325,88.296,99.586,62.72175000000001,Amber,-0.00891121858857279,0,0.0,0.0,0,0
2024-06-18 07:00:00,99.83625,90.14,99.52725000000001,59.269000000000005,Amber,0.48842816355503393,0,0.0261,0.0,0,0
2024-06-18 08:00:00,99.4925,106.9155,99.348,60.11,Amber,-1.4737609433159053,0,0.0,0.0,0,0
2024-06-18 09:00:00,99.88275,104.45175,99.55925,51.9315,Amber,1.0029505466786341,0,0.0726,0.0,0,0
2024-06-18 10:00:00,99.994,115.505,99.61825,54.41225,Green,1.1661816611555378,0,0.2565,0.0,0,0
2024-06-18 11:00:00,99.6045,122.22075,99.54249999999999,42.69875,Amber,-0.8022694848225677,0,0.0509,0.0,0,0
2024-06-18 12:00:00,99.3585,121.51249999999999,99.43525,45.893,Amber,-1.3569260001708452,0,0.0,0.0394,0,0
2024-06-18 13:00:00,99.74075,122.586,99.47975,42.86075,Amber,0.25816333100210553,0,0.0,0.0,0,0
2024-06-18 14:00:00,99.48575,112.02250000000001,99.5395,34.45925,Green,-0.7968462765041426,0,0.0,0.0,0,0
2024-06-18 15:00:00,99.1715,106.17575,99.515,33.45075,Amber,-1.3374970874501375,0,0.0,0.2264,0,0
2024-06-18 16:00:00,99.39025,97.886,99.69025,31.31775,Amber,-0.3425298180174425,0,0.0,0.2341,0,0
2024-06-18 17:00:00,99.48925,79.37775,99.41,27.24275,Green,0.2659237215475446,0,0.0,0.1428,0,0
2024-06-18 18:00:00,99.17699999999999,83.6185,99.45975,30.7055,Amber,-1.0751733929430924,0,0.0,0.3637,0,0
2024-06-18 19:00:00,99.26725,78.2865,99.35075,31.74225,Amber,-0.4326907171131469,0,0.0,0.4944,0,0
2024-06-18 20:00:00,99.10775,60.65175000000001,99.7045,32.8805,Amber,-1.0889037930712508,0,0.0,0.7846,0,0
2024-06-18 21:00:00,99.26875,52.05875,99.62625,33.7965,Red,-0.10530553268552434,0,0.0,0.9138,0,1
2024-06-18 22:00:00,99.45975,44.366,99.6895,43.35925,Green,1.0850892252229136,0,0.0,0.8519,0,0
2024-06-18 23:00:00,99.64375,46.6935,99.483,37.982,Amber,1.634740331143189,0,0.0,0.6061,0,0
2024-06-19 00:00:00,99.67125,34.37425,99.39025000000001,46.15675,Green,1.1833785610423637,0,0.0,0.3328,0,0
2024-06-19 01:00:00,99.8355,49.50625,99.44624999999999,46.58375,Amber,1.2389678522070793,0,0.0254,0.0,0,0
2024-06-19 02:00:00,99.911,46.445499999999996,99.52074999999999,52.80825,Amber,1.1750563209543394,0,0.1263,0.0,0,0
2024-06-19 03:00:00,99.4175,50.536500000000004,99.47475,52.7225,Amber,-1.2161935952843124,0,0.0,0.0,0,0
2024-06-19 04:00:00,99.7895,59.641,99.55025,56.95,Amber,0.4450564263948945,0,0.0,0.0,0,0
2024-06-19 05:00:00,99.9225,68.451,99.65575,56.79475,Green,0.8654088111461574,0,0.1124,0.0,0,0
2024-06-19 06:00:00,99.89875,81.9505,99.61175,56.77375,Amber,0.5357629139466251,0,0.201,0.0,0,0
2024-06-19 07:00:00,99.48625,97.925,99.48474999999999,60.47,Amber,-1.10523585276276,0,0.0,0.0,0,0
2024-06-19 08:00:00,99.62475,95.673,99.4415,55.515,Red,-0.3052698761038221,0,0.0,0.0,0,1
2024-06-19 09:00:00,99.7625,110.6465,99.68625,51.50625,Amber,0.0907759113702411,0,0.0,0.0,0,0
2024-06-19 10:00:00,99.23775,117.6585,99.56450000000001,45.64025,Amber,-1.5876966260432335,0,0.0,0.1602,0,0
2024-06-19 11:00:00,99.78325000000001,120.87725,99.5375,49.810249999999996,Amber,0.6295689467450356,0,0.0,0.0,0,0
2024-06-19 12:00:00,99.621,118.78225,99.5345,44.47775,Amber,0.17368221821305627,0,0.0,0.0,0,0
2024-06-19 13:00:00,99.61,126.6335,99.3715,41.23375,Amber,0.01764323992517424,0,0.0,0.0,0,0
2024-06-19 14:00:00,99.37175,117.448,99.3385,38.969500000000004,Amber,-0.8861852302387808,0,0.0,0.0262,0,0
2024-06-19 15:00:00,99.318,109.385,99.44475,35.26575,Amber,-0.8126365169709693,0,0.0,0.1061,0,0
2024-06-19 16:00:00,99.12675,93.3925,99.54175000000001,29.78275,Red,-1.430035004779238,0,0.0,0.3773,0,1
2024-06-19 17:00:00,99.338,92.72325000000001,99.55275,32.68575,Amber,-0.31496260309862484,0,0.0,0.4372,0,0
2024-06-19 18:00:00,99.5665,84.43725,99.201,31.890500000000003,Red,1.0043189677718913,0,0.0,0.2686,0,1
2024-06-19 19:00:00,99.55025,70.7365,99.42775,29.70125,Amber,1.0505775123846697,0,0.0,0.1163,0,0
2024-06-19 20:00:00,99.75175,64.14075,99.3385,33.2375,Amber,1.3893145687154695,0,0.0,0.0,0,0
2024-06-19 21:00:00,99.4975,45.79475,99.57125,32.946749999999994,Green,0.11957572618398113,0,0.0,0.0,0,0
2024-06-19 22:00:00,99.789,45.76475,99.32374999999999,35.7525,Green,1.237886286834663,0,0.0,0.0,0,0
2024-06-19 23:00:00,99.4785,40.40475,99.53475,45.2305,Amber,-0.9610560325111902,0,0.0,0.0,0,0
2024-06-20 00:00:00,99.2635,38.40025,99.45125,49.25125,Amber,-1.5052488471587626,0,0.0,0.1344,0,0
2024-06-20 01:00:00,99.714,33.08375,99.59875,48.0675,Amber,0.6447528888051666,0,0.0,0.0,0,0
2024-06-20 02:00:00,99.6995,41.957499999999996,99.66725,53.9205,Amber,0.6405455774556008,0,0.0,0.0,0,0
2024-06-20 03:00:00,99.64574999999999,50.2415,99.596,58.247749999999996,Amber,0.24387144260741772,0,0.0,0.0,0,0
2024-06-20 04:00:00,99.723,60.1365,99.607,59.99425,Amber,0.7417595314991624,0,0.0,0.0,0,0
2024-06-20 05:00:00,99.79124999999999,71.506,99.561,63.5085,Amber,0.7985390179039988,0,0.0,0.0,0,0
2024-06-20 06:00:00,99.63325,86.58675,99.44200000000001,59.83975,Amber,-1.1836036725183008,0,0.0,0.0,0,0
2024-06-20 07:00:00,99.7085,96.829,99.5835,62.095749999999995,Amber,0.1451046013182854,0,0.0,0.0,0,0
2024-06-20 08:00:00,99.994,105.1885,99.33500000000001,53.674499999999995,Amber,1.8426284813084617,0,0.1839,0.0,0,0
2024-06-20 09:00:00,99.83225,101.44800000000001,99.5095,53.0805,Amber,0.41387945646918267,0,0.206,0.0,0,0
2024-06-20 10:00:00,99.7295,112.5865,99.7835,50.38125,Amber,-0.41643243490923465,0,0.1254,0.0,0,0
2024-06-20 11:00:00,99.911,120.771,99.53825,48.770250000000004,Amber,0.8072753176286012,0,0.2263,0.0,0,0
2024-06-20 12:00:00,99.27975,117.733,99.648,45.5815,Amber,-1.8431657948405802,0,0.0,0.1182,0,0
2024-06-20 13:00:00,99.7465,121.57525,99.4305,42.54225,Amber,-0.009314255170772084,0,0.0,0.0,0,0
2024-06-20 14:00:00,99.5795,108.7485,99.7495,37.0945,Amber,-0.4450384926089978,0,0.0,0.0,0,0
2024-06-20 15:00:00,99.84175,115.98075,99.381,31.9325,Amber,0.7079999114870843,0,0.0316,0.0,0,0
2024-06-20 16:00:00,99.341,101.346,99.4305,33.84025,Amber,-1.0490706402378807,0,0.0,0.0569,0,0
2024-06-20 17:00:00,99.09925,87.6645,99.83525,31.80825,Amber,-1.3242250706417356,0,0.0,0.3556,0,0
2024-06-20 18:00:00,99.957,81.69975,99.31675,30.929000000000002,Amber,1.1192995362568123,0,0.1469,0.0,0,0
2024-06-20 19:00:00,99.1905,74.869,99.49725,30.348,Amber,-0.8877596554165196,0,0.0,0.2074,0,0
2024-06-20 20:00:00,99.81425,63.57125,99.62775,35.45075,Green,0.7333052583840778,0,0.0041,0.0,0,0
2024-06-20 21:00:00,99.3095,50.24125,99.42525,33.09125,Amber,-0.4071733794209919,0,0.0,0.0884,0,0
2024-06-20 22:00:00,99.81475,44.5,99.51275,39.68875,Amber,0.7621629990266059,0,0.0046,0.0,0,0
2024-06-20 23:00:00,99.411,45.798,99.6795,44.66175,Amber,-0.540418929240537,0,0.0,0.0,0,0
2024-06-21 00:00:00,99.7915,34.772999999999996,99.59100000000001,43.661500000000004,Green,0.8306322994376857,0,0.0,0.0,0,0
2024-06-21 01:00:00,99.85325,35.270250000000004,99.518,47.1265,Green,0.7827371554988388,0,0.0431,0.0,0,0
2024-06-21 02:00:00,99.92025,40.27625,99.52074999999999,50.4415,Amber,0.9249989153998198,0,0.1533,0.0,0,0
2024-06-21 03:00:00,99.4045,51.32925,99.7575,58.81,Amber,-1.281648430156116,0,0.0,0.0,0,0
2024-06-21 04:00:00,99.9265,58.28225,99.35225,58.51775,Amber,0.8510229207980865,0,0.1164,0.0,0,0
2024-06-21 05:00:00,99.82,72.36725,99.56125,57.41225,Amber,0.17487047092016647,0,0.1263,0.0,0,0
2024-06-21 06:00:00,99.47025,79.85825,99.38225,59.094,Amber,-1.1252810670812643,0,0.0,0.0,0,0
2024-06-21 07:00:00,99.80725000000001,86.658,99.56075,58.162,Green,0.3601298841927024,0,0.0,0.0,0,0
2024-06-21 08:00:00,99.6105,96.352,99.5765,56.241,Amber,-0.29807478166045875,0,0.0,0.0,0,0
2024-06-21 09:00:00,99.848,109.04275,99.52975,53.00475,Amber,0.5893541169926331,0,0.0379,0.0,0,0
2024-06-21 10:00:00,99.73675,110.82300000000001,99.82125,48.2125,Green,0.1445248028829562,0,0.0,0.0,0,0
2024-06-21 11:00:00,99.51575,117.068,99.31649999999999,46.9105,Amber,-0.9536983351712895,0,0.0,0.0,0,0
2024-06-21 12:00:00,99.5085,115.1695,99.578,44.189750000000004,Amber,-1.1045554006019305,0,0.0,0.0,0,0
2024-06-21 13:00:00,99.42075,122.45875000000001,99.44075000000001,39.5405,Amber,-1.163851483343529,0,0.0,0.0,0,0
2024-06-21 14:00:00,99.8335,111.07225,99.422,38.214,Amber,1.0260419737141993,0,0.0234,0.0,0,0
2024-06-21 15:00:00,99.3575,110.17425,99.64525,31.775750000000002,Green,-1.1064113169641145,0,0.0,0.0404,0,0
2024-06-21 16:00:00,99.68225,95.31800000000001,99.54425,29.64625,Green,0.7351263093056387,0,0.0,0.0,0,0
2024-06-21 17:00:00,99.53425,85.52175,99.5325,31.439,Amber,-0.12490037992333708,0,0.0,0.0,0,0
2024-06-21 18:00:00,98.6515,73.95224999999999,99.69749999999999,32.07325,Red,-1.8508422135752716,0,0.0,0.7464,0,1
2024-06-21 19:00:00,99.68025,75.06325000000001,99.498,31.008,Green,0.5252390464925704,0,0.0,0.4641,0,0
2024-06-21 20:00:00,99.25825,62.364000000000004,99.474,34.137750000000004,Amber,-0.2645980106849852,0,0.0,0.6038,0,0
2024-06-21 21:00:00,99.352,47.77525,99.73175,37.116749999999996,Amber,-0.020021667109540453,0,0.0,0.6497,0,0
2024-06-21 22:00:00,99.51525000000001,38.95975,99.531,40.169,Amber,0.502827652159418,0,0.0,0.5324,0,0
2024-06-21 23:00:00,99.63625,43.62875,99.45,43.43175,Amber,0.7600299321764029,0,0.0,0.2941,0,0
2024-06-22 00:00:00,99.5555,43.394,99.55975000000001,46.098,Amber,0.340660330238559,0,0.0,0.1365,0,0
2024-06-22 01:00:00,99.61449999999999,42.073499999999996,99.43975,50.85475,Amber,0.8315953298874963,0,0.0,0.0,0,0
2024-06-22 02:00:00,99.80375000000001,45.458,99.48925,51.972,Amber,1.5034749240259526,0,0.0,0.0,0,0
2024-06-22 03:00:00,99.84575,47.35375,99.62725,52.732,Green,1.3734758247995507,0,0.0356,0.0,0,0
2024-06-22 04:00:00,99.56225,61.1855,99.38475,59.12475,Amber,-0.8615910639162339,0,0.0,0.0,0,0
2024-06-22 05:00:00,100.0,65.16525,99.431,55.60025,Amber,1.4907284763159112,0,0.1899,0.0,0,0
2024-06-22 06:00:00,99.81825,83.23975,99.50025,59.3815,Amber,0.2746021964407021,0,0.198,0.0,0,0
2024-06-22 07:00:00,99.78,89.5025,99.51425,59.855000000000004,Amber,-0.1537079158542696,0,0.1679,0.0,0,0
2024-06-22 08:00:00,99.845,100.066,99.5635,57.12025,Amber,0.256598147375447,0,0.2028,0.0,0,0
2024-06-22 09:00:00,99.90075,100.89574999999999,99.29875,57.207750000000004,Amber,0.5662020358743682,0,0.2935,0.0,0,0
2024-06-22 10:00:00,99.98275,122.015,99.5475,47.34625,Amber,1.060845452427158,0,0.4661,0.0,0,0
2024-06-22 11:00:00,99.718,123.29525000000001,99.45175,49.46025,Amber,-1.323382216620102,0,0.374,0.0,0,0
2024-06-22 12:00:00,99.54625,118.56425,99.45525,42.4265,Amber,-1.6293873812157735,0,0.1101,0.0,0,0
2024-06-22 13:00:00,99.52175,119.5805,99.5635,43.6065,Green,-1.2139536199092196,0,0.0,0.0,0,0
2024-06-22 14:00:00,99.61075,115.52175,99.48,36.433,Amber,-0.5366105860487888,0,0.0,0.0,0,0
2024-06-22 15:00:00,99.149,111.78375,99.658,31.128,Amber,-1.6095450965105482,0,0.0,0.2489,0,0
2024-06-22 16:00:00,99.367,94.78825,99.4255,27.159,Amber,-0.5893187634462308,0,0.0,0.2799,0,0
2024-06-22 17:00:00,99.19725,90.08075,99.60575,30.987000000000002,Amber,-1.0448176153294997,0,0.0,0.4805,0,0
2024-06-22 18:00:00,99.1255,83.834,99.38725,32.8825,Amber,-0.9927561580045011,0,0.0,0.753,0,0
2024-06-22 19:00:00,99.426,70.946,99.48725,30.33025,Amber,0.5981083939279249,0,0.0,0.7249,0,0
2024-06-22 20:00:00,99.54175,58.49225,99.40625,34.8895,Amber,1.4250371395094477,0,0.0,0.5811,0,0
2024-06-22 21:00:00,99.62625,57.11625,99.31925000000001,36.3675,Amber,1.2692396375898132,0,0.0,0.3528,0,0
2024-06-22 22:00:00,99.77475,44.860749999999996,99.51975,41.3445,Amber,1.3001159389540182,0,0.0,0.0,0,0
2024-06-22 23:00:00,99.686,34.109,99.614,40.923,Amber,0.6735407101833359,0,0.0,0.0,0,0
2024-06-23 00:00:00,99.6115,44.46175,99.42925,43.7715,Amber,0.0038276283949093145,0,0.0,0.0,0,0
2024-06-23 01:00:00,99.75999999999999,35.28675,99.62425,53.26675,Amber,1.029632377951447,0,0.0,0.0,0,0
2024-06-23 02:00:00,99.68549999999999,50.24125,99.728,51.473749999999995,Amber,-0.07729117369359766,0,0.0,0.0,0,0
2024-06-23 03:00:00,99.87675,50.5555,99.5485,55.6175,Amber,1.5680702109698819,0,0.0666,0.0,0,0
2024-06-23 04:00:00,99.625,58.7155,99.5215,56.8915,Amber,-0.8383591538433424,0,0.0,0.0,0,0
2024-06-23 05:00:00,99.8965,72.54175000000001,99.66475,59.19675,Amber,1.2466236108186577,0,0.0864,0.0,0,0
2024-06-23 06:00:00,99.7935,80.92575,99.48675,62.083,Amber,0.194600189096534,0,0.0698,0.0,0,0
2024-06-23 07:00:00,99.71325,89.16975,99.509,55.2035,Amber,-0.47639464789021524,0,0.0,0.0,0,0
2024-06-23 08:00:00,99.70150000000001,101.43325,99.622,57.76625,Amber,-0.6212651093173545,0,0.0,0.0,0,0
2024-06-23 09:00:00,99.88875,113.13275,99.75675,51.652499999999996,Green,1.0900150073297652,0,0.0786,0.0,0,0
2024-06-23 10:00:00,99.7485,117.01375,99.46925,50.82275,Amber,-0.489283993928566,0,0.017,0.0,0,0
2024-06-23 11:00:00,99.87299999999999,114.42175,99.56049999999999,46.13825,Amber,1.0819393948333842,0,0.0799,0.0,0,0
2024-06-23 12:00:00,99.4745,121.05775,99.6905,43.28225,Amber,-1.7265160480018622,0,0.0,0.0,0,0
2024-06-23 13:00:00,99.7635,124.07575,99.3965,42.49925,Amber,0.14590031127731973,0,0.0,0.0,0,0
2024-06-23 14:00:00,99.4815,112.93275,99.60300000000001,36.375750000000004,Amber,-1.210502771762521,0,0.0,0.0,0,0
2024-06-23 15:00:00,99.2835,108.4515,99.61225,37.699749999999995,Amber,-1.4246650229537963,0,0.0,0.1144,0,0
2024-06-23 16:00:00,99.12575,106.159,99.3595,31.70925,Red,-1.3300556099047645,0,0.0,0.3866,0,1
2024-06-23 17:00:00,99.12675,87.30075,99.5305,31.1545,Amber,-1.010013322615149,0,0.0,0.6578,0,0
2024-06-23 18:00:00,99.52974999999999,76.30575,99.134,27.708,Amber,0.573716449414895,0,0.0,0.526,0,0
2024-06-23 19:00:00,99.79050000000001,70.503,99.422,29.98,Amber,1.5400677402326508,0,0.0,0.1334,0,0
2024-06-23 20:00:00,99.35775,53.968,99.25825,33.606750000000005,Amber,-0.043870717801293146,0,0.0,0.1736,0,0
2024-06-23 21:00:00,99.3875,52.356,99.58425,39.02525,Amber,0.004611477608626712,0,0.0,0.184,0,0
2024-06-23 22:00:00,99.8285,47.8785,99.5485,36.3045,Amber,1.2025017208313797,0,0.0184,0.0,0,0
2024-06-23 23:00:00,99.351,39.9185,99.36875,41.16275,Amber,-0.8695960759519915,0,0.0,0.0469,0,0
2024-06-24 00:00:00,99.729,37.93925,99.63325,43.9945,Amber,0.670642099204601,0,0.0,0.0,0,0
2024-06-24 01:00:00,99.80425,38.80325,99.6475,48.85025,Amber,0.975298654601495,0,0.0,0.0,0,0
2024-06-24 02:00:00,99.789,44.51325,99.3825,54.338499999999996,Amber,0.6432863947263179,0,0.0,0.0,0,0
2024-06-24 03:00:00,99.69,58.994,99.68299999999999,54.74625,Amber,-0.04851450518219985,0,0.0,0.0,0,0
2024-06-24 04:00:00,99.66875,60.9515,99.3335,54.5995,Amber,-0.019576633752195347,0,0.0,0.0,0,0
2024-06-24 05:00:00,99.39399999999999,73.1745,99.6075,58.9705,Amber,-1.907578393730165,0,0.0,0.0039,0,0
2024-06-24 06:00:00,99.8495,81.61375,99.31275,58.54425,Amber,0.9115322377809677,0,0.0394,0.0,0,0
2024-06-24 07:00:00,100.0,84.72874999999999,99.32724999999999,58.807249999999996,Amber,1.3117945943756757,0,0.2293,0.0,0,0
2024-06-24 08:00:00,99.887,95.49549999999999,99.36625,59.30500000000001,Amber,0.6498267435129461,0,0.3062,0.0,0,0
2024-06-24 09:00:00,99.74025,107.96775,99.61525,54.100750000000005,Amber,-0.07710892963835239,0,0.2363,0.0,0,0
2024-06-24 10:00:00,99.4225,118.99925,99.419,50.835,Amber,-1.1617441027149247,0,0.0,0.0,0,0
2024-06-24 11:00:00,99.82975,109.90425,99.8395,46.225750000000005,Green,0.20995232430121355,0,0.0196,0.0,0,0
2024-06-24 12:00:00,99.9235,118.73175,99.642,39.75425,Green,0.6004915318617594,0,0.133,0.0,0,0
2024-06-24 13:00:00,99.627,119.8745,99.1165,41.989999999999995,Amber,-0.5919056200039576,0,0.0,0.0,0,0
2024-06-24 14:00:00,99.61725,118.53275,99.44425,37.62625,Amber,-0.4291517306911345,0,0.0,0.0,0,0
2024-06-24 15:00:00,99.58,99.9515,99.598,32.54625,Green,-0.47896981449852155,0,0.0,0.0,0,0
2024-06-24 16:00:00,99.52725,100.02825,99.35900000000001,32.7145,Amber,-1.005549644070582,0,0.0,0.0,0,0
2024-06-24 17:00:00,99.186,88.14725,99.74375,30.618,Amber,-1.6529092142316082,0,0.0,0.2119,0,0
2024-06-24 18:00:00,98.98025,76.362,99.45975,28.262,Red,-1.6217751557398243,0,0.0,0.6296,0,1
2024-06-24 19:00:00,99.3315,74.78425,99.407,30.38675,Red,-0.15434303004756295,0,0.0,0.696,0,1
2024-06-24 20:00:00,99.16125,57.17825,99.37899999999999,32.8445,Amber,-0.5778954869258145,0,0.0,0.9327,0,0
2024-06-24 21:00:00,99.41225,55.2545,99.47149999999999,38.0025,Green,0.742357752877222,0,0.0,0.9184,0,0
2024-06-24 22:00:00,99.7635,44.8035,99.6845,37.854,Amber,1.6993916730112435,0,0.0,0.5528,0,0
2024-06-24 23:00:00,99.7425,40.351,99.44500000000001,44.027,Amber,1.1015937821441135,0,0.0,0.2083,0,0
2024-06-25 00:00:00,99.987,43.3335,99.57175,45.82575,Green,1.3439750867710651,0,0.1769,0.0,0,0
2024-06-25 01:00:00,99.8215,38.57325,99.4265,52.569500000000005,Amber,0.5721385660945018,0,0.1883,0.0,0,0
2024-06-25 02:00:00,99.88374999999999,49.12325,99.4145,54.09325,Amber,0.5894045199179312,0,0.2619,0.0,0,0
2024-06-25 03:00:00,99.72475,48.285000000000004,99.37425,57.70075,Amber,-0.9553539623309202,0,0.1766,0.0,0,0
2024-06-25 04:00:00,99.7185,59.018,99.667,62.1935,Amber,-0.8847447012227388,0,0.085,0.0,0,0
2024-06-25 05:00:00,99.8665,68.46325,99.38875,61.954750000000004,Amber,0.320812709500978,0,0.1413,0.0,0,0
2024-06-25 06:00:00,100.0,75.0215,99.64375,61.824250000000006,Amber,1.5443607665877328,0,0.3312,0.0,0,0
2024-06-25 07:00:00,99.81725,97.60525,99.4625,66.04725,Amber,-0.16795168519562256,0,0.3384,0.0,0,0
2024-06-25 08:00:00,99.9245,97.20675,99.72525,57.1045,Amber,0.7417228515050693,0,0.4528,0.0,0,0
2024-06-25 09:00:00,99.5795,111.42175,99.17275000000001,54.183,Amber,-1.5803407802842058,0,0.2222,0.0,0,0
2024-06-25 10:00:00,99.72125,113.29599999999999,99.385,54.1,Amber,-0.6445040790434808,0,0.1333,0.0,0,0
2024-06-25 11:00:00,99.62625,124.67875000000001,99.36574999999999,50.2415,Amber,-0.9143867918267757,0,0.0,0.0,0,0
2024-06-25 12:00:00,99.603,118.7655,99.3885,46.268,Amber,-0.7984505264813716,0,0.0,0.0,0,0
2024-06-25 13:00:00,99.61749999999999,123.61699999999999,99.3665,36.4935,Amber,-0.47108258594703273,0,0.0,0.0,0,0
2024-06-25 14:00:00,99.8125,114.18375,99.6005,30.50925,Amber,1.711811614209959,0,0.0024,0.0,0,0
2024-06-25 15:00:00,99.51375,107.73725,99.69975,36.09875,Green,-1.3034062230392218,0,0.0,0.0,0,0
2024-06-25 16:00:00,99.01225,101.71625,99.52225,32.2065,Red,-1.9055248439246766,0,0.0,0.3857,0,1
2024-06-25 17:00:00,99.3485,84.24875,99.45625,33.42375,Amber,-0.4925341363101539,0,0.0,0.4351,0,0
2024-06-25 18:00:00,99.23675,75.22175,99.42725,32.780249999999995,Amber,-0.6549223629455151,0,0.0,0.5963,0,0
2024-06-25 19:00:00,99.2335,66.85375,99.6555,28.19725,Red,-0.4568111292892174,0,0.0,0.7607,0,1
2024-06-25 20:00:00,99.549,65.975,99.39824999999999,28.362,Amber,1.1674578127412707,0,0.0,0.6096,0,0
2024-06-25 21:00:00,99.098,55.9855,99.3655,28.48725,Red,-0.7837482773747689,0,0.0,0.9096,0,1
2024-06-25 22:00:00,99.5925,44.85475,99.36825,36.92075,Amber,1.2864118905557567,0,0.0,0.715,0,0
2024-06-25 23:00:00,99.6855,44.97225,99.542,47.857749999999996,Green,1.196333493782508,0,0.0,0.4274,0,0
2024-06-26 00:00:00,99.5565,42.61175,99.7555,46.80825,Amber,0.4495064375437986,0,0.0,0.2689,0,0
2024-06-26 01:00:00,99.995,45.7215,99.4285,49.0375,Amber,1.4384494782588535,0,0.1849,0.0,0,0
2024-06-26 02:00:00,99.87825000000001,49.2695,99.57374999999999,51.755,Amber,0.7811675076955229,0,0.253,0.0,0,0
2024-06-26 03:00:00,99.64625,48.775,99.70925,60.4375,Amber,-0.45836992143873545,0,0.0892,0.0,0,0
2024-06-26 04:00:00,99.83,60.278,99.557,57.777,Amber,0.39575361366299977,0,0.1091,0.0,0,0
2024-06-26 05:00:00,99.95,66.73075,99.39425,60.257000000000005,Amber,0.812256553342942,0,0.249,0.0,0,0
2024-06-26 06:00:00,99.85725,75.94875,99.596,57.972,Amber,-0.018244715795038294,0,0.2961,0.0,0,0
2024-06-26 07:00:00,100.0,91.484,99.4365,60.30725,Amber,1.143544190550286,0,0.486,0.0,0,0
2024-06-26 08:00:00,99.845,100.533,99.512,60.61625,Amber,-0.07995227811033777,0,0.5209,0.0,0,0
2024-06-26 09:00:00,99.9185,109.94,99.401,56.75275,Amber,0.2733435405220709,0,0.6293,0.0,0,0
2024-06-26 10:00:00,99.6325,106.82075,99.33275,49.107,Amber,-1.8238962897181747,0,0.4517,0.0,0,0
2024-06-26 11:00:00,99.6255,121.45725,99.5325,57.18275,Amber,-1.2274994848079521,0,0.2671,0.0,0,0
2024-06-26 12:00:00,99.62175,122.4815,99.457,43.605,Amber,-0.9018967177874584,0,0.0787,0.0,0,0
2024-06-26 13:00:00,99.4015,122.1165,99.426,35.49875,Amber,-1.4781602527195465,0,0.0,0.0,0,0
2024-06-26 14:00:00,99.37375,115.482,99.48175,36.9645,Amber,-1.1259092815244494,0,0.0,0.0242,0,0
2024-06-26 15:00:00,99.74625,116.22825,99.621,32.02225,Amber,1.2228931063668695,0,0.0,0.0,0,0
2024-06-26 16:00:00,99.37625,99.34475,99.2585,33.33175,Amber,-0.9220920234446862,0,0.0,0.0217,0,0
2024-06-26 17:00:00,99.39125,86.27475,99.55875,30.99475,Green,-0.5892179040442287,0,0.0,0.0284,0,0
2024-06-26 18:00:00,99.40225000000001,82.41775,99.57675,30.826,Amber,-0.3163128049422495,0,0.0,0.024,0,0
2024-06-26 19:00:00,99.25975,70.113,99.507,32.088,Red,-0.9971940020332904,0,0.0,0.1622,0,1
2024-06-26 20:00:00,99.58175,56.86525,99.76775,30.46875,Amber,0.7008194819611592,0,0.0,0.0,0,0
2024-06-26 21:00:00,99.7415,49.063500000000005,99.39099999999999,35.647,Amber,1.6364101629894372,0,0.0,0.0,0,0
2024-06-26 22:00:00,99.71075,46.9915,99.36925,37.94875,Amber,1.013881284023572,0,0.0,0.0,0,0
2024-06-26 23:00:00,99.41075000000001,44.5785,99.478,42.80475,Amber,-0.5598794561820409,0,0.0,0.0,0,0
2024-06-27 00:00:00,99.27199999999999,43.706,99.646,49.5625,Green,-1.051678714578663,0,0.0,0.1259,0,0
2024-06-27 01:00:00,99.48349999999999,39.366749999999996,99.41725,53.706,Amber,-0.27626651755216525,0,0.0,0.0404,0,0
2024-06-27 02:00:00,99.94,47.175,99.2855,54.96475,Amber,1.40560970132994,0,0.1299,0.0,0,0
2024-06-27 03:00:00,99.72800000000001,53.329,99.68299999999999,57.193999999999996,Amber,0.5593123755317404,0,0.0478,0.0,0,0
2024-06-27 04:00:00,99.7495,60.171749999999996,99.61875,60.40475,Amber,0.6100428299758325,0,0.0,0.0,0,0
2024-06-27 05:00:00,99.44550000000001,70.2025,99.431,58.07925,Amber,-0.6440791171636774,0,0.0,0.0,0,0
2024-06-27 06:00:00,99.828,85.3735,99.512,56.67375,Amber,0.6806666118687944,0,0.0179,0.0,0,0
2024-06-27 07:00:00,99.90350000000001,87.42025000000001,99.41575,56.008250000000004,Amber,0.7762260015998148,0,0.1113,0.0,0,0
2024-06-27 08:00:00,99.8535,99.9245,99.58425,55.335,Amber,0.6251272916913418,0,0.1547,0.0,0,0
2024-06-27 09:00:00,99.6805,103.60875,99.418,52.20675,Green,-0.3791960655801282,0,0.0251,0.0,0,0
2024-06-27 10:00:00,99.48,114.8815,99.5625,47.246,Green,-1.1067142848984914,0,0.0,0.0,0,0
2024-06-27 11:00:00,99.7585,122.2655,99.42125,43.411500000000004,Amber,0.050956478040476316,0,0.0,0.0,0,0
2024-06-27 12:00:00,99.85975,122.0265,99.3765,42.5555,Amber,0.6593195341495326,0,0.0496,0.0,0,0
2024-06-27 13:00:00,99.81425,119.8575,99.3445,42.245000000000005,Amber,0.5068060697240736,0,0.0538,0.0,0,0
2024-06-27 14:00:00,99.499,115.81125,99.2905,42.83425,Amber,-1.1382822978917044,0,0.0,0.0,0,0
2024-06-27 15:00:00,99.64225,106.83224999999999,99.2485,32.78825,Amber,-0.2065333609847306,0,0.0,0.0,0,0
2024-06-27 16:00:00,99.51050000000001,99.25274999999999,99.64949999999999,30.750999999999998,Amber,-1.1014070442939758,0,0.0,0.0,0,0
2024-06-27 17:00:00,99.268,89.48425,99.662,28.39675,Amber,-1.4994476744249676,0,0.0,0.1299,0,0
2024-06-27 18:00:00,99.62125,86.52325,99.3615,28.255,Green,0.33989316866347646,0,0.0,0.0,0,0
2024-06-27 19:00:00,99.0525,62.254,99.681,31.0695,Amber,-1.660252200498254,0,0.0,0.3454,0,0
2024-06-27 20:00:00,99.6325,57.157000000000004,99.72075000000001,29.7435,Amber,0.73373289101834,0,0.0,0.1109,0,0
2024-06-27 21:00:00,99.24225,58.38625,99.6545,37.5315,Red,-0.6180835215538338,0,0.0,0.2665,0,1
2024-06-27 22:00:00,99.305,48.05625,99.61975,39.361000000000004,Amber,-0.21216800735706803,0,0.0,0.3595,0,0
2024-06-27 23:00:00,99.49600000000001,40.20475,99.47,41.305,Amber,0.4523084007316501,0,0.0,0.2614,0,0
2024-06-28 00:00:00,99.61625000000001,41.48225,99.4805,47.33175,Amber,0.9810111838363903,0,0.0,0.0431,0,0
2024-06-28 01:00:00,99.74549999999999,41.71325,99.2495,51.82,Green,1.2096847554226613,0,0.0,0.0,0,0
2024-06-28 02:00:00,99.70525,41.203,99.18625,58.15975,Amber,0.8942265541069004,0,0.0,0.0,0,0
2024-06-28 03:00:00,99.991,57.138,99.30924999999999,52.517,Green,1.491175834988517,0,0.1809,0.0,0,0
2024-06-28 04:00:00,99.85875,64.39025000000001,99.29825,61.13075,Amber,0.7046579786269781,0,0.2295,0.0,0,0
2024-06-28 05:00:00,99.8135,67.47175,99.5675,59.291,Amber,0.19268198182369256,0,0.2329,0.0,0,0
2024-06-28 06:00:00,99.761,78.17699999999999,99.386,63.07425,Amber,-0.5018905096127496,0,0.1838,0.0,0,0
2024-06-28 07:00:00,100.0,91.32625,99.53875,59.185249999999996,Amber,1.2046990948104348,0,0.3737,0.0,0,0
2024-06-28 08:00:00,99.79975,99.25725,99.57925,55.6535,Amber,-0.6975905035752565,0,0.3633,0.0,0,0
2024-06-28 09:00:00,99.9405,109.89775,99.45400000000001,55.014,Amber,0.8574112373360749,0,0.4937,0.0,0,0
2024-06-28 10:00:00,99.75025,110.5695,99.64175,53.7275,Amber,-0.9190354020776318,0,0.4339,0.0,0,0
2024-06-28 11:00:00,99.9235,116.88325,99.42075,48.149,Amber,0.5787198337961376,0,0.5473,0.0,0,0
2024-06-28 12:00:00,99.44375,118.26525000000001,99.339,44.62425,Amber,-1.8121247487455727,0,0.1809,0.0,0,0
2024-06-28 13:00:00,99.511,118.14750000000001,99.4745,40.864,Amber,-1.0424576856913488,0,0.0,0.0,0,0
2024-06-28 14:00:00,99.661,118.3735,99.63125,38.36475,Amber,-0.21314385206082823,0,0.0,0.0,0,0
2024-06-28 15:00:00,99.354,108.19425,99.43475,34.35725,Amber,-1.1978742181482238,0,0.0,0.0439,0,0
2024-06-28 16:00:00,99.19024999999999,103.63975,99.64874999999999,25.3955,Red,-1.2701948622392472,0,0.0,0.2516,0,1
2024-06-28 17:00:00,99.51675,87.64175,99.554,34.5855,Amber,0.4391262937255872,0,0.0,0.1328,0,0
2024-06-28 18:00:00,99.42775,82.71525,99.51675,32.456,Amber,-0.09756091095165385,0,0.0,0.103,0,0
2024-06-28 19:00:00,99.58525,74.422,99.575,33.2215,Amber,0.7619442068406629,0,0.0,0.0,0,0
2024-06-28 20:00:00,99.89275,60.776,99.56725,34.027249999999995,Amber,1.6709076909170553,0,0.0826,0.0,0,0
2024-06-28 21:00:00,99.523,44.258,99.54925,32.24125,Amber,0.0016431461411776955,0,0.0,0.0,0,0
2024-06-28 22:00:00,99.57025,41.59125,99.58525,43.962,Amber,-0.09811891219215377,0,0.0,0.0,0,0
2024-06-28 23:00:00,99.62525,44.0975,99.345,42.52175,Amber,0.13525028696389252,0,0.0,0.0,0,0
2024-06-29 00:00:00,99.719,32.2265,99.608,41.3185,Amber,0.49246809943311626,0,0.0,0.0,0,0
2024-06-29 01:00:00,99.72575,39.96525,99.66550000000001,53.26325,Amber,0.37400251139410323,0,0.0,0.0,0,0
2024-06-29 02:00:00,99.725,45.518,99.357,55.036,Amber,0.8691260042261536,0,0.0,0.0,0,0
2024-06-29 03:00:00,99.91325,49.81425,99.571,57.6035,Green,1.7098868986003084,0,0.1031,0.0,0,0
2024-06-29 04:00:00,99.7755,61.19825,99.33225,60.6485,Amber,0.29736362771606967,0,0.0685,0.0,0,0
2024-06-29 05:00:00,99.41975,70.88525,99.7,61.91275,Amber,-1.8165128106627642,0,0.0,0.0,0,0
2024-06-29 06:00:00,99.9275,81.60025,99.46125,59.2795,Amber,0.9773227180255125,0,0.1174,0.0,0,0
2024-06-29 07:00:00,99.91975,96.076,99.68950000000001,56.39525,Amber,0.7127675467689798,0,0.227,0.0,0,0
2024-06-29 08:00:00,100.0,106.28625,99.45425,59.982,Amber,0.8212268523893027,0,0.4169,0.0,0,0
2024-06-29 09:00:00,99.617,112.26225,99.547,51.368,Green,-0.7194782794671354,0,0.2238,0.0,0,0
2024-06-29 10:00:00,99.81625,114.4235,99.40275,51.642250000000004,Amber,0.14782751881965137,0,0.23,0.0,0,0
2024-06-29 11:00:00,99.68925,121.47375,99.6555,42.9105,Green,-0.9297900636470653,0,0.1091,0.0,0,0
2024-06-29 12:00:00,99.76525000000001,125.36975,99.4745,45.4835,Amber,-0.2525996869958949,0,0.0642,0.0,0,0
2024-06-29 13:00:00,99.49425,121.0025,99.39075,43.536,Amber,-1.3558668995805438,0,0.0,0.0,0,0
2024-06-29 14:00:00,99.64125,109.01125,99.498,39.605000000000004,Green,-0.25620805971722377,0,0.0,0.0,0,0
2024-06-29 15:00:00,99.499,112.76599999999999,99.4895,30.7945,Amber,-1.1345762569497886,0,0.0,0.0,0,0
2024-06-29 16:00:00,99.36075,103.03775,99.42099999999999,32.15,Amber,-1.4322834220048881,0,0.0,0.0372,0,0
2024-06-29 17:00:00,99.3835,89.38749999999999,99.43074999999999,29.19725,Amber,-0.9074909008105548,0,0.0,0.0516,0,0
2024-06-29 18:00:00,99.38175,80.36574999999999,99.51825,28.79875,Green,-0.7312798796364637,0,0.0,0.0678,0,0
2024-06-29 19:00:00,99.0085,70.74000000000001,99.557,32.953,Amber,-1.7636571558819296,0,0.0,0.4572,0,0
2024-06-29 20:00:00,99.55799999999999,54.76575,99.65549999999999,34.95725,Green,1.0076917419881928,0,0.0,0.2971,0,0
2024-06-29 21:00:00,99.60875,54.1725,99.64675,34.241749999999996,Amber,1.0679896821297796,0,0.0,0.0863,0,0
2024-06-29 22:00:00,99.18575,50.42725,99.55799999999999,35.741749999999996,Amber,-0.7454698264009967,0,0.0,0.2985,0,0
2024-06-29 23:00:00,99.56025,42.939,99.49475,43.632,Green,0.729816367274106,0,0.0,0.1362,0,0
2024-06-30 00:00:00,99.68675,38.75175,99.553,53.5045,Amber,0.9286732218435584,0,0.0,0.0,0,0
2024-06-30 01:00:00,99.586,46.84425,99.56725,54.416,Amber,0.31375415591439565,0,0.0,0.0,0,0
2024-06-30 02:00:00,99.661,43.7805,99.57900000000001,54.74675,Amber,0.6150411148085289,0,0.0,0.0,0,0
2024-06-30 03:00:00,99.86375,54.897999999999996,99.41550000000001,54.77775,Amber,1.2127985074463337,0,0.0536,0.0,0,0
2024-06-30 04:00:00,99.7855,60.446,99.52000000000001,56.57425,Amber,0.815399815915152,0,0.029,0.0,0,0
2024-06-30 05:00:00,99.778,72.51075,99.44425,59.04625,Amber,0.5087209589164315,0,0.0,0.0,0,0
2024-06-30 06:00:00,99.9425,81.90025,99.6925,60.795,Amber,1.3304222194158424,0,0.1324,0.0,0,0
2024-06-30 07:00:00,99.93725,88.863,99.468,57.44175,Green,1.0098514555080293,0,0.2595,0.0,0,0
2024-06-30 08:00:00,99.24925,96.1705,99.437,58.998,Amber,-1.9639802105039799,0,0.0,0.1487,0,0
2024-06-30 09:00:00,99.463,104.4425,99.44624999999999,53.04975,Amber,-0.8246848998994926,0,0.0,0.0836,0,0
2024-06-30 10:00:00,99.6615,112.82525,99.52825,51.71725,Amber,-0.03792155437171768,0,0.0,0.0,0,0
2024-06-30 11:00:00,99.76375,113.273,99.7595,47.7775,Amber,0.3442672414926291,0,0.0,0.0,0,0
2024-06-30 12:00:00,99.608,121.144,99.17925,40.894999999999996,Amber,-0.024256443420913876,0,0.0,0.0,0,0
2024-06-30 13:00:00,99.9635,121.10225,99.441,34.120000000000005,Amber,1.4037314496075612,0,0.1534,0.0,0,0
2024-06-30 14:00:00,99.46725,113.86075,99.68325,37.4935,Amber,-0.98317971413903,0,0.0,0.0,0,0
2024-06-30 15:00:00,99.16525,107.6315,99.61975,29.9865,Red,-1.617668090354044,0,0.0,0.2327,0,1
2024-06-30 16:00:00,99.0355,101.488,99.77074999999999,29.38025,Red,-1.3153901726760244,0,0.0,0.5951,0,1
2024-06-30 17:00:00,99.56575,86.9115,99.44625,31.404249999999998,Amber,0.2952013189965464,0,0.0,0.4273,0,0
2024-06-30 18:00:00,99.49549999999999,82.3335,99.636,25.648,Amber,0.1431488952420661,0,0.0,0.3297,0,0
2024-06-30 19:00:00,99.53975,66.57475,99.45375,31.12375,Amber,0.7288390210223321,0,0.0,0.1879,0,0
2024-06-30 20:00:00,99.123,58.295249999999996,99.53,30.35125,Red,-0.8311213238046707,0,0.0,0.4628,0,1
2024-06-30 21:00:00,99.14425,44.46225,99.272,32.91225,Amber,-0.7184214119402665,0,0.0,0.7165,0,0
2024-06-30 22:00:00,99.36925,41.66825,99.537,43.795,Amber,-0.01857617985441134,0,0.0,0.7452,0,0
2024-06-30 23:00:00,99.51775,36.39175,99.451,42.091499999999996,Amber,0.8095308890719743,0,0.0,0.6254,0,0
2024-07-01 00:00:00,99.57375,36.66875,99.7025,48.199,Amber,0.9699033395508249,0,0.0,0.4495,0,0
2024-07-01 01:00:00,99.50275,42.96725,99.309,49.95325,Amber,0.666698432608239,0,0.0,0.3447,0,0
2024-07-01 02:00:00,99.7575,45.9095,99.52375,54.4975,Amber,1.3573737047868726,0,0.0,0.0,0,0
2024-07-01 03:00:00,99.83725,57.86425,99.498,61.99725,Amber,1.4054445608968629,0,0.0271,0.0,0,0
2024-07-01 04:00:00,99.488,57.89875,99.55,59.4045,Amber,-0.843309292151012,0,0.0,0.0,0,0
2024-07-01 05:00:00,99.806,71.67575000000001,99.63225,58.24625,Amber,0.9215972208015835,0,0.0,0.0,0,0
2024-07-01 06:00:00,99.9275,83.60475,99.59,60.54925,Amber,1.137570930080568,0,0.1174,0.0,0,0
2024-07-01 07:00:00,100.0,94.14175,99.485,57.065,Amber,1.1141406166189871,0,0.3073,0.0,0,0
2024-07-01 08:00:00,99.8565,101.64675,99.47625000000001,53.86125,Amber,0.21112091895850682,0,0.3537,0.0,0,0
2024-07-01 09:00:00,100.0,102.92075,99.59675,52.90525,Amber,0.8011564100063789,0,0.5436,0.0,0,0
2024-07-01 10:00:00,99.75225,113.0975,99.32525,48.292500000000004,Amber,-1.344652708034407,0,0.4857,0.0,0,0
2024-07-01 11:00:00,99.90425,111.23975,99.8035,42.78875,Green,-0.026582733454113636,0,0.5798,0.0,0,0
2024-07-01 12:00:00,99.748,123.66325,99.299,48.52125,Amber,-1.1420944245966793,0,0.5177,0.0,0,0
2024-07-01 13:00:00,99.54050000000001,118.95925,99.62325,43.9095,Green,-1.6337817981046705,0,0.2481,0.0,0,0
2024-07-01 14:00:00,99.78475,110.68825,99.57775,39.2985,Amber,-0.022617423214178957,0,0.2228,0.0,0,0
2024-07-01 15:00:00,99.42075,101.78125,99.4545,28.406750000000002,Amber,-1.529598983185485,0,0.0,0.0,0,0
2024-07-01 16:00:00,99.6645,106.154,99.56725,31.039499999999997,Amber,-0.07223227738509017,0,0.0,0.0,0,0
2024-07-01 17:00:00,99.572,87.89075,99.48175,22.09225,Green,-0.3632001044350172,0,0.0,0.0,0,0
2024-07-01 18:00:00,99.08324999999999,76.80475,99.16075000000001,29.006,Amber,-1.763216721070781,0,0.0,0.3147,0,0
2024-07-01 19:00:00,99.31025,75.49225,99.57225,31.9645,Amber,-0.6369364088813388,0,0.0,0.4024,0,0
2024-07-01 20:00:00,99.464,62.7375,99.44624999999999,34.254999999999995,Amber,0.21883118312263589,0,0.0,0.3363,0,0
2024-07-01 21:00:00,99.476,58.797,99.3935,33.31825,Amber,0.2309537627916161,0,0.0,0.2582,0,0
2024-07-01 22:00:00,99.90225,41.64775,99.48625,33.745999999999995,Amber,1.5913635812883666,0,0.0921,0.0,0,0
2024-07-01 23:00:00,99.679,37.80875,99.6675,45.7175,Amber,0.6795427054510189,0,0.0,0.0,0,0
2024-07-02 00:00:00,99.35425000000001,38.902499999999996,99.596,44.11575,Amber,-0.7947014573303975,0,0.0,0.0437,0,0
2024-07-02 01:00:00,99.59174999999999,39.0055,99.47625,53.812,Amber,0.07136678840960346,0,0.0,0.0,0,0
2024-07-02 02:00:00,99.691,40.394,99.519,47.86825,Amber,0.39656457715115384,0,0.0,0.0,0,0
2024-07-02 03:00:00,100.0,50.06375,99.529,57.408500000000004,Amber,1.2957049562710097,0,0.1899,0.0,0,0
2024-07-02 04:00:00,99.834,64.80875,99.29675,56.21025,Amber,0.6505787518793287,0,0.2138,0.0,0,0
2024-07-02 05:00:00,99.99575,62.91875,99.47675000000001,59.9315,Amber,1.0013178648018861,0,0.3994,0.0,0,0
2024-07-02 06:00:00,99.51525000000001,76.06475,99.44325,64.0625,Amber,-1.2468029700815706,0,0.1046,0.0,0,0
2024-07-02 07:00:00,99.69200000000001,92.8395,99.186,61.762499999999996,Amber,-0.5014745362963207,0,0.0,0.0,0,0
2024-07-02 08:00:00,99.754,107.07125,99.616,58.3905,Amber,-0.23832384038314267,0,0.0,0.0,0,0
2024-07-02 09:00:00,99.57925,113.31325,99.37025,52.1895,Amber,-0.8544860048600235,0,0.0,0.0,0,0
2024-07-02 10:00:00,99.42425,117.56975,99.54025,47.885,Amber,-1.1628861781235054,0,0.0,0.0,0,0
2024-07-02 11:00:00,99.769,121.66825,99.4055,47.130250000000004,Amber,1.0573415482731305,0,0.0,0.0,0,0
2024-07-02 12:00:00,99.94125,120.85849999999999,99.435,46.3165,Amber,1.402479284410427,0,0.1311,0.0,0,0
2024-07-02 13:00:00,99.74875,110.20150000000001,99.57900000000001,36.6,Amber,0.25809450794490574,0,0.0698,0.0,0,0
2024-07-02 14:00:00,99.52674999999999,116.925,99.4155,37.193,Amber,-0.7308902136430957,0,0.0,0.0,0,0
2024-07-02 15:00:00,99.52199999999999,110.314,99.474,32.7995,Amber,-0.682003275756023,0,0.0,0.0,0,0
2024-07-02 16:00:00,99.426,102.83275,99.4315,33.3565,Amber,-1.1770229565472163,0,0.0,0.0,0,0
2024-07-02 17:00:00,99.07675,88.886,99.476,27.0805,Red,-1.5756305374190782,0,0.0,0.3212,0,1
2024-07-02 18:00:00,99.6965,78.82375,99.4745,32.166,Amber,0.8234362323142395,0,0.0,0.0226,0,0
2024-07-02 19:00:00,99.46549999999999,66.91175,99.47999999999999,31.54875,Amber,0.06435705869328659,0,0.0,0.0,0,0
2024-07-02 20:00:00,99.6985,58.318,99.51725,32.384,Green,0.9504983704756853,0,0.0,0.0,0,0
2024-07-02 21:00:00,99.63725,52.388,99.5045,38.3185,Green,0.5769023229446946,0,0.0,0.0,0,0
2024-07-02 22:00:00,99.7485,37.924499999999995,99.4855,42.247749999999996,Amber,0.7676343045966828,0,0.0,0.0,0,0
2024-07-02 23:00:00,99.366,40.14125,99.403,43.2235,Amber,-1.554551236804669,0,0.0,0.0319,0,0
2024-07-03 00:00:00,99.80675,48.7435,99.231,47.9645,Amber,1.0895648458851688,0,0.0,0.0,0,0
2024-07-03 01:00:00,99.74575,37.8705,99.64125,54.73,Amber,0.49756258818021887,0,0.0,0.0,0,0
2024-07-03 02:00:00,99.89875,42.78,99.67175,55.296,Green,1.0725323100994284,0,0.0886,0.0,0,0
2024-07-03 03:00:00,99.79375,55.615249999999996,99.61175,58.025999999999996,Amber,0.36272145832573754,0,0.0723,0.0,0,0
2024-07-03 04:00:00,99.75874999999999,58.285250000000005,99.4605,57.6855,Amber,0.16422781312504475,0,0.0209,0.0,0,0
2024-07-03 05:00:00,99.8125,66.35125,99.28925000000001,60.16675,Amber,0.18124601891242353,0,0.0233,0.0,0,0
2024-07-03 06:00:00,99.632,81.44825,99.2835,61.735499999999995,Amber,-1.610806589974027,0,0.0,0.0,0,0
2024-07-03 07:00:00,99.821,90.05175,99.41775,63.771,Amber,0.39408237522698036,0,0.0109,0.0,0,0
2024-07-03 08:00:00,99.53325,95.48474999999999,99.384,57.103,Amber,-1.6441600947215493,0,0.0,0.0,0,0
2024-07-03 09:00:00,99.943,102.613,99.39175,55.67,Amber,1.31765965372301,0,0.1329,0.0,0,0
2024-07-03 10:00:00,99.79075,122.5305,99.33,51.104,Green,0.2397640129361425,0,0.1135,0.0,0,0
2024-07-03 11:00:00,99.96325,122.4745,99.5135,43.591499999999996,Amber,1.0738859480464138,0,0.2667,0.0,0,0
2024-07-03 12:00:00,99.62950000000001,110.7705,99.372,48.2545,Amber,-0.8830344322916677,0,0.0861,0.0,0,0
2024-07-03 13:00:00,99.7465,120.018,99.64325,38.628,Green,-0.12496405925500353,0,0.0225,0.0,0,0
2024-07-03 14:00:00,99.152,115.0815,99.49275,35.7585,Red,-1.8531222069355173,0,0.0,0.2459,0,1
2024-07-03 15:00:00,99.76849999999999,109.56524999999999,99.3875,31.185000000000002,Amber,0.33624013440692113,0,0.0,0.0,0,0
2024-07-03 16:00:00,98.938,103.1705,99.38125,28.70275,Amber,-1.4923889123784673,0,0.0,0.4599,0,0
2024-07-03 17:00:00,99.69875,93.58225,99.454,35.18,Amber,0.593458657818514,0,0.0,0.1591,0,0
2024-07-03 18:00:00,99.47575,93.35475,99.568,26.679499999999997,Amber,0.036030722458355445,0,0.0,0.0813,0,0
2024-07-03 19:00:00,99.36875,71.61525,99.548,30.367250000000002,Red,-0.09908128585290528,0,0.0,0.1105,0,1
2024-07-03 20:00:00,99.257,61.751,99.45625,33.86975,Red,-0.5279654995673406,0,0.0,0.2514,0,1
2024-07-03 21:00:00,99.69225,57.058,99.2685,33.553000000000004,Amber,0.9966328892030291,0,0.0,0.0,0,0
2024-07-03 22:00:00,99.44975,47.74975,99.53325000000001,35.8455,Green,-0.23051561936585394,0,0.0,0.0,0,0
2024-07-03 23:00:00,99.4765,36.62775,99.08449999999999,43.532250000000005,Amber,0.16076001293323014,0,0.0,0.0,0,0
2024-07-04 00:00:00,99.78425,36.86475,99.628,43.7685,Amber,1.4081877075459408,0,0.0,0.0,0,0
2024-07-04 01:00:00,99.82475,36.1495,99.84925,53.61075,Green,1.0995372539737032,0,0.0146,0.0,0,0
2024-07-04 02:00:00,99.7745,49.56,99.348,53.1005,Amber,0.6558920912903144,0,0.0,0.0,0,0
2024-07-04 03:00:00,99.59675,52.19975,99.27674999999999,53.56675,Amber,-0.32812984355699126,0,0.0,0.0,0,0
2024-07-04 04:00:00,99.8935,71.30125,99.763,63.87025,Amber,1.0762256904363905,0,0.0834,0.0,0,0
2024-07-04 05:00:00,99.7265,73.506,99.5635,60.83975,Amber,-0.40081899147477507,0,0.0,0.0,0,0
2024-07-04 06:00:00,99.95175,75.054,99.55199999999999,58.543000000000006,Amber,1.245513677716178,0,0.1416,0.0,0,0
2024-07-04 07:00:00,99.558,96.26325,99.4535,58.75925,Amber,-1.226221098896051,0,0.0,0.0,0,0
2024-07-04 08:00:00,99.59275,89.681,99.4855,57.9925,Amber,-0.7557341373531609,0,0.0,0.0,0,0
2024-07-04 09:00:00,99.72725,103.03225,99.6695,53.93775,Green,-0.09145265853959521,0,0.0,0.0,0,0
2024-07-04 10:00:00,99.8485,112.96350000000001,99.655,47.78425,Green,0.7657241610169874,0,0.0384,0.0,0,0
2024-07-04 11:00:00,99.39875,115.40799999999999,99.564,48.35975,Amber,-1.3829226414686107,0,0.0,0.0,0,0
2024-07-04 12:00:00,99.89075,114.419,99.5065,43.47875,Amber,1.1803028417375525,0,0.0806,0.0,0,0
2024-07-04 13:00:00,99.7085,123.95425,99.512,37.5985,Green,0.078405534984386,0,0.0,0.0,0,0
2024-07-04 14:00:00,99.1865,122.949,99.256,35.587,Amber,-1.5937521285402751,0,0.0,0.2114,0,0
2024-07-04 15:00:00,98.8395,106.17925,99.38675,32.3895,Amber,-1.5416422041440914,0,0.0,0.7699,0,0
2024-07-04 16:00:00,99.67275000000001,99.161,99.4635,31.98525,Amber,0.5744464666643485,0,0.0,0.495,0,0
2024-07-04 17:00:00,99.2965,95.407,99.71575,27.3725,Amber,-0.3453289225599907,0,0.0,0.5965,0,0
2024-07-04 18:00:00,99.31675,79.94525,99.63825,31.703,Amber,-0.06184238786404843,0,0.0,0.6776,0,0
2024-07-04 19:00:00,99.57925,68.45825,99.59825000000001,30.19325,Amber,0.8893057607275637,0,0.0,0.4963,0,0
2024-07-04 20:00:00,99.49074999999999,60.7565,99.578,31.805,Amber,0.4210084463259065,0,0.0,0.4035,0,0
2024-07-04 21:00:00,99.193,45.571,99.53175,39.149,Amber,-1.2515986187650163,0,0.0,0.6084,0,0
2024-07-04 22:00:00,99.215,50.44,99.62675,38.4175,Amber,-0.8649129996022534,0,0.0,0.7914,0,0
2024-07-04 23:00:00,99.68775,42.47425,99.658,39.09725,Amber,1.3497818791628986,0,0.0,0.5015,0,0
2024-07-05 00:00:00,99.67025,37.7025,99.2635,42.67375,Amber,0.8988629743267509,0,0.0,0.2292,0,0
2024-07-05 01:00:00,99.54675,39.18025,99.405,51.956,Amber,0.36628175059779783,0,0.0,0.0804,0,0
2024-07-05 02:00:00,99.49575,45.11125,99.4075,48.84625,Amber,0.12739995281271527,0,0.0,0.0,0,0
2024-07-05 03:00:00,99.72149999999999,52.39725,99.46825,60.170500000000004,Amber,0.8767629086498608,0,0.0,0.0,0,0
2024-07-05 04:00:00,99.57,58.49475,99.33250000000001,56.533500000000004,Amber,-0.503142842160454,0,0.0,0.0,0,0
2024-07-05 05:00:00,99.6295,68.03625,99.578,62.07875,Amber,0.28543688051005184,0,0.0,0.0,0,0
2024-07-05 06:00:00,100.0,82.97274999999999,99.62299999999999,59.8205,Amber,1.8504909517224473,0,0.1899,0.0,0,0
2024-07-05 07:00:00,100.0,90.12375,99.40825,58.3975,Amber,1.2140161523284874,0,0.3798,0.0,0,0
2024-07-05 08:00:00,99.2655,103.90675,99.4015,55.2005,Red,-1.5455402303495744,0,0.0,0.1324,0,1
2024-07-05 09:00:00,99.50925000000001,111.06225,99.44325,55.31625,Green,-0.5292443917569493,0,0.0,0.0211,0,0
2024-07-05 10:00:00,99.77799999999999,122.1935,99.54275,51.423500000000004,Amber,0.28061263397773734,0,0.0,0.0,0,0
2024-07-05 11:00:00,99.3825,111.9345,99.32275,47.8025,Amber,-0.8641558828410996,0,0.0,0.0154,0,0
2024-07-05 12:00:00,99.8295,121.188,99.682,41.82225,Green,0.707927348371552,0,0.0194,0.0,0,0
2024-07-05 13:00:00,99.45725,118.1685,99.2735,36.3195,Amber,-0.35783572893816656,0,0.0,0.0,0,0
2024-07-05 14:00:00,99.524,115.85650000000001,99.62025,38.697250000000004,Amber,-0.30998080940222666,0,0.0,0.0,0,0
2024-07-05 15:00:00,99.73675,108.59224999999999,99.30799999999999,31.7105,Amber,0.635525548048523,0,0.0,0.0,0,0
2024-07-05 16:00:00,99.23949999999999,92.83125,99.5795,31.38175,Amber,-1.3073710066915658,0,0.0,0.1584,0,0
2024-07-05 17:00:00,99.107,92.61625000000001,99.3375,31.79475,Red,-1.3483050098287905,0,0.0,0.4494,0,1
2024-07-05 18:00:00,99.3365,81.77000000000001,99.46225,26.85625,Amber,-0.2860474452836092,0,0.0,0.5108,0,0
2024-07-05 19:00:00,99.4875,73.839,99.24525,28.94675,Amber,0.3666205454544124,0,0.0,0.4212,0,0
2024-07-05 20:00:00,99.8435,57.0505,99.427,34.78525,Green,1.3399157069744159,0,0.0334,0.0,0,0
2024-07-05 21:00:00,99.5595,52.327,99.3965,35.62425,Amber,0.5004601878203178,0,0.0,0.0,0,0
2024-07-05 22:00:00,99.523,46.43025,99.1805,36.36725,Red,0.19119919601466487,0,0.0,0.0,0,1
2024-07-05 23:00:00,99.741,39.253,99.4115,42.8635,Amber,0.8713104235311253,0,0.0,0.0,0,0
2024-07-06 00:00:00,99.76025,41.52375,99.36,42.396,Amber,0.7315097799686364,0,0.0,0.0,0,0
2024-07-06 01:00:00,99.45525,39.2415,99.51599999999999,46.1775,Amber,-1.2378967064644177,0,0.0,0.0,0,0
2024-07-06 02:00:00,99.7055,48.396,99.52925,52.50475,Amber,0.6367945597518121,0,0.0,0.0,0,0
2024-07-06 03:00:00,99.6485,53.699,99.1845,55.92875,Amber,0.07730601734368273,0,0.0,0.0,0,0
2024-07-06 04:00:00,99.57425,65.107,99.37899999999999,60.7195,Amber,-0.6317383826283837,0,0.0,0.0,0,0
2024-07-06 05:00:00,99.98075,73.01125,99.36824999999999,60.58975,Amber,1.6403023894912756,0,0.1706,0.0,0,0
2024-07-06 06:00:00,99.8515,71.4375,99.459,63.35725,Amber,0.7843577986931226,0,0.212,0.0,0,0
2024-07-06 07:00:00,99.9195,85.6725,99.50475,59.78225,Amber,0.8649804672429531,0,0.3214,0.0,0,0
2024-07-06 08:00:00,99.987,103.872,99.34875,57.93275,Amber,0.911744074180971,0,0.4983,0.0,0,0
2024-07-06 09:00:00,99.88675,107.81175,99.7045,52.9945,Green,0.1318843818426679,0,0.575,0.0,0,0
2024-07-06 10:00:00,99.69624999999999,122.34575,99.65275,49.18475,Amber,-1.7785006657399245,0,0.4611,0.0,0,0
2024-07-06 11:00:00,99.63775,120.4735,99.38925,47.188,Amber,-1.4220164518485163,0,0.2887,0.0,0,0
2024-07-06 12:00:00,99.62425,123.907,99.43299999999999,41.336,Amber,-1.0631423561805322,0,0.1029,0.0,0,0
2024-07-06 13:00:00,99.31625,118.31075,99.46175,37.78775,Amber,-1.6033633372831688,0,0.0,0.0817,0,0
2024-07-06 14:00:00,99.82575,113.27025,99.529,33.59725,Amber,0.8062129251247032,0,0.0156,0.0,0,0
2024-07-06 15:00:00,99.455,106.06225,99.4195,27.64125,Amber,-0.7607337909225993,0,0.0,0.0,0,0
2024-07-06 16:00:00,98.9505,103.334,99.49625,33.57375,Amber,-1.6847452058989871,0,0.0,0.4474,0,0
2024-07-06 17:00:00,99.50975,91.03275,99.31775,29.366999999999997,Amber,0.21121707361450828,0,0.0,0.3356,0,0
2024-07-06 18:00:00,99.542,77.491,99.71025,31.119,Amber,0.3758393764048563,0,0.0,0.1915,0,0
2024-07-06 19:00:00,99.159,71.034,99.24275,30.694,Red,-0.8034904273512452,0,0.0,0.4305,0,1
2024-07-06 20:00:00,99.479,59.5355,99.47575,32.91975,Amber,0.5425652235446069,0,0.0,0.3494,0,0
2024-07-06 21:00:00,99.49,51.57675,99.40625,39.15925,Amber,0.5560353132800597,0,0.0,0.2573,0,0
2024-07-06 22:00:00,99.315,38.811,99.62675,37.29025,Green,-0.6784285925680729,0,0.0,0.3403,0,0
2024-07-06 23:00:00,99.18775,38.2235,99.40225000000001,42.02625,Amber,-1.0563178432565248,0,0.0,0.5504,0,0
2024-07-07 00:00:00,99.676,42.747749999999996,99.55975000000001,48.2985,Green,1.4598126295762952,0,0.0,0.2724,0,0
2024-07-07 01:00:00,100.0,35.72175,99.554,51.798500000000004,Green,1.6608843005431528,0,0.1899,0.0,0,0
2024-07-07 02:00:00,99.7145,44.63125,99.50775,49.21075,Amber,0.5110595686358267,0,0.0943,0.0,0,0
2024-07-07 03:00:00,99.80525,50.4435,99.4345,54.6255,Amber,0.6155320673798254,0,0.0894,0.0,0,0
2024-07-07 04:00:00,100.0,54.80175,99.59725,61.7145,Amber,0.8994038097639656,0,0.2793,0.0,0,0
2024-07-07 05:00:00,99.92975,63.52875,99.57900000000001,57.95625,Green,0.5288896602135488,0,0.399,0.0,0,0
2024-07-07 06:00:00,99.78525,83.8485,99.4445,58.3995,Amber,-0.7222897124627767,0,0.3741,0.0,0,0
2024-07-07 07:00:00,99.72274999999999,91.582,99.452,59.776250000000005,Amber,-0.8993294996560917,0,0.2867,0.0,0,0
2024-07-07 08:00:00,99.69024999999999,92.967,99.507,55.70075,Amber,-1.0986342353954897,0,0.1669,0.0,0,0
2024-07-07 09:00:00,99.902,110.89625000000001,99.69725,53.777249999999995,Green,0.5142019054207609,0,0.2588,0.0,0,0
2024-07-07 10:00:00,99.81875,121.6835,99.7025,53.81575,Amber,0.1114725078558059,0,0.2674,0.0,0,0
2024-07-07 11:00:00,99.63275,113.9735,99.678,47.64175,Amber,-1.3026465754363896,0,0.0901,0.0,0,0
2024-07-07 12:00:00,99.5725,119.6935,99.592,41.60775,Amber,-1.246270417875576,0,0.0,0.0,0,0
2024-07-07 13:00:00,99.41775,123.6965,99.42575,41.595,Amber,-1.4656816458330928,0,0.0,0.0,0,0
2024-07-07 14:00:00,99.55199999999999,121.24225,99.65899999999999,36.95525,Amber,-0.5408006940291088,0,0.0,0.0,0,0
2024-07-07 15:00:00,99.28775,110.257,99.47825,35.33,Amber,-1.4232517801507707,0,0.0,0.1102,0,0
2024-07-07 16:00:00,99.77825,102.03025,99.51075,30.07075,Amber,1.397394935294168,0,0.0,0.0,0,0
2024-07-07 17:00:00,98.98725,88.4265,99.47775,25.99825,Red,-1.6308288357180099,0,0.0,0.4107,0,1
2024-07-07 18:00:00,99.4625,75.56975,99.4115,29.470750000000002,Amber,0.18181219281974562,0,0.0,0.3461,0,0
2024-07-07 19:00:00,99.5,61.77825,99.631,32.73375,Green,0.2690986019848606,0,0.0,0.244,0,0
2024-07-07 20:00:00,99.49925,59.9105,99.17475,36.18675,Amber,0.3037347848235444,0,0.0,0.1427,0,0
2024-07-07 21:00:00,99.70075,52.24825,99.652,34.032250000000005,Green,0.7705309220511413,0,0.0,0.0,0,0
2024-07-07 22:00:00,99.47149999999999,53.592999999999996,99.5415,41.460499999999996,Amber,0.14592085546010594,0,0.0,0.0,0,0
2024-07-07 23:00:00,99.76325,47.2635,99.64925,36.59025,Amber,1.5066484164278156,0,0.0,0.0,0,0
2024-07-08 00:00:00,99.94800000000001,35.809,99.4075,46.747,Amber,1.5803018543234786,0,0.1379,0.0,0,0
2024-07-08 01:00:00,99.936,44.8265,99.55625,51.89725,Amber,1.0515797929496171,0,0.2638,0.0,0,0
2024-07-08 02:00:00,99.43,48.116749999999996,99.619,57.1735,Amber,-1.2546901134476545,0,0.0,0.0,0,0
2024-07-08 03:00:00,99.96125,52.89,99.48225,55.2335,Green,0.857698907324225,0,0.1511,0.0,0,0
2024-07-08 04:00:00,99.399,66.9385,99.59225,61.93325,Amber,-1.2993079148958497,0,0.0,0.0,0,0
2024-07-08 05:00:00,99.76975,67.9485,99.50999999999999,59.753,Amber,0.11089609717583136,0,0.0,0.0,0,0
2024-07-08 06:00:00,99.86225,82.32625,99.6275,57.6925,Amber,0.5417993655306829,0,0.0521,0.0,0,0
2024-07-08 07:00:00,99.79225,90.374,99.2595,57.98625,Amber,0.38557015380223925,0,0.0343,0.0,0,0
2024-07-08 08:00:00,100.0,100.20125,99.44149999999999,57.88875,Amber,0.9412554466530171,0,0.2242,0.0,0,0
2024-07-08 09:00:00,99.70325,111.044,99.57475,56.05525,Amber,-0.2542211359767637,0,0.1173,0.0,0,0
2024-07-08 10:00:00,99.7915,114.886,99.4385,47.222,Amber,-0.2780375410533304,0,0.0987,0.0,0,0
2024-07-08 11:00:00,99.6725,125.94149999999999,99.27875,46.5025,Green,-1.1118250059259587,0,0.0,0.0,0,0
2024-07-08 12:00:00,99.738,123.0775,99.31450000000001,46.346000000000004,Green,-0.3856052125556761,0,0.0,0.0,0,0
2024-07-08 13:00:00,99.39574999999999,121.50475,99.51775,41.684,Amber,-1.640869228268225,0,0.0,0.0022,0,0
2024-07-08 14:00:00,99.79075,106.6275,99.46025,36.600750000000005,Amber,0.7353686425278367,0,0.0,0.0,0,0
2024-07-08 15:00:00,99.28450000000001,109.19675,99.28425,34.318,Red,-1.5027159176210876,0,0.0,0.1134,0,1
2024-07-08 16:00:00,99.36625000000001,98.62025,99.7485,34.07,Green,-0.8058598655899483,0,0.0,0.1451,0,0
2024-07-08 17:00:00,99.29375,89.374,99.53725,27.204500000000003,Green,-0.8149253239146046,0,0.0,0.2493,0,0
2024-07-08 18:00:00,99.24,73.02,99.36325,34.55875,Amber,-0.7683178082623111,0,0.0,0.4072,0,0
2024-07-08 19:00:00,99.745,72.31075,99.31524999999999,31.84,Amber,1.1788518965834462,0,0.0,0.0601,0,0
2024-07-08 20:00:00,99.39025,59.6665,99.39775,30.42125,Amber,0.019693229371244386,0,0.0,0.0678,0,0
2024-07-08 21:00:00,99.75475,52.0205,99.4255,31.4805,Amber,1.276429803989446,0,0.0,0.0,0,0
2024-07-08 22:00:00,99.606,41.385999999999996,99.73575,35.1245,Green,0.4446429609128919,0,0.0,0.0,0,0
2024-07-08 23:00:00,99.45824999999999,47.64575,99.38125,43.16525,Amber,-0.360614566995903,0,0.0,0.0,0,0
2024-07-09 00:00:00,99.56524999999999,31.7185,99.6835,45.543,Amber,-0.14433918183823657,0,0.0,0.0,0,0
2024-07-09 01:00:00,99.56,40.69775,99.332,46.08825,Amber,0.033783210066375975,0,0.0,0.0,0,0
2024-07-09 02:00:00,99.5635,45.49875,99.27199999999999,56.108000000000004,Amber,-0.21835723852703187,0,0.0,0.0,0,0
2024-07-09 03:00:00,99.82475,60.558,99.408,58.637249999999995,Amber,1.8691096891288241,0,0.0146,0.0,0,0
2024-07-09 04:00:00,99.96975,65.7275,99.38225,56.44375,Green,1.5963233222160547,0,0.1743,0.0,0,0
2024-07-09 05:00:00,99.96575,64.62275,99.5855,57.962,Amber,1.1074728476251878,0,0.3299,0.0,0,0
2024-07-09 06:00:00,99.64725,74.95425,99.72725,61.16325,Amber,-0.5660954501875234,0,0.1671,0.0,0,0
2024-07-09 07:00:00,99.668,91.696,99.55225,58.8545,Amber,-0.6086642432135088,0,0.025,0.0,0,0
2024-07-09 08:00:00,99.56,98.77875,99.57475,58.3715,Amber,-1.2243047954900268,0,0.0,0.0,0,0
2024-07-09 09:00:00,99.68675,104.34625,99.48775,56.756,Amber,-0.360114283626638,0,0.0,0.0,0,0
2024-07-09 10:00:00,99.506,112.41725,99.69025,46.83025,Green,-1.042443954480238,0,0.0,0.0,0,0
2024-07-09 11:00:00,99.78875,118.96525,99.555,48.92875,Amber,1.4675601117060095,0,0.0,0.0,0,0
2024-07-09 12:00:00,99.69550000000001,119.92875000000001,99.20425,44.96425,Amber,0.4387179514544285,0,0.0,0.0,0,0
2024-07-09 13:00:00,99.5405,123.78875000000001,99.57025,37.579,Green,-0.8065385079507427,0,0.0,0.0,0,0
2024-07-09 14:00:00,99.66725,114.21625,99.57825,36.00625,Amber,0.18758830787248149,0,0.0,0.0,0,0
2024-07-09 15:00:00,99.22225,110.73425,99.39150000000001,33.8585,Amber,-1.7435161886585402,0,0.0,0.1757,0,0
2024-07-09 16:00:00,99.23725,94.94749999999999,99.43875,31.041,Amber,-1.188567763502746,0,0.0,0.3364,0,0
2024-07-09 17:00:00,99.46925,89.2645,99.49525,29.932000000000002,Amber,-0.013410413983894507,0,0.0,0.265,0,0
2024-07-09 18:00:00,99.56925,83.217,99.4835,28.51225,Amber,0.6470577447256468,0,0.0,0.0937,0,0
2024-07-09 19:00:00,99.4475,72.9705,99.53125,29.53975,Amber,0.0678129234672272,0,0.0,0.0441,0,0
2024-07-09 20:00:00,99.445,59.633,99.51675,33.8625,Green,0.3365546074480772,0,0.0,0.0,0,0
2024-07-09 21:00:00,99.59649999999999,53.9215,99.56725,36.976749999999996,Amber,1.0685467654417573,0,0.0,0.0,0,0
2024-07-09 22:00:00,99.8145,46.604749999999996,99.5455,41.1335,Amber,1.818520155595168,0,0.0044,0.0,0,0
2024-07-09 23:00:00,99.33,39.12475,99.54124999999999,38.99075,Amber,-1.2142160656172905,0,0.0,0.0679,0,0
2024-07-10 00:00:00,99.72,37.545500000000004,99.43275,45.79575,Amber,0.8723746981000102,0,0.0,0.0,0,0
2024-07-10 01:00:00,99.88175,41.565,99.2805,43.951750000000004,Amber,1.1656020600051107,0,0.0716,0.0,0,0
2024-07-10 02:00:00,99.5475,50.2945,99.54175000000001,54.0785,Amber,-0.5025927135836941,0,0.0,0.0,0,0
2024-07-10 03:00:00,99.78399999999999,47.39025,99.346,57.22125,Amber,0.5077711028210604,0,0.0,0.0,0,0
2024-07-10 04:00:00,99.85075,61.1325,99.43975,55.29225,Amber,0.7832070330406721,0,0.0406,0.0,0,0
2024-07-10 05:00:00,99.88925,72.491,99.3875,60.3585,Amber,0.8467425589333226,0,0.1198,0.0,0,0
2024-07-10 06:00:00,99.95775,79.9665,99.5175,62.010999999999996,Amber,0.9652094644237666,0,0.2674,0.0,0,0
2024-07-10 07:00:00,99.917,87.3365,99.4445,59.070499999999996,Amber,0.625722888253413,0,0.3743,0.0,0,0
2024-07-10 08:00:00,99.6505,93.12,99.52175,57.632999999999996,Amber,-1.7244276912634349,0,0.2147,0.0,0,0
2024-07-10 09:00:00,99.47025,108.76975,99.1645,57.2425,Red,-1.6835841042647834,0,0.0,0.0,0,1
2024-07-10 10:00:00,99.63125,115.24875,99.33525,48.9,Red,-0.6185414708616591,0,0.0,0.0,0,1
2024-07-10 11:00:00,99.68125,119.22075000000001,99.4375,46.648250000000004,Amber,-0.19820408217495367,0,0.0,0.0,0,0
2024-07-10 12:00:00,99.5325,120.2605,99.7875,44.1915,Green,-0.7439916539320006,0,0.0,0.0,0,0
2024-07-10 13:00:00,99.6425,114.34375,99.50775,38.51075,Amber,0.5038179065959624,0,0.0,0.0,0,0
2024-07-10 14:00:00,99.32900000000001,116.60525,99.50999999999999,34.929249999999996,Amber,-1.6504947529692684,0,0.0,0.0689,0,0
2024-07-10 15:00:00,99.649,109.10275,99.53625,29.56775,Amber,0.5421329380805219,0,0.0,0.0,0,0
2024-07-10 16:00:00,98.8555,99.3625,99.4365,28.12425,Red,-1.865280088852487,0,0.0,0.5424,0,1
2024-07-10 17:00:00,99.283,86.35475,99.392,29.9005,Amber,-0.32913333035693126,0,0.0,0.6574,0,0
2024-07-10 18:00:00,99.43025,85.10275,99.58875,32.67525,Amber,0.2230488323250279,0,0.0,0.625,0,0
2024-07-10 19:00:00,99.2195,67.431,99.348,31.58275,Red,-0.2855550904904723,0,0.0,0.8035,0,1
2024-07-10 20:00:00,99.75274999999999,61.832,99.65375,30.079250000000002,Green,1.199197055121349,0,0.0,0.4486,0,0
2024-07-10 21:00:00,99.47675,59.43875,99.35425000000001,35.9965,Amber,0.4683843310350763,0,0.0,0.3698,0,0
2024-07-10 22:00:00,99.5275,44.77875,99.22149999999999,41.55625,Amber,0.41773015139162845,0,0.0,0.2403,0,0
2024-07-10 23:00:00,99.6905,47.004999999999995,99.61975,41.85825,Green,0.9099471047534301,0,0.0,0.0,0,0
2024-07-11 00:00:00,99.547,47.15975,99.11975,45.8715,Amber,0.060626656079858975,0,0.0,0.0,0,0
2024-07-11 01:00:00,99.83324999999999,38.38775,99.6115,50.326499999999996,Green,1.3772127042384112,0,0.0231,0.0,0,0
2024-07-11 02:00:00,99.56,43.48125,99.46075,56.38825,Amber,-0.3469684777199765,0,0.0,0.0,0,0
2024-07-11 03:00:00,99.866,53.325,99.27825,56.23125,Amber,1.2989512579857305,0,0.0559,0.0,0,0
2024-07-11 04:00:00,99.81575000000001,66.221,99.4645,55.00425,Green,0.6869264126350795,0,0.0615,0.0,0,0
2024-07-11 05:00:00,99.8605,60.10625,99.46275,61.318749999999994,Amber,0.750535007189832,0,0.1119,0.0,0,0
2024-07-11 06:00:00,99.9115,81.29075,99.46875,60.146750000000004,Amber,0.8245504538848104,0,0.2133,0.0,0,0
2024-07-11 07:00:00,99.84774999999999,83.34075,99.52475000000001,60.083,Amber,0.29656315061020816,0,0.251,0.0,0,0
2024-07-11 08:00:00,99.87475,96.373,99.50725,57.335,Amber,0.3819315487828984,0,0.3156,0.0,0,0
2024-07-11 09:00:00,99.68475000000001,104.9805,99.417,55.5105,Amber,-1.8718056616075798,0,0.1902,0.0,0,0
2024-07-11 10:00:00,99.56700000000001,112.869,99.32425,51.549,Amber,-1.6602495352677342,0,0.0,0.0,0,0
2024-07-11 11:00:00,99.919,114.81825,99.26825,46.895,Amber,0.8275074988959382,0,0.1089,0.0,0,0
2024-07-11 12:00:00,99.86375,121.68375,99.5995,42.333,Amber,0.5189935648138901,0,0.1625,0.0,0,0
2024-07-11 13:00:00,99.6375,121.40725,99.10125,41.19975,Amber,-0.8219083501938713,0,0.0,0.0,0,0
2024-07-11 14:00:00,99.268,117.6615,99.54350000000001,38.52825,Amber,-1.6665164183817747,0,0.0,0.1299,0,0
2024-07-11 15:00:00,99.18674999999999,115.1,99.40075,32.623,Green,-1.2887785540858538,0,0.0,0.3411,0,0
2024-07-11 16:00:00,99.69325,95.73625,99.5025,32.59475,Amber,0.32408764324485373,0,0.0,0.0458,0,0
2024-07-11 17:00:00,99.238,89.67599999999999,99.43875,31.94525,Red,-0.8524021422669165,0,0.0,0.2057,0,1
2024-07-11 18:00:00,99.3765,78.86325,99.6045,28.65075,Amber,-0.10907305969736694,0,0.0,0.2271,0,0
2024-07-11 19:00:00,99.48425,69.0545,99.9045,32.2365,Amber,0.5804693843001227,0,0.0,0.1408,0,0
2024-07-11 20:00:00,99.58924999999999,60.40075,99.6505,31.392,Amber,0.81344621821063,0,0.0,0.0,0,0
2024-07-11 21:00:00,99.616,48.26925,99.59774999999999,34.6545,Amber,0.6888488985190783,0,0.0,0.0,0,0
2024-07-11 22:00:00,99.43475,49.6235,99.53725,38.0975,Amber,-0.15470616242293705,0,0.0,0.0,0,0
2024-07-11 23:00:00,99.39725,44.2445,99.62325,43.737750000000005,Amber,-0.8574741903749497,0,0.0,0.0007,0,0
2024-07-12 00:00:00,99.3945,39.049499999999995,99.56125,41.21025,Amber,-0.9494336533546793,0,0.0,0.0041,0,0
2024-07-12 01:00:00,99.7405,37.4135,99.45649999999999,50.13725,Green,1.4956338100295836,0,0.0,0.0,0,0
2024-07-12 02:00:00,99.5895,49.04275,99.53450000000001,50.603,Amber,0.42894047185263406,0,0.0,0.0,0,0
2024-07-12 03:00:00,99.6865,47.572,99.38974999999999,53.04,Amber,0.9555078578656762,0,0.0,0.0,0,0
2024-07-12 04:00:00,99.946,64.79925,99.48275,59.05075,Amber,1.5051237859287723,0,0.1359,0.0,0,0
2024-07-12 05:00:00,99.90225000000001,58.6595,99.4765,56.90475,Green,0.9427451931307838,0,0.228,0.0,0,0
2024-07-12 06:00:00,99.96275,82.3455,99.408,53.11025,Amber,1.0258227580711166,0,0.3807,0.0,0,0
2024-07-12 07:00:00,99.90525,89.6315,99.35025,59.646249999999995,Amber,0.47183347593887465,0,0.4758,0.0,0,0
2024-07-12 08:00:00,99.51625,100.5155,99.595,58.18775,Amber,-1.6951111443057167,0,0.182,0.0,0,0
2024-07-12 09:00:00,99.71375,109.65525,99.43299999999999,52.32925,Amber,-0.6309090551326356,0,0.0856,0.0,0,0
2024-07-12 10:00:00,99.86574999999999,111.703,99.62975,49.19725,Green,0.32769700865656864,0,0.1412,0.0,0,0
2024-07-12 11:00:00,99.735,113.22775,99.569,44.64625,Amber,-0.2957883612985419,0,0.0661,0.0,0,0
2024-07-12 12:00:00,99.53225,117.42875000000001,99.43975,44.507000000000005,Amber,-1.1018436438853683,0,0.0,0.0,0,0
2024-07-12 13:00:00,99.64275,120.16624999999999,99.20025,37.87075,Amber,-0.18773720498850602,0,0.0,0.0,0,0
2024-07-12 14:00:00,99.52625,112.0295,99.52175,37.1555,Green,-1.0981405924316623,0,0.0,0.0,0,0
2024-07-12 15:00:00,99.23349999999999,104.6975,99.14224999999999,31.68675,Amber,-1.6432838437870487,0,0.0,0.1644,0,0
2024-07-12 16:00:00,99.5215,102.43975,99.531,30.723,Amber,-0.061408787251893915,0,0.0,0.0409,0,0
2024-07-12 17:00:00,99.08025,84.71075,99.25475,29.167,Amber,-1.5832883561220819,0,0.0,0.3585,0,0
2024-07-12 18:00:00,99.3295,81.2345,99.66775,34.3145,Amber,-0.28102091042019806,0,0.0,0.427,0,0
2024-07-12 19:00:00,99.17225,62.8685,99.43825,28.346,Red,-0.7511256037783856,0,0.0,0.6526,0,1
2024-07-12 20:00:00,99.36325,60.25125,99.393,37.8255,Amber,0.5128055849047936,0,0.0,0.6873,0,0
2024-07-12 21:00:00,99.5935,43.8685,99.06975,37.3925,Amber,1.2717949904413413,0,0.0,0.4918,0,0
2024-07-12 22:00:00,99.5475,44.206,99.56325,40.6575,Green,0.9910053504212439,0,0.0,0.3422,0,0
2024-07-12 23:00:00,99.44675000000001,42.323,99.501,35.584250000000004,Green,0.2459324583616466,0,0.0,0.2934,0,0
2024-07-13 00:00:00,99.32650000000001,32.814,99.46125,43.55375,Amber,-0.5288573696373907,0,0.0,0.3648,0,0
2024-07-13 01:00:00,99.5155,41.698750000000004,99.7165,52.195,Amber,0.4735747379177796,0,0.0,0.2472,0,0
2024-07-13 02:00:00,99.64750000000001,40.814499999999995,99.65075,52.93325,Amber,1.1813007901499561,0,0.0,0.0,0,0
2024-07-13 03:00:00,99.961,49.15975,99.40725,57.84525,Amber,1.7779343802748755,0,0.1509,0.0,0,0
2024-07-13 04:00:00,99.9735,60.77125,99.59,55.69375,Green,1.2148878781419863,0,0.3143,0.0,0,0
2024-07-13 05:00:00,99.929,69.3035,99.39075,61.329,Amber,0.750354115119591,0,0.4332,0.0,0,0
2024-07-13 06:00:00,99.91275,83.8145,99.27725,63.9855,Amber,0.4638262238638376,0,0.5358,0.0,0,0
2024-07-13 07:00:00,99.78875,88.0985,99.5305,60.0315,Amber,-0.630879267263528,0,0.5145,0.0,0,0
2024-07-13 08:00:00,99.79625,104.2495,99.46025,59.535,Green,-1.197265925027842,0,0.5006,0.0,0,0
2024-07-13 09:00:00,99.57,108.72399999999999,99.57225,52.829750000000004,Green,-1.7607471427431094,0,0.2605,0.0,0,0
2024-07-13 10:00:00,99.47075,114.3655,99.69975,52.951,Green,-1.4748090006134886,0,0.0,0.0,0,0
2024-07-13 11:00:00,99.87125,121.4625,99.723,44.778,Amber,0.7769652130623085,0,0.0611,0.0,0,0
2024-07-13 12:00:00,99.486,115.55075,99.42875000000001,46.598,Green,-1.0137254419629733,0,0.0,0.0,0,0
2024-07-13 13:00:00,99.2975,123.28800000000001,99.52875,40.40925,Amber,-1.3198666561830006,0,0.0,0.1004,0,0
2024-07-13 14:00:00,99.635,105.193,99.12475,34.7285,Amber,0.41568683027748743,0,0.0,0.0,0,0
2024-07-13 15:00:00,99.554,114.96525,99.65174999999999,30.778750000000002,Amber,0.008241602876065445,0,0.0,0.0,0,0
2024-07-13 16:00:00,99.15225,99.50825,99.5615,31.459,Amber,-1.3696212319408065,0,0.0,0.2457,0,0
2024-07-13 17:00:00,99.45325,90.74025,99.6555,28.66375,Amber,0.13360933879413472,0,0.0,0.1904,0,0
2024-07-13 18:00:00,99.2565,78.98675,99.66325,38.2405,Amber,-0.7236179805122426,0,0.0,0.3318,0,0
2024-07-13 19:00:00,99.318,57.9745,99.37825,31.47825,Amber,-0.416304519806357,0,0.0,0.4117,0,0
2024-07-13 20:00:00,99.39275,64.23875000000001,99.6305,35.53725,Red,0.2669771251809969,0,0.0,0.4169,0,1
2024-07-13 21:00:00,99.6325,45.06825,99.25975,36.019999999999996,Red,1.5872916055850235,0,0.0,0.1823,0,1
2024-07-13 22:00:00,99.47550000000001,45.1415,99.41725,40.976749999999996,Amber,0.40951346083315315,0,0.0,0.1048,0,0
2024-07-13 23:00:00,99.47149999999999,41.63775,99.4325,50.25475,Amber,0.35329090630480836,0,0.0,0.0312,0,0
2024-07-14 00:00:00,99.416,39.508250000000004,99.5815,49.95075,Amber,-0.3303178335588671,0,0.0,0.0131,0,0
2024-07-14 01:00:00,99.60425000000001,38.39,99.5585,50.473,Amber,1.0724512434138649,0,0.0,0.0,0,0
2024-07-14 02:00:00,99.6225,46.35875,99.642,57.21675,Amber,0.914460442604347,0,0.0,0.0,0,0
2024-07-14 03:00:00,99.59375,44.629000000000005,99.634,54.042249999999996,Amber,0.7291929502972972,0,0.0,0.0,0,0
2024-07-14 04:00:00,99.68875,65.07775,99.31275,57.4595,Amber,1.2033271049172178,0,0.0,0.0,0,0
2024-07-14 05:00:00,99.70725,64.84575000000001,99.4825,57.1085,Amber,0.9833351415286898,0,0.0,0.0,0,0
2024-07-14 06:00:00,99.9145,80.67775,99.523,56.4555,Green,1.8851767068921292,0,0.1044,0.0,0,0
2024-07-14 07:00:00,99.88275,90.165,99.64525,59.62025,Green,1.1045434893307102,0,0.177,0.0,0,0
2024-07-14 08:00:00,99.66925,103.32025,99.61099999999999,55.1475,Amber,-0.5775798579444228,0,0.0362,0.0,0,0
2024-07-14 09:00:00,99.76425,104.4325,99.47625,57.167,Amber,-0.06596687077879126,0,0.0,0.0,0,0
2024-07-14 10:00:00,99.6245,113.56025,99.4945,54.4835,Amber,-1.1626306664199333,0,0.0,0.0,0,0
2024-07-14 11:00:00,99.739,123.618,99.7585,46.181,Amber,-0.23282420110737787,0,0.0,0.0,0,0
2024-07-14 12:00:00,99.578,114.993,99.593,42.85975,Amber,-1.2013600975866165,0,0.0,0.0,0,0
2024-07-14 13:00:00,99.383,119.515,99.556,41.4405,Amber,-1.7643301635682394,0,0.0,0.0149,0,0
2024-07-14 14:00:00,99.3985,114.6595,99.6115,34.90575,Amber,-1.120442784998479,0,0.0,0.0144,0,0
2024-07-14 15:00:00,99.46775,101.519,99.32175000000001,32.783,Amber,-0.4582071744186603,0,0.0,0.0,0,0
2024-07-14 16:00:00,99.74475000000001,107.4415,99.46475000000001,30.9655,Amber,1.1872358032837662,0,0.0,0.0,0,0
2024-07-14 17:00:00,99.715,93.19875,99.644,30.68525,Green,1.063592628249287,0,0.0,0.0,0,0
2024-07-14 18:00:00,99.75874999999999,82.62925,99.429,27.26725,Amber,1.00549907386333,0,0.0,0.0,0,0
2024-07-14 19:00:00,99.2055,66.66975,99.34825000000001,31.637999999999998,Red,-1.5120306921628563,0,0.0,0.1924,0,1
2024-07-14 20:00:00,99.53625,53.7795,99.499,31.988,Amber,-0.1629993122705846,0,0.0,0.0541,0,0
2024-07-14 21:00:00,99.525,50.3105,99.49525,36.72525,Amber,-0.2648706021235048,0,0.0,0.0,0,0
2024-07-14 22:00:00,99.6865,45.91625,99.46525,40.56675,Amber,0.5678758746353468,0,0.0,0.0,0,0
2024-07-14 23:00:00,99.66525,45.28375,99.2085,45.0925,Amber,0.5197422223168563,0,0.0,0.0,0,0
2024-07-15 00:00:00,99.722,47.26575,99.497,47.03875,Amber,0.869207848080156,0,0.0,0.0,0,0
2024-07-15 01:00:00,99.733,45.743,99.31975,47.093,Amber,0.9634376993037052,0,0.0,0.0,0,0
2024-07-15 02:00:00,99.791,51.21975,99.47525,52.667500000000004,Amber,1.1488709773412562,0,0.0,0.0,0,0
2024-07-15 03:00:00,99.4745,47.102000000000004,99.629,57.626,Amber,-1.8739589729810735,0,0.0,0.0,0,0
2024-07-15 04:00:00,99.86449999999999,59.7465,99.604,62.43825,Amber,1.173167840810192,0,0.0544,0.0,0,0
2024-07-15 05:00:00,99.52025,73.53,99.57475,59.94675,Amber,-1.064672055419521,0,0.0,0.0,0,0
2024-07-15 06:00:00,99.94525,81.88175,99.21975,59.7355,Amber,1.1897074525807407,0,0.1351,0.0,0,0
2024-07-15 07:00:00,100.0,85.31025,99.6085,60.4265,Amber,1.0627443391175326,0,0.325,0.0,0,0
2024-07-15 08:00:00,99.70425,105.53275,99.489,58.725,Amber,-0.21348413981066316,0,0.2192,0.0,0,0
2024-07-15 09:00:00,99.72675,112.61775,99.517,52.4295,Amber,-0.37573832976947535,0,0.1358,0.0,0,0
2024-07-15 10:00:00,99.48025,111.30275,99.64275,49.28425,Amber,-1.1714659922529433,0,0.0,0.0,0,0
2024-07-15 11:00:00,99.74025,129.1875,99.23,41.884,Amber,-0.13848338626100712,0,0.0,0.0,0,0
2024-07-15 12:00:00,99.6315,120.12125,99.36275,47.61425,Amber,-0.4848376830978826,0,0.0,0.0,0,0
2024-07-15 13:00:00,99.7635,119.597,99.34625,35.36525,Amber,0.8459897019934881,0,0.0,0.0,0,0
2024-07-15 14:00:00,99.65299999999999,120.78225,99.5605,38.21675,Amber,-0.12323863801605447,0,0.0,0.0,0,0
2024-07-15 15:00:00,99.166,114.40925,99.506,33.17525,Amber,-1.823634879934318,0,0.0,0.2319,0,0
2024-07-15 16:00:00,98.91250000000001,101.80250000000001,99.558,31.03325,Red,-1.6032445836138005,0,0.0,0.7174,0,1
2024-07-15 17:00:00,98.94200000000001,87.837,99.55425,26.82725,Red,-1.0514594863689066,0,0.0,1.1733,0,1
2024-07-15 18:00:00,99.54625,77.15125,99.17525,26.17425,Amber,0.5803478576081882,0,0.0,1.025,0,0
2024-07-15 19:00:00,99.3515,69.48525,99.45,32.85425,Amber,0.2906425754281398,0,0.0,1.0714,0,0
2024-07-15 20:00:00,99.545,60.66525,99.522,34.945,Amber,1.0637172692450685,0,0.0,0.9243,0,0
2024-07-15 21:00:00,99.51075,51.8045,99.46350000000001,33.86025,Amber,0.7011462516642795,0,0.0,0.8115,0,0
2024-07-15 22:00:00,99.03075000000001,43.665,99.4065,41.15025,Amber,-1.0733375832103158,0,0.0,1.1787,0,0
2024-07-15 23:00:00,99.565,40.835750000000004,99.41525,38.21875,Amber,0.6727922792176249,0,0.0,1.0116,0,0
2024-07-16 00:00:00,99.52674999999999,38.23975,99.60849999999999,46.36175,Amber,0.5099634131023302,0,0.0,0.8828,0,0
2024-07-16 01:00:00,99.50075000000001,43.056,99.586,46.31925,Amber,0.26464751570593803,0,0.0,0.78,0,0
2024-07-16 02:00:00,99.51875,41.2335,99.40325,55.111999999999995,Amber,0.37795705445169064,0,0.0,0.6591,0,0
2024-07-16 03:00:00,99.49875,43.0715,99.38575,55.69925,Amber,0.29025141261264026,0,0.0,0.5583,0,0
2024-07-16 04:00:00,99.71549999999999,66.601,99.45224999999999,55.118,Amber,1.9532578190412286,0,0.0,0.2408,0,0
2024-07-16 05:00:00,99.85925,79.6485,99.68075,63.056,Amber,1.7059714160390647,0,0.0491,0.0,0,0
2024-07-16 06:00:00,100.0,75.51775,99.5075,58.93575,Amber,1.4924998219079335,0,0.239,0.0,0,0
2024-07-16 07:00:00,99.77,88.4075,99.53925,59.90825,Amber,0.22068167454151555,0,0.1989,0.0,0,0
2024-07-16 08:00:00,99.861,102.4105,99.59675,59.9495,Amber,0.45244573527967386,0,0.2498,0.0,0,0
2024-07-16 09:00:00,99.6695,109.32300000000001,99.5605,56.7755,Amber,-1.1973614556306866,0,0.1092,0.0,0,0
2024-07-16 10:00:00,99.7145,112.864,99.435,49.112,Amber,-0.818167367062649,0,0.0136,0.0,0,0
2024-07-16 11:00:00,99.673,114.64925,99.84375,48.6525,Amber,-0.8408305151042945,0,0.0,0.0,0,0
2024-07-16 12:00:00,99.2185,128.143,99.74225,45.958,Amber,-1.933891909550568,0,0.0,0.1794,0,0
2024-07-16 13:00:00,99.8855,116.4,99.32325,38.3545,Amber,0.8953435405574305,0,0.0754,0.0,0,0
2024-07-16 14:00:00,99.56075,115.2475,99.4905,35.60675,Amber,-0.26660277491161904,0,0.0,0.0,0,0
2024-07-16 15:00:00,99.46725,112.9025,99.5775,31.68675,Amber,-0.5197503433331954,0,0.0,0.0,0,0
2024-07-16 16:00:00,99.59775,103.2855,99.39099999999999,33.502250000000004,Amber,0.13833126607007537,0,0.0,0.0,0,0
2024-07-16 17:00:00,99.25025,79.7815,99.90875,33.1145,Amber,-0.9985649804133785,0,0.0,0.1477,0,0
2024-07-16 18:00:00,99.3445,85.0975,99.4475,31.01425,Amber,-0.7781516446598614,0,0.0,0.2011,0,0
2024-07-16 19:00:00,99.655,70.18675,99.64925,32.86975,Green,1.123673726355527,0,0.0,0.0,0,0
2024-07-16 20:00:00,99.3315,57.359,99.67225,33.411,Amber,-0.6826551406946482,0,0.0,0.0664,0,0
2024-07-16 21:00:00,99.57050000000001,56.36975,99.27,32.816,Amber,0.6636564727247731,0,0.0,0.0,0,0
2024-07-16 22:00:00,99.438,46.1445,99.57175000000001,40.726,Amber,0.04119579108459485,0,0.0,0.0,0,0
2024-07-16 23:00:00,99.9845,38.22825,99.54875,40.6625,Green,1.7497801936713187,0,0.1744,0.0,0,0
2024-07-17 00:00:00,99.60575,42.15475,99.39775,45.61775,Amber,0.036703749096878166,0,0.0,0.0,0,0
2024-07-17 01:00:00,99.47800000000001,42.62375,99.51650000000001,47.92325,Amber,-0.39805936695248373,0,0.0,0.0,0,0
2024-07-17 02:00:00,99.69825,44.232,99.46249999999999,56.7655,Amber,0.35033802983104534,0,0.0,0.0,0,0
2024-07-17 03:00:00,99.82900000000001,50.21425,99.64475,54.71825,Amber,0.7476586919413379,0,0.0189,0.0,0,0
2024-07-17 04:00:00,99.883,59.3495,99.623,56.7905,Amber,0.7273444151187943,0,0.0918,0.0,0,0
2024-07-17 05:00:00,100.0,69.12975,99.354,60.637,Amber,1.3088044821767875,0,0.2817,0.0,0,0
2024-07-17 06:00:00,99.63,84.599,99.4675,61.64875000000001,Amber,-0.6531540731170996,0,0.1016,0.0,0,0
2024-07-17 07:00:00,100.0,90.24175,99.48349999999999,57.33975,Amber,1.044061657117185,0,0.2915,0.0,0,0
2024-07-17 08:00:00,99.66475,102.40825000000001,99.783,56.4775,Amber,-1.0615136947507668,0,0.1461,0.0,0,0
2024-07-17 09:00:00,99.9365,105.62675,99.55425,51.74525,Amber,0.509605232822061,0,0.2725,0.0,0,0
2024-07-17 10:00:00,99.77799999999999,115.30125000000001,99.46475,48.89275,Amber,-0.3410997965037057,0,0.2404,0.0,0,0
2024-07-17 11:00:00,99.91825,122.81224999999999,99.6705,47.74925,Green,0.6325361679824466,0,0.3485,0.0,0,0
2024-07-17 12:00:00,99.67275000000001,124.91525,99.7165,43.0315,Amber,-1.0855899804030438,0,0.2112,0.0,0,0
2024-07-17 13:00:00,99.40725,121.65575,99.5295,39.1925,Amber,-1.644532232657294,0,0.0,0.0,0,0
2024-07-17 14:00:00,99.64475,112.185,99.4385,37.8895,Amber,-0.4126779122763745,0,0.0,0.0,0,0
2024-07-17 15:00:00,99.513,103.91725,99.39,35.535250000000005,Amber,-0.7820643116951947,0,0.0,0.0,0,0
2024-07-17 16:00:00,99.3085,91.06325,99.52975,26.7295,Amber,-1.2398610090783826,0,0.0,0.0894,0,0
2024-07-17 17:00:00,99.479,92.89925,99.48175,32.11475,Amber,-0.18138431115134407,0,0.0,0.0084,0,0
2024-07-17 18:00:00,99.33225,76.14725,99.45675,30.9455,Amber,-0.9199684878024521,0,0.0,0.074,0,0
2024-07-17 19:00:00,99.536,70.56825,99.63925,30.8875,Amber,0.5242362402627494,0,0.0,0.0,0,0
2024-07-17 20:00:00,98.69825,57.07475,99.41075000000001,33.74425,Red,-1.9468500813106002,0,0.0,0.6997,0,1
2024-07-17 21:00:00,99.4315,54.14875,99.49475,36.71375,Green,0.43762232526403555,0,0.0,0.6661,0,0
2024-07-17 22:00:00,99.65174999999999,45.15775,99.367,39.319500000000005,Amber,0.8765305488856919,0,0.0,0.4123,0,0
2024-07-17 23:00:00,99.8555,42.397999999999996,99.584,43.24975,Green,1.1049247100314277,0,0.0454,0.0,0,0
2024-07-18 00:00:00,99.5025,38.90575,99.56325,47.35225,Amber,0.1432002297587197,0,0.0,0.0,0,0
2024-07-18 01:00:00,99.73575,38.741,99.44749999999999,51.63125,Amber,0.6222436547459773,0,0.0,0.0,0,0
2024-07-18 02:00:00,99.7965,48.8095,99.38125,56.36075,Amber,0.8033112593221627,0,0.0,0.0,0,0
2024-07-18 03:00:00,99.7695,59.2805,99.426,53.679500000000004,Amber,0.40542269418312443,0,0.0,0.0,0,0
2024-07-18 04:00:00,99.7565,58.918,99.16225,56.810249999999996,Amber,0.16816042604946166,0,0.0,0.0,0,0
2024-07-18 05:00:00,99.65025,67.08075,99.17325,59.3085,Amber,-0.4705992611702869,0,0.0,0.0,0,0
2024-07-18 06:00:00,99.51050000000001,80.92625,99.29124999999999,57.466,Amber,-1.8054713449022348,0,0.0,0.0,0,0
2024-07-18 07:00:00,99.39425,94.62899999999999,99.538,58.2595,Amber,-1.551724336534271,0,0.0,0.0037,0,0
2024-07-18 08:00:00,99.92775,100.20525,99.5815,59.96025,Amber,1.347307262966019,0,0.1176,0.0,0,0
2024-07-18 09:00:00,99.679,108.07425,99.62575,50.342999999999996,Amber,0.13909484855858975,0,0.0,0.0,0,0
2024-07-18 10:00:00,99.94625,117.2145,99.63875,50.13475,Amber,1.185571571298985,0,0.1361,0.0,0,0
2024-07-18 11:00:00,99.47925000000001,117.26875,99.756,47.30175,Amber,-0.7482163948739253,0,0.0,0.0,0,0
2024-07-18 12:00:00,99.75725,117.04775000000001,99.51275,42.6575,Amber,0.2637488336894362,0,0.0,0.0,0,0
2024-07-18 13:00:00,98.9675,121.7975,99.68275,37.148,Red,-1.8009451551889624,0,0.0,0.4304,0,1
2024-07-18 14:00:00,99.41024999999999,111.96725,99.563,33.7855,Amber,-0.3807671321898202,0,0.0,0.4181,0,0
2024-07-18 15:00:00,99.14625,102.73599999999999,99.62225000000001,33.855000000000004,Amber,-0.8339978911500442,0,0.0,0.6698,0,0
2024-07-18 16:00:00,99.46549999999999,100.0155,99.65525,31.121250000000003,Amber,0.3406858920425612,0,0.0,0.6022,0,0
2024-07-18 17:00:00,99.15525,89.77000000000001,99.81175,30.244,Red,-0.5704221738994464,0,0.0,0.8449,0,1
2024-07-18 18:00:00,99.9145,79.60875,99.43725,26.4585,Amber,1.7053836499257744,0,0.1044,0.3283,0,0
2024-07-18 19:00:00,99.47325000000001,72.224,99.413,30.221249999999998,Amber,0.16293105381384873,0,0.0,0.253,0,0
2024-07-18 20:00:00,99.57775000000001,55.616,99.67225,32.642250000000004,Amber,0.4262579993528482,0,0.0,0.0732,0,0
2024-07-18 21:00:00,99.785,51.57725,99.59325,36.507,Amber,0.8351791871681662,0,0.0,0.0,0,0
2024-07-18 22:00:00,99.54724999999999,45.5025,99.36125,36.30475,Amber,-0.10728508683795875,0,0.0,0.0,0,0
2024-07-18 23:00:00,99.9755,40.04925,99.7205,42.82675,Green,1.2611280182833178,0,0.1654,0.0,0,0
2024-07-19 00:00:00,99.705,44.119,99.7575,51.367000000000004,Amber,0.15038039581479984,0,0.0603,0.0,0,0
2024-07-19 01:00:00,99.744,42.38475,99.47825,51.65875,Green,0.13911775155822717,0,0.0,0.0,0,0
2024-07-19 02:00:00,99.9075,46.9965,99.6875,57.945750000000004,Amber,0.8559605573548231,0,0.0974,0.0,0,0
2024-07-19 03:00:00,99.73325,49.83375,99.464,57.64825,Amber,-0.2320744639096806,0,0.0205,0.0,0,0
2024-07-19 04:00:00,99.706,61.98275,99.388,60.8995,Green,-0.7668106286321853,0,0.0,0.0,0,0
2024-07-19 05:00:00,100.0,67.22525,99.33075,60.06175,Amber,1.61729277858203,0,0.1899,0.0,0,0
2024-07-19 06:00:00,99.7475,82.35974999999999,99.2575,56.0165,Amber,-0.4958301987986703,0,0.1273,0.0,0,0
2024-07-19 07:00:00,99.6575,82.40075,99.254,60.77175,Amber,-1.0162798782109155,0,0.0,0.0,0,0
2024-07-19 08:00:00,99.89,96.47475,99.571,55.009,Amber,0.7801486899707215,0,0.0799,0.0,0,0
2024-07-19 09:00:00,99.89475,109.649,99.40675,56.38475,Amber,0.5957858527816454,0,0.1645,0.0,0,0
2024-07-19 10:00:00,99.776,117.91875,99.51975,52.40625,Amber,-0.41835650626740667,0,0.1304,0.0,0,0
2024-07-19 11:00:00,99.71424999999999,117.245,99.2865,45.40175,Amber,-0.6879697907447976,0,0.0346,0.0,0,0
2024-07-19 12:00:00,99.4905,115.68025,99.61625000000001,40.74925,Amber,-1.6096584162085785,0,0.0,0.0,0,0
2024-07-19 13:00:00,99.48875,117.3925,99.741,39.6565,Amber,-1.2016717480580883,0,0.0,0.0,0,0
2024-07-19 14:00:00,99.441,119.1055,99.34125,40.49425,Amber,-1.0370974681525498,0,0.0,0.0,0,0
2024-07-19 15:00:00,99.19024999999999,117.92824999999999,99.62625,35.807,Amber,-1.5566194847916137,0,0.0,0.2077,0,0
2024-07-19 16:00:00,99.32075,105.33624999999999,99.51875,36.291,Amber,-0.6787204029607271,0,0.0,0.2849,0,0
2024-07-19 17:00:00,99.3365,91.65299999999999,99.29275,26.93775,Amber,-0.35255752617417097,0,0.0,0.3463,0,0
2024-07-19 18:00:00,99.44800000000001,81.8265,99.444,31.0365,Amber,0.6978003471933152,0,0.0,0.2962,0,0
2024-07-19 19:00:00,99.38125,71.7345,99.589,28.1845,Amber,0.29701187087136166,0,0.0,0.3129,0,0
2024-07-19 20:00:00,99.80275,61.48025,99.37174999999999,30.539749999999998,Amber,1.864863562157576,0,0.0,0.0,0,0
2024-07-19 21:00:00,99.60725,48.352000000000004,99.49674999999999,36.929249999999996,Amber,0.6616294029943343,0,0.0,0.0,0,0
2024-07-19 22:00:00,99.4545,40.16675,99.50425,40.55175,Green,-0.2931583197869286,0,0.0,0.0,0,0
2024-07-19 23:00:00,99.39875,44.66025,99.46475000000001,45.31625,Amber,-0.7211504635995859,0,0.0,0.0,0,0
2024-07-20 00:00:00,99.724,37.679249999999996,99.41749999999999,46.932,Amber,0.9171385706446574,0,0.0,0.0,0,0
2024-07-20 01:00:00,99.92224999999999,48.50725,99.2085,49.995,Amber,1.3331942960114866,0,0.1121,0.0,0,0
2024-07-20 02:00:00,100.0,48.756,99.28125,52.30475,Amber,1.2921920862167944,0,0.302,0.0,0,0
2024-07-20 03:00:00,99.56775,48.93725,99.32825,59.994,Amber,-0.44548462081661716,0,0.0597,0.0,0,0
2024-07-20 04:00:00,99.78,56.8365,99.6565,62.025000000000006,Amber,0.21478303353062447,0,0.0296,0.0,0,0
2024-07-20 05:00:00,99.93075,63.419000000000004,99.6255,63.3935,Amber,0.6830818534959453,0,0.1502,0.0,0,0
2024-07-20 06:00:00,99.92699999999999,83.17575000000001,99.27799999999999,58.2225,Amber,0.458462137511151,0,0.2671,0.0,0,0
2024-07-20 07:00:00,99.78625,92.3655,99.6255,59.4055,Amber,-0.293067543918019,0,0.2432,0.0,0,0
2024-07-20 08:00:00,99.8275,90.231,99.5975,58.7695,Green,0.18264081619570582,0,0.2606,0.0,0,0
2024-07-20 09:00:00,99.73474999999999,105.2175,99.51050000000001,53.655750000000005,Amber,-1.184444409296142,0,0.1853,0.0,0,0
2024-07-20 10:00:00,99.62225000000001,110.69725,99.32375,50.06275,Amber,-1.543651455476059,0,0.0,0.0,0,0
2024-07-20 11:00:00,99.605,126.94275,99.59825000000001,46.20975,Amber,-1.178074969680652,0,0.0,0.0,0,0
2024-07-20 12:00:00,99.727,121.445,99.66475,39.86475,Amber,0.11189508594857944,0,0.0,0.0,0,0
2024-07-20 13:00:00,99.55625,115.67925,99.5935,40.61425,Amber,-1.2106379704055341,0,0.0,0.0,0,0
2024-07-20 14:00:00,99.24825,118.1945,99.572,33.79325,Red,-1.8755854346693517,0,0.0,0.1497,0,1
2024-07-20 15:00:00,99.43875,103.54825,99.48275,30.74975,Amber,-0.5601751455747311,0,0.0,0.1089,0,0
2024-07-20 16:00:00,99.47975,100.62525,99.71925,29.815,Green,-0.18053246354562053,0,0.0,0.027,0,0
2024-07-20 17:00:00,99.551,92.28075,99.763,35.424,Amber,0.321712432998847,0,0.0,0.0,0,0
2024-07-20 18:00:00,99.4225,79.15625,99.41624999999999,28.054,Amber,-0.23798826836776735,0,0.0,0.0,0,0
2024-07-20 19:00:00,99.5415,70.594,99.53275,30.472,Amber,0.8560194063712628,0,0.0,0.0,0,0
2024-07-20 20:00:00,99.41125,59.6105,99.33500000000001,36.02375,Amber,-1.0378578346157357,0,0.0,0.0,0,0
2024-07-20 21:00:00,99.747,51.5405,99.5335,38.44425,Amber,1.7998777131443706,0,0.0,0.0,0,0
2024-07-20 22:00:00,99.40925,40.97825,99.3595,37.891,Amber,-0.7953439419464206,0,0.0,0.0,0,0
2024-07-20 23:00:00,99.7315,42.05075,99.62275,42.375,Green,1.1779255661746715,0,0.0,0.0,0,0
2024-07-21 00:00:00,99.5385,39.9145,99.308,44.31925,Amber,-0.1663194748247869,0,0.0,0.0,0,0
2024-07-21 01:00:00,99.64875,37.96675,99.491,50.156,Amber,0.4466192696017607,0,0.0,0.0,0,0
2024-07-21 02:00:00,99.76675,44.03825,99.50775,55.59825,Amber,0.8963912002020014,0,0.0,0.0,0,0
2024-07-21 03:00:00,99.50175,56.87875,99.3335,53.149249999999995,Amber,-0.7001483573223107,0,0.0,0.0,0,0
2024-07-21 04:00:00,99.74199999999999,65.70375,99.287,57.02475,Amber,0.7761335855678485,0,0.0,0.0,0,0
2024-07-21 05:00:00,99.8205,67.26050000000001,99.444,56.408,Amber,1.1686384216681867,0,0.0104,0.0,0,0
2024-07-21 06:00:00,99.695,81.929,99.39925,62.0575,Amber,-0.0070758916030713775,0,0.0,0.0,0,0
2024-07-21 07:00:00,99.8305,97.4255,99.62975,60.314,Amber,0.8640632306734107,0,0.0204,0.0,0,0
2024-07-21 08:00:00,99.988,102.69024999999999,99.684,49.134,Amber,1.3860647855179582,0,0.1983,0.0,0,0
2024-07-21 09:00:00,99.44975,107.05575,99.3155,51.4005,Amber,-1.6959698561782897,0,0.0,0.0,0,0
2024-07-21 10:00:00,99.75399999999999,111.7,99.33025,49.77675,Amber,-0.012769052941869925,0,0.0,0.0,0,0
2024-07-21 11:00:00,99.56275,121.5965,99.46549999999999,47.943,Green,-0.7864432258306066,0,0.0,0.0,0,0
2024-07-21 12:00:00,99.89975,118.6545,99.4055,43.51375,Green,0.7418028211687934,0,0.0896,0.0,0,0
2024-07-21 13:00:00,99.42150000000001,126.04924999999999,99.31975,39.442,Amber,-1.0850910366541893,0,0.0,0.0,0,0
2024-07-21 14:00:00,99.73474999999999,113.99925,99.572,35.632,Green,0.5157559872623103,0,0.0,0.0,0,0
2024-07-21 15:00:00,99.24,112.7005,99.24225,30.83375,Amber,-1.4919926181712173,0,0.0,0.1579,0,0
2024-07-21 16:00:00,99.66725,93.88075,99.3425,33.3585,Amber,0.3396735872238758,0,0.0,0.0,0,0
2024-07-21 17:00:00,99.53225,90.74475,99.48349999999999,26.5505,Amber,-0.21393758375305033,0,0.0,0.0,0,0
2024-07-21 18:00:00,99.67725,76.28175,99.61825,33.19125,Green,0.7004837738606937,0,0.0,0.0,0,0
2024-07-21 19:00:00,99.48825000000001,73.5135,99.5255,33.73925,Amber,-0.3774946386619348,0,0.0,0.0,0,0
2024-07-21 20:00:00,99.276,65.4465,99.35325,30.9225,Amber,-1.0882611416035437,0,0.0,0.1219,0,0
2024-07-21 21:00:00,99.55225,55.63125,99.74225,32.4615,Amber,0.13684220113550893,0,0.0,0.0,0,0
2024-07-21 22:00:00,98.92925,44.87225,99.48525,35.30675,Amber,-1.7842475551649417,0,0.0,0.4687,0,0
2024-07-21 23:00:00,99.73225,43.8375,99.50075,45.2615,Amber,0.9718161019851536,0,0.0,0.1344,0,0
2024-07-22 00:00:00,99.72025,42.831500000000005,99.47825,46.49825,Amber,0.8861180235316127,0,0.0,0.0,0,0
2024-07-22 01:00:00,99.6095,39.170500000000004,99.50025,51.2635,Amber,0.4469455953198415,0,0.0,0.0,0,0
2024-07-22 02:00:00,99.901,51.44975,99.72475,55.3265,Amber,0.9675673976426941,0,0.0909,0.0,0,0
2024-07-22 03:00:00,99.7685,51.00575,99.3375,58.94725,Amber,0.45706580440820765,0,0.0493,0.0,0,0
2024-07-22 04:00:00,99.787,63.26925,99.44325,59.44925,Amber,0.355951903042325,0,0.0262,0.0,0,0
2024-07-22 05:00:00,99.64875,61.54125,99.5355,59.603,Amber,-0.8645687025444824,0,0.0,0.0,0,0
2024-07-22 06:00:00,99.719,83.232,99.57300000000001,63.78275,Amber,-0.19075784847332905,0,0.0,0.0,0,0
2024-07-22 07:00:00,99.72075,96.3735,99.51525000000001,56.94525,Amber,-0.43164923340730327,0,0.0,0.0,0,0
2024-07-22 08:00:00,99.91525,100.42775,99.85825,59.92699999999999,Green,1.7263494016625864,0,0.1051,0.0,0,0
2024-07-22 09:00:00,100.0,109.45474999999999,99.54775000000001,55.52275,Amber,1.5093012194313629,0,0.295,0.0,0,0
2024-07-22 10:00:00,99.46925,117.856,99.4885,53.39025,Amber,-1.4536463256476968,0,0.0,0.0,0,0
2024-07-22 11:00:00,99.584,116.434,99.5,46.08925,Amber,-0.7600340620564542,0,0.0,0.0,0,0
2024-07-22 12:00:00,99.54650000000001,117.12075,99.463,46.8035,Amber,-0.7486819162362547,0,0.0,0.0,0,0
2024-07-22 13:00:00,99.7635,122.52975,99.61874999999999,38.76275,Amber,0.2352727729666204,0,0.0,0.0,0,0
2024-07-22 14:00:00,99.8125,117.82074999999999,99.28325000000001,34.6355,Amber,0.5873456407009046,0,0.0024,0.0,0,0
2024-07-22 15:00:00,99.35975,108.32974999999999,99.74675,36.88625,Green,-1.3288825973125697,0,0.0,0.0382,0,0
2024-07-22 16:00:00,99.00075,100.5665,99.561,27.216,Amber,-1.711922536933521,0,0.0,0.4354,0,0
2024-07-22 17:00:00,98.9015,92.11449999999999,99.202,22.5095,Red,-1.2950082076909202,0,0.0,0.9318,0,1
2024-07-22 18:00:00,99.08975000000001,73.10374999999999,99.47725,31.8275,Amber,-0.5896796355356446,0,0.0,1.24,0,0
2024-07-22 19:00:00,99.31275,59.298,99.4185,34.608,Amber,0.20231486823307016,0,0.0,1.3251,0,0
2024-07-22 20:00:00,99.43924999999999,56.045249999999996,99.47125,34.198499999999996,Amber,1.1778556839799406,0,0.0,1.2838,0,0
2024-07-22 21:00:00,99.569,53.30075,99.725,42.43125,Green,1.3331701925001809,0,0.0,1.1128,0,0
2024-07-22 22:00:00,99.9025,40.364000000000004,99.41425,40.42425,Amber,1.5034993359971427,0,0.0924,0.6082,0,0
2024-07-22 23:00:00,99.553,37.26225,99.58825,44.918,Amber,0.27542141346323895,0,0.0,0.4531,0,0
2024-07-23 00:00:00,99.63225,43.423,99.373,44.506,Amber,0.32226192671242937,0,0.0,0.2188,0,0
2024-07-23 01:00:00,99.72,43.1035,99.40725,50.5635,Amber,0.5246294248258591,0,0.0,0.0,0,0
2024-07-23 02:00:00,99.724,49.132000000000005,99.6495,54.8375,Amber,0.3133447379055863,0,0.0,0.0,0,0
2024-07-23 03:00:00,99.987,56.614000000000004,99.481,59.774499999999996,Amber,1.430666390866039,0,0.1769,0.0,0,0
2024-07-23 04:00:00,99.78275000000001,54.441500000000005,99.3275,57.48425,Red,0.3346080736149026,0,0.1495,0.0,0,1
2024-07-23 05:00:00,99.86825,71.114,99.56025,57.91425,Amber,0.656603120773574,0,0.2077,0.0,0,0
2024-07-23 06:00:00,99.80375000000001,85.60875,99.506,61.39875,Amber,-0.10449163495639534,0,0.2013,0.0,0,0
2024-07-23 07:00:00,100.0,92.65625,99.53275,56.56325,Amber,1.2345811090916134,0,0.3912,0.0,0,0
2024-07-23 08:00:00,99.66025,105.32650000000001,99.21725,58.563500000000005,Amber,-1.4641900454523553,0,0.2413,0.0,0,0
2024-07-23 09:00:00,100.0,109.04974999999999,99.51025,56.6425,Amber,1.112061549429467,0,0.4312,0.0,0,0
2024-07-23 10:00:00,99.6875,106.37825000000001,99.6045,50.52575,Amber,-1.0108828698184622,0,0.3086,0.0,0,0
2024-07-23 11:00:00,99.73625,114.089,99.3905,44.8655,Amber,-0.5168318978252218,0,0.2348,0.0,0,0
2024-07-23 12:00:00,99.8375,126.63525,99.11325,39.94825,Amber,0.11364619564834041,0,0.2622,0.0,0,0
2024-07-23 13:00:00,99.58675,113.868,99.57675,39.05225,Green,-1.1152582057970764,0,0.0388,0.0,0,0
2024-07-23 14:00:00,99.13525,118.7825,99.3895,32.25875,Amber,-1.7936201499491844,0,0.0,0.2627,0,0
2024-07-23 15:00:00,99.37,115.103,99.20925,33.86025,Red,-0.7226602480219846,0,0.0,0.2906,0,1
2024-07-23 16:00:00,99.5835,105.206,99.41624999999999,33.852000000000004,Amber,0.16487715373510328,0,0.0,0.105,0,0
2024-07-23 17:00:00,99.50175,91.99475,99.27275,32.345749999999995,Amber,-0.003002310352991302,0,0.0,0.0012,0,0
2024-07-23 18:00:00,98.88149999999999,78.944,99.559,31.79025,Amber,-1.6334653211726924,0,0.0,0.5176,0,0
2024-07-23 19:00:00,99.5955,71.22975,99.36075,35.38975,Amber,0.8830995974370485,0,0.0,0.3201,0,0
2024-07-23 20:00:00,99.57849999999999,66.01475,99.624,35.893,Amber,0.5791576403230533,0,0.0,0.1395,0,0
2024-07-23 21:00:00,99.00825,56.938,99.41225,36.0925,Amber,-1.0789234116259956,0,0.0,0.5292,0,0
2024-07-23 22:00:00,99.1175,44.04675,99.467,36.682500000000005,Amber,-0.5170718939051909,0,0.0,0.8096,0,0
2024-07-23 23:00:00,99.598,42.951,99.55625,40.914,Red,0.9112691301559342,0,0.0,0.6095,0,1
2024-07-24 00:00:00,99.71375,39.801,99.44025,45.46575,Amber,0.9457870133199144,0,0.0,0.2937,0,0
2024-07-24 01:00:00,99.5855,42.0355,99.617,50.6005,Amber,0.5177770048883906,0,0.0,0.1061,0,0
2024-07-24 02:00:00,99.982,45.571,99.74175,57.9755,Green,1.3018324240887513,0,0.1719,0.0,0,0
2024-07-24 03:00:00,99.88275,52.39375,99.6755,53.27575,Amber,0.7796265804692698,0,0.2445,0.0,0,0
2024-07-24 04:00:00,99.72874999999999,57.73075,99.607,62.41075,Amber,-0.12547114492707215,0,0.1632,0.0,0,0
2024-07-24 05:00:00,99.937,62.1445,99.29825,59.64475,Amber,0.8627449555553944,0,0.2901,0.0,0,0
2024-07-24 06:00:00,99.92375,85.18925,99.70275,61.8365,Amber,0.5511621102896146,0,0.4037,0.0,0,0
2024-07-24 07:00:00,99.906,85.01599999999999,99.8065,60.27525,Amber,0.14471617456552385,0,0.4996,0.0,0,0
2024-07-24 08:00:00,99.655,103.61625,99.40025,55.12175,Amber,-1.562977552012115,0,0.3445,0.0,0,0
2024-07-24 09:00:00,99.84649999999999,107.37125,99.53399999999999,56.141,Amber,0.117961072659333,0,0.3809,0.0,0,0
2024-07-24 10:00:00,99.96600000000001,113.0115,99.4775,52.435,Green,0.8234705320539115,0,0.5368,0.0,0,0
2024-07-24 11:00:00,99.6625,118.34,99.43225000000001,51.543,Amber,-1.2102992728092072,0,0.3892,0.0,0,0
2024-07-24 12:00:00,99.69925,120.56425,99.57075,49.5745,Amber,-0.6692568305209028,0,0.2783,0.0,0,0
2024-07-24 13:00:00,99.4315,117.8475,99.2805,42.542249999999996,Red,-1.523987717821258,0,0.0,0.0,0,1
2024-07-24 14:00:00,99.4975,123.273,99.3875,39.216,Red,-0.920073708214704,0,0.0,0.0,0,1
2024-07-24 15:00:00,99.377,110.69175,99.44425,34.485,Amber,-1.0519964994170545,0,0.0,0.0209,0,0
2024-07-24 16:00:00,99.32525,102.57225,99.611,32.6145,Amber,-1.1373593190629112,0,0.0,0.0936,0,0
2024-07-24 17:00:00,99.32475,96.832,99.6615,31.1385,Green,-0.8289046813307455,0,0.0,0.1668,0,0
2024-07-24 18:00:00,99.39075,86.90075,99.62525,30.678,Amber,-0.005667446557757082,0,0.0,0.174,0,0
2024-07-24 19:00:00,99.4735,73.90125,99.9535,28.13475,Green,1.030465317015207,0,0.0,0.0984,0,0
2024-07-24 20:00:00,99.8675,67.25125,99.36725,28.965249999999997,Amber,1.9690176110114443,0,0.0574,0.0,0,0
2024-07-24 21:00:00,99.83324999999999,49.009,99.439,35.08025,Amber,1.1900559103478645,0,0.0805,0.0,0,0
2024-07-24 22:00:00,99.48875000000001,43.1415,99.45625,39.180499999999995,Amber,-0.32245064192249895,0,0.0,0.0,0,0
2024-07-24 23:00:00,99.52925,37.3425,99.395,44.5815,Green,-0.33699537024133747,0,0.0,0.0,0,0
2024-07-25 00:00:00,99.807,39.19125,99.6635,47.462,Amber,0.7494369194227514,0,0.0,0.0,0,0
2024-07-25 01:00:00,99.801,37.9785,99.523,50.99225,Amber,0.47980742943612753,0,0.0,0.0,0,0
2024-07-25 02:00:00,99.69875,42.483000000000004,99.669,51.21525,Amber,0.0382661688171961,0,0.0,0.0,0,0
2024-07-25 03:00:00,99.5955,56.074,99.602,57.81375,Amber,-0.4236532066329019,0,0.0,0.0,0,0
2024-07-25 04:00:00,99.97375,58.393249999999995,99.4245,56.22325,Amber,1.4876057881481761,0,0.1636,0.0,0,0
2024-07-25 05:00:00,99.88974999999999,75.63325,99.43275,57.4585,Green,0.7108316455787517,0,0.2433,0.0,0,0
2024-07-25 06:00:00,99.99225,85.43625,99.62100000000001,56.8805,Amber,1.0632254507044587,0,0.4254,0.0,0,0
2024-07-25 07:00:00,99.8335,91.74875,99.60300000000001,55.81625,Amber,0.018612168623480817,0,0.4488,0.0,0,0
2024-07-25 08:00:00,100.0,99.49575,99.49875,60.92125,Amber,0.7727682418214443,0,0.6387,0.0,0,0
2024-07-25 09:00:00,99.8355,109.29325,99.54825,51.5895,Amber,-1.100323593141773,0,0.6641,0.0,0,0
2024-07-25 10:00:00,99.83475,116.54375,99.5145,49.6975,Amber,-0.793141306673519,0,0.6887,0.0,0,0
2024-07-25 11:00:00,99.738,124.52825000000001,99.44024999999999,48.13275,Amber,-1.3047425979760776,0,0.6166,0.0,0,0
2024-07-25 12:00:00,99.38374999999999,118.4605,99.5325,39.32775,Amber,-1.8643837744934033,0,0.1903,0.0142,0,0
2024-07-25 13:00:00,99.65075,121.02674999999999,99.39224999999999,38.8545,Amber,-0.4271048755512371,0,0.0309,0.0,0,0
2024-07-25 14:00:00,99.7165,115.13550000000001,99.586,39.07475,Amber,0.13899742066359166,0,0.0,0.0,0,0
2024-07-25 15:00:00,99.362,107.4335,99.5395,29.91575,Amber,-1.2858576908219865,0,0.0,0.0359,0,0
2024-07-25 16:00:00,99.5615,103.64125,99.23849999999999,30.43525,Red,-0.04424965774690359,0,0.0,0.0,0,1
2024-07-25 17:00:00,99.293,89.54475,99.392,33.331,Amber,-1.1692678249376378,0,0.0,0.1049,0,0
2024-07-25 18:00:00,99.53625,81.38675,99.4675,36.43575,Amber,0.09919343204804663,0,0.0,0.0,0,0
2024-07-25 19:00:00,98.79575,64.17325,99.48075,32.83075,Amber,-1.8042907925713447,0,0.0,0.6022,0,0
2024-07-25 20:00:00,99.12425,56.299,99.52775,27.255,Amber,-0.539323454909775,0,0.0,0.8759,0,0
2024-07-25 21:00:00,99.68575,50.466750000000005,99.614,35.98125,Green,1.0626273676480231,0,0.0,0.588,0,0
2024-07-25 22:00:00,99.51175,43.08675,99.42875000000001,36.569,Green,0.5746813834039833,0,0.0,0.4742,0,0
2024-07-25 23:00:00,99.7235,49.62425,99.17524999999999,39.72525,Amber,0.9019158568097523,0,0.0,0.1486,0,0
2024-07-26 00:00:00,99.84725,36.59625,99.4495,47.03225,Amber,0.9821081796873012,0,0.0371,0.0,0,0
2024-07-26 01:00:00,99.62375,43.591,99.555,52.96025,Amber,0.14969776325199446,0,0.0,0.0,0,0
2024-07-26 02:00:00,99.96275,43.254999999999995,99.50575,54.056,Amber,1.4767481880180544,0,0.1526,0.0,0,0
2024-07-26 03:00:00,99.58375,53.331,99.4225,60.4915,Amber,-0.7328188403353991,0,0.0,0.0,0,0
2024-07-26 04:00:00,99.6325,59.564,99.776,54.7055,Green,-0.6496285823964233,0,0.0,0.0,0,0
2024-07-26 05:00:00,99.674,72.97075000000001,99.68725,60.08775,Amber,-0.3108103254653769,0,0.0,0.0,0,0
2024-07-26 06:00:00,99.98375,79.03225,99.45125,64.7185,Amber,1.3318925072854713,0,0.1736,0.0,0,0
2024-07-26 07:00:00,99.6895,85.01474999999999,99.3375,59.3155,Amber,-0.37372430324432576,0,0.053,0.0,0,0
2024-07-26 08:00:00,99.62075,96.93975,99.5915,57.645,Amber,-0.5272338187608843,0,0.0,0.0,0,0
2024-07-26 09:00:00,99.4865,111.68875,99.50625,53.960499999999996,Amber,-1.1821179246942903,0,0.0,0.0,0,0
2024-07-26 10:00:00,99.7405,107.7145,99.8435,53.9275,Green,0.2517339180554193,0,0.0,0.0,0,0
2024-07-26 11:00:00,99.5005,114.63575,99.42375000000001,49.74925,Amber,-0.9243655690785103,0,0.0,0.0,0,0
2024-07-26 12:00:00,99.25125,114.96975,99.532,45.610749999999996,Red,-1.678433234880317,0,0.0,0.1467,0,1
2024-07-26 13:00:00,99.50075,115.484,99.57125,41.73225,Amber,-0.09791846492029392,0,0.0,0.0439,0,0
2024-07-26 14:00:00,99.523,115.13974999999999,99.72575,39.78,Amber,0.14551560945493724,0,0.0,0.0,0,0
2024-07-26 15:00:00,99.45400000000001,108.44200000000001,99.58425,35.54375,Green,-0.26224716072227594,0,0.0,0.0,0,0
2024-07-26 16:00:00,99.39175,93.62925,99.57249999999999,27.99375,Amber,-0.44108181867765195,0,0.0,0.0062,0,0
2024-07-26 17:00:00,99.53725,92.08425,99.2805,29.467,Amber,0.8740819487646686,0,0.0,0.0,0,0
2024-07-26 18:00:00,99.50725,83.3,99.5895,28.20825,Amber,0.3998135592801306,0,0.0,0.0,0,0
2024-07-26 19:00:00,99.38525,70.49775,99.47749999999999,29.955000000000002,Green,-1.2180072990567012,0,0.0,0.0127,0,0
2024-07-26 20:00:00,99.22125,64.90975,99.63374999999999,32.526250000000005,Amber,-1.7233671368584966,0,0.0,0.1894,0,0
2024-07-26 21:00:00,99.23125,52.1255,99.64175,36.869,Red,-1.111135397410206,0,0.0,0.356,0,1
2024-07-26 22:00:00,99.028,38.81525,99.4985,41.47575,Amber,-1.4919735717058058,0,0.0,0.726,0,0
2024-07-26 23:00:00,99.9305,37.00575,99.67125,42.857749999999996,Green,1.745265531339493,0,0.1204,0.1934,0,0
2024-07-27 00:00:00,99.78025,34.54,99.51174999999999,48.1435,Amber,0.9964138347499442,0,0.0905,0.0,0,0
2024-07-27 01:00:00,99.4785,44.717,99.73949999999999,51.95875,Amber,0.09533906834638779,0,0.0,0.0,0,0
2024-07-27 02:00:00,99.70725,49.67975,99.471,50.15475,Amber,0.5241076584888937,0,0.0,0.0,0,0
2024-07-27 03:00:00,99.887,57.92275,99.7005,57.14825,Amber,0.7455650108948912,0,0.0769,0.0,0,0
2024-07-27 04:00:00,99.6445,53.682249999999996,99.41075000000001,59.88,Amber,-0.5626603793814374,0,0.0,0.0,0,0
2024-07-27 05:00:00,99.88825,65.06975,99.45675,56.783500000000004,Green,1.001668020692328,0,0.0781,0.0,0,0
2024-07-27 06:00:00,100.0,79.47975,99.41975,57.1195,Green,1.2076335682073456,0,0.268,0.0,0,0
2024-07-27 07:00:00,99.78975,84.63175,99.533,56.79125,Amber,-0.226559234765536,0,0.2477,0.0,0,0
2024-07-27 08:00:00,99.8675,93.21424999999999,99.58475,56.87075,Amber,0.17851009241394664,0,0.3051,0.0,0,0
2024-07-27 09:00:00,99.40525,106.45425,99.52324999999999,61.26950000000001,Amber,-1.6982293387064171,0,0.0,0.0,0,0
2024-07-27 10:00:00,99.9335,110.81675,99.35925,54.832499999999996,Amber,0.563236882918979,0,0.1234,0.0,0,0
2024-07-27 11:00:00,99.601,117.9985,99.8275,43.59375,Amber,-0.7371103339769484,0,0.0,0.0,0,0
2024-07-27 12:00:00,99.28325,118.23400000000001,99.405,45.16825,Amber,-1.3857671733093877,0,0.0,0.1147,0,0
2024-07-27 13:00:00,99.69125,124.13275,99.517,38.26075,Amber,0.2395191825224624,0,0.0,0.0,0,0
2024-07-27 14:00:00,99.53450000000001,108.42775,99.523,40.2505,Green,-0.1772761306008359,0,0.0,0.0,0,0
2024-07-27 15:00:00,99.487,109.295,99.68775,34.767250000000004,Amber,-0.4666749783186275,0,0.0,0.0,0,0
2024-07-27 16:00:00,99.39500000000001,96.2885,99.59725,29.003,Amber,-0.7115436204865405,0,0.0,0.0029,0,0
2024-07-27 17:00:00,99.49425,91.10374999999999,99.46875,31.213,Amber,0.09766163904635948,0,0.0,0.0,0,0
2024-07-27 18:00:00,98.88,76.3285,99.52000000000001,25.83875,Amber,-1.9140917930044146,0,0.0,0.5179,0,0
2024-07-27 19:00:00,99.24600000000001,65.11725,99.376,31.427,Amber,-0.3773567386535961,0,0.0,0.6699,0,0
2024-07-27 20:00:00,99.05275,58.1955,99.6115,29.754,Amber,-0.8261010015725463,0,0.0,1.015,0,0
2024-07-27 21:00:00,99.334,49.82425,99.32925,34.635999999999996,Red,0.43834000663152106,0,0.0,1.079,0,1
2024-07-27 22:00:00,99.62075,42.55075,99.402,41.61475,Amber,1.272191304977182,0,0.0,0.8561,0,0
2024-07-27 23:00:00,99.61825,40.37175,99.50175,39.175,Amber,1.0932652097583397,0,0.0,0.6358,0,0
2024-07-28 00:00:00,99.41975,37.596999999999994,99.4575,48.470749999999995,Amber,0.17145812963709947,0,0.0,0.614,0,0
2024-07-28 01:00:00,99.8005,39.59975,99.68225,51.802,Amber,1.2346654244819604,0,0.0,0.2114,0,0
2024-07-28 02:00:00,99.71025,50.34,99.29849999999999,56.5605,Amber,0.7179583947719321,0,0.0,0.0,0,0
2024-07-28 03:00:00,99.861,53.96124999999999,99.23725,56.8345,Amber,1.2073914224294913,0,0.0509,0.0,0,0
2024-07-28 04:00:00,99.55225,60.32725,99.5995,60.18925,Amber,-0.6608683304318627,0,0.0,0.0,0,0
2024-07-28 05:00:00,99.77074999999999,70.676,99.45575,60.523250000000004,Amber,0.5074583605765017,0,0.0,0.0,0,0
2024-07-28 06:00:00,99.876,81.40424999999999,99.446,63.23875,Amber,0.9582214679857398,0,0.0659,0.0,0,0
2024-07-28 07:00:00,99.83275,90.64150000000001,99.294,57.226,Amber,0.5376691174556424,0,0.0885,0.0,0,0
2024-07-28 08:00:00,99.63550000000001,103.4585,99.62975,56.7455,Amber,-0.9008346649154135,0,0.0,0.0,0,0
2024-07-28 09:00:00,99.615,105.9285,99.48375,57.3785,Amber,-0.7539956376542372,0,0.0,0.0,0,0
2024-07-28 10:00:00,99.75375,119.89475,99.61325,54.16725,Amber,0.061882647103281355,0,0.0,0.0,0,0
2024-07-28 11:00:00,99.56525,115.40075,99.625,46.17575,Green,-1.1683231367417068,0,0.0,0.0,0,0
2024-07-28 12:00:00,99.4615,117.25075000000001,99.37899999999999,41.807249999999996,Amber,-1.3746076890110126,0,0.0,0.0,0,0
2024-07-28 13:00:00,99.4175,110.20175,99.55799999999999,42.4965,Green,-1.2839835687979715,0,0.0,0.0,0,0
2024-07-28 14:00:00,99.61075,115.82625,99.49725,34.6525,Amber,0.3332237664711579,0,0.0,0.0,0,0
2024-07-28 15:00:00,99.86775,109.922,99.4795,34.12025,Amber,1.4813299208999076,0,0.0576,0.0,0,0
2024-07-28 16:00:00,99.9645,95.29025,99.31125,34.61575,Amber,1.4315061567676035,0,0.212,0.0,0,0
2024-07-28 17:00:00,99.307,87.93325,99.52925,29.860500000000002,Amber,-1.1373597248377167,0,0.0,0.0909,0,0
2024-07-28 18:00:00,99.49375,76.88125,99.62625,28.56375,Amber,-0.45026405678351245,0,0.0,0.0,0,0
2024-07-28 19:00:00,99.1015,62.085,99.6685,34.40825,Amber,-1.388346414401112,0,0.0,0.2964,0,0
2024-07-28 20:00:00,99.391,64.166,99.388,33.944,Red,-0.38947281151227503,0,0.0,0.3034,0,1
2024-07-28 21:00:00,98.98175,51.40275,99.29975,35.558,Amber,-1.1340241931838593,0,0.0,0.7195,0,0
2024-07-28 22:00:00,99.79575,41.373999999999995,99.34975,42.45525,Amber,1.5546098847933778,0,0.0,0.3217,0,0
2024-07-28 23:00:00,99.399,36.151,99.6645,45.878,Amber,0.13295871850591934,0,0.0,0.3206,0,0
2024-07-29 00:00:00,99.77375,42.92675,99.23375,44.6335,Amber,1.095384485970209,0,0.0,0.0,0,0
2024-07-29 01:00:00,99.54825,41.149499999999996,99.58,45.7995,Amber,0.22139593071730465,0,0.0,0.0,0,0
2024-07-29 02:00:00,99.947,45.8335,99.54375,52.5735,Amber,1.0669616070472494,0,0.1369,0.0,0,0
2024-07-29 03:00:00,99.919,42.823,99.33725,57.47675,Amber,0.8759627009781398,0,0.2458,0.0,0,0
2024-07-29 04:00:00,99.836,51.208999999999996,99.605,55.98625,Green,0.45276792639569535,0,0.2717,0.0,0,0
2024-07-29 05:00:00,99.81425,68.0565,99.5395,56.348,Amber,0.05538299035069856,0,0.2758,0.0,0,0
2024-07-29 06:00:00,100.0,84.2275,99.611,59.4315,Amber,0.9707433078955807,0,0.4657,0.0,0,0
2024-07-29 07:00:00,99.68475000000001,88.509,99.51050000000001,55.98525,Amber,-1.6125385172589415,0,0.3403,0.0,0,0
2024-07-29 08:00:00,99.65975,106.57725,99.59174999999999,53.29425,Amber,-1.2107451864625334,0,0.19,0.0,0,0
2024-07-29 09:00:00,99.57975,105.10175,99.38425,59.109,Amber,-1.2071652989472166,0,0.0,0.0,0,0
2024-07-29 10:00:00,99.76225,111.03,99.40425,49.4385,Amber,0.08243694701643617,0,0.0,0.0,0,0
2024-07-29 11:00:00,99.69575,124.74574999999999,99.5975,47.51025,Amber,-0.2393115760607313,0,0.0,0.0,0,0
2024-07-29 12:00:00,99.26849999999999,120.48825,99.57475,42.467749999999995,Red,-1.9239025217395362,0,0.0,0.1294,0,1
2024-07-29 13:00:00,99.523,120.24725,99.44175,36.81625,Amber,-0.33415914784613454,0,0.0,0.0044,0,0
2024-07-29 14:00:00,99.75525,107.19825,99.4545,38.53975,Green,0.8417640652292526,0,0.0,0.0,0,0
2024-07-29 15:00:00,99.7125,101.9985,99.41775,32.8535,Amber,0.4822492673170481,0,0.0,0.0,0,0
2024-07-29 16:00:00,99.32975,97.9345,99.5415,30.103,Amber,-1.0421094372058903,0,0.0,0.0682,0,0
2024-07-29 17:00:00,99.27074999999999,93.196,99.50175,28.7845,Amber,-0.9344596574471764,0,0.0,0.1954,0,0
2024-07-29 18:00:00,98.85475,80.74425,99.5085,30.9865,Amber,-1.6557458411318615,0,0.0,0.7385,0,0
2024-07-29 19:00:00,99.687,67.57625,99.33675,29.27225,Amber,0.7168956661085186,0,0.0,0.4495,0,0
2024-07-29 20:00:00,99.04675,57.16825,99.372,35.4865,Amber,-0.7916467651866806,0,0.0,0.8006,0,0
2024-07-29 21:00:00,99.13374999999999,50.634,99.4255,38.35125,Amber,-0.3052010974377022,0,0.0,1.0648,0,0
2024-07-29 22:00:00,99.59375,44.805,99.346,39.929500000000004,Amber,1.021722415498952,0,0.0,0.869,0,0
2024-07-29 23:00:00,99.53625,37.64875,99.45975,44.295,Amber,0.6672579119355093,0,0.0,0.7307,0,0
2024-07-30 00:00:00,99.96925,38.48775,99.5835,45.157,Green,1.3653159291183994,0,0.1591,0.1594,0,0
2024-07-30 01:00:00,99.63475,38.34325,99.4395,48.90875,Amber,0.4349322180836469,0,0.0,0.0,0,0
2024-07-30 02:00:00,99.44024999999999,38.93725,99.386,51.25175,Amber,-0.4081548434072927,0,0.0,0.0,0,0
2024-07-30 03:00:00,99.73949999999999,53.306,99.73125,54.570750000000004,Green,0.4726338790495553,0,0.0,0.0,0,0
2024-07-30 04:00:00,99.7325,61.023250000000004,99.3055,59.76675,Amber,0.3095525980617917,0,0.0,0.0,0,0
2024-07-30 05:00:00,99.77799999999999,72.0755,99.5945,63.4905,Amber,0.3579233834516475,0,0.0,0.0,0,0
2024-07-30 06:00:00,99.796,75.70525,99.6275,57.52325,Amber,0.8200653403501779,0,0.0,0.0,0,0
2024-07-30 07:00:00,99.73625,90.35650000000001,99.3075,55.95725,Amber,0.24692703493984777,0,0.0,0.0,0,0
2024-07-30 08:00:00,99.599,100.09475,99.44575,55.48325,Amber,-1.8955553395785574,0,0.0,0.0,0,0
2024-07-30 09:00:00,99.83,111.44525,99.56025,55.019999999999996,Amber,1.051271131582402,0,0.0199,0.0,0,0
2024-07-30 10:00:00,99.9705,119.00075,99.72725,49.68275,Green,1.5295124433996223,0,0.1803,0.0,0,0
2024-07-30 11:00:00,99.6455,117.6405,99.35050000000001,49.73975,Amber,-0.8746090544301379,0,0.0157,0.0,0,0
2024-07-30 12:00:00,99.44375,125.69624999999999,99.42425,44.1215,Amber,-1.4118282395400488,0,0.0,0.0,0,0
2024-07-30 13:00:00,99.28625,122.99525,99.27974999999999,39.532250000000005,Amber,-1.3772076141190475,0,0.0,0.1117,0,0
2024-07-30 14:00:00,99.4515,114.636,99.67625,37.865,Green,-0.5896375947517908,0,0.0,0.0581,0,0
2024-07-30 15:00:00,99.54775000000001,101.10075,99.56975,36.207499999999996,Amber,-0.04166404879132614,0,0.0,0.0,0,0
2024-07-30 16:00:00,99.21025,96.172,99.5415,31.562,Amber,-1.3684914556701842,0,0.0,0.1877,0,0
2024-07-30 17:00:00,99.54975,93.36125,99.602,32.07125,Amber,0.9711636113384051,0,0.0,0.0359,0,0
2024-07-30 18:00:00,99.084,79.07,99.593,29.874000000000002,Red,-1.4141254111701862,0,0.0,0.3498,0,1
2024-07-30 19:00:00,99.4475,71.38325,99.38525,30.783,Amber,0.34342970168220743,0,0.0,0.3002,0,0
2024-07-30 20:00:00,99.75975,61.70375,99.46300000000001,32.72175,Amber,1.3218804883357786,0,0.0,0.0,0,0
2024-07-30 21:00:00,99.36,45.663,99.22675,36.87675,Red,-0.17341622522418396,0,0.0,0.0379,0,1
2024-07-30 22:00:00,99.44675,48.4445,99.6325,39.576499999999996,Amber,0.0245327421091552,0,0.0,0.0,0,0
2024-07-30 23:00:00,99.662,38.90075,99.4085,41.41225,Amber,0.8500281822630631,0,0.0,0.0,0,0
2024-07-31 00:00:00,99.61275,39.323750000000004,99.42099999999999,41.329,Amber,0.42116869199320756,0,0.0,0.0,0,0
2024-07-31 01:00:00,99.85974999999999,46.089,99.51875,46.31825,Amber,1.2933469942324607,0,0.0496,0.0,0,0
2024-07-31 02:00:00,99.60825,53.22425,99.46475,54.63875,Amber,0.09552542310229706,0,0.0,0.0,0,0
2024-07-31 03:00:00,99.80175,43.734750000000005,99.4565,59.10025,Amber,0.9196421785259866,0,0.0,0.0,0,0
2024-07-31 04:00:00,99.86325,57.47775,99.79375,58.7325,Amber,1.0659328438655025,0,0.0531,0.0,0,0
2024-07-31 05:00:00,99.96000000000001,61.2205,99.7725,54.439,Green,1.2211168509364079,0,0.203,0.0,0,0
2024-07-31 06:00:00,99.781,76.423,99.4195,58.294,Amber,-0.2659762506336853,0,0.1739,0.0,0,0
2024-07-31 07:00:00,99.29275,87.9885,99.429,57.88475,Amber,-1.785096860841352,0,0.0,0.1052,0,0
2024-07-31 08:00:00,99.76,104.22325000000001,99.47175,59.845,Amber,0.07269135183673799,0,0.0,0.0,0,0
2024-07-31 09:00:00,99.7165,115.919,99.25325,58.64275,Amber,-0.053881779611155804,0,0.0,0.0,0,0
2024-07-31 10:00:00,99.7285,112.2505,99.55175,48.9935,Amber,0.09968649915723152,0,0.0,0.0,0,0
2024-07-31 11:00:00,100.0,112.21075,99.33925,51.78875,Amber,1.2436101147499443,0,0.1899,0.0,0,0
2024-07-31 12:00:00,99.64825,119.99325,99.50125,40.941500000000005,Amber,-0.18649491405500185,0,0.028,0.0,0,0
2024-07-31 13:00:00,99.17025,112.3155,99.34774999999999,38.397999999999996,Amber,-1.8323280069799064,0,0.0,0.2277,0,0
2024-07-31 14:00:00,99.74875,115.40825,99.5855,34.946999999999996,Amber,0.2938821270402446,0,0.0,0.0,0,0
2024-07-31 15:00:00,99.0925,104.506,99.7105,37.01375,Red,-1.324282120634673,0,0.0,0.3054,0,1
2024-07-31 16:00:00,99.38175,99.04599999999999,99.434,31.98525,Amber,-0.35478000492433076,0,0.0,0.3216,0,0
2024-07-31 17:00:00,99.24,92.45875000000001,99.5405,27.0655,Green,-0.5269513859054268,0,0.0,0.4795,0,0
2024-07-31 18:00:00,99.757,77.022,99.529,25.8995,Amber,1.2339497587728276,0,0.0,0.1205,0,0
2024-07-31 19:00:00,99.29050000000001,65.14475,99.55675,32.206,Amber,-0.46429578261507526,0,0.0,0.2279,0,0
2024-07-31 20:00:00,99.10849999999999,57.393,99.3945,33.493750000000006,Red,-0.8321946029382007,0,0.0,0.5173,0,1
2024-07-31 21:00:00,99.19075000000001,58.736,99.62375,37.113,Amber,-0.5986901354889148,0,0.0,0.7245,0,0
2024-07-31 22:00:00,99.57775,45.73225,99.53,40.414,Amber,0.8629765293516556,0,0.0,0.5447,0,0
2024-07-31 23:00:00,99.08875,49.0,99.49375,41.45675,Red,-0.9050991656079532,0,0.0,0.8539,0,1
2024-08-01 00:00:00,99.925,44.94525,99.41075000000001,44.72775,Amber,1.7134371724219324,0,0.1149,0.3268,0,0
2024-08-01 01:00:00,99.80250000000001,49.9055,99.625,51.38125,Amber,0.9585282599909621,0,0.1073,0.0,0,0
2024-08-01 02:00:00,99.4335,50.76675,99.3545,52.68025,Amber,-0.21019157569742505,0,0.0,0.0,0,0
2024-08-01 03:00:00,99.714,45.94325,99.3375,57.21625,Amber,0.41311978658125575,0,0.0,0.0,0,0
2024-08-01 04:00:00,99.613,62.957750000000004,99.436,58.287,Amber,0.05632483666313993,0,0.0,0.0,0,0
2024-08-01 05:00:00,99.94075000000001,69.81625,99.58825,67.845,Amber,1.0417552236689516,0,0.1306,0.0,0,0
2024-08-01 06:00:00,99.744,82.96625,99.33475,56.8695,Amber,0.2089169651501971,0,0.0645,0.0,0,0
2024-08-01 07:00:00,99.5915,92.22925000000001,99.6575,60.60325,Amber,-0.47570016926268544,0,0.0,0.0,0,0
2024-08-01 08:00:00,99.67949999999999,100.593,99.60475,55.927,Amber,-0.27330707516307146,0,0.0,0.0,0,0
2024-08-01 09:00:00,99.7555,107.962,99.461,53.18175,Amber,0.2747685265966827,0,0.0,0.0,0,0
2024-08-01 10:00:00,99.95725,118.66925,99.51125,53.97925,Amber,1.2377542402963713,0,0.1471,0.0,0,0
2024-08-01 11:00:00,99.4525,120.70025,99.36525,49.50575,Red,-1.436134193724235,0,0.0,0.0,0,1
2024-08-01 12:00:00,99.587,120.65925,99.35725,44.85175,Amber,-0.48189642028327684,0,0.0,0.0,0,0
2024-08-01 13:00:00,99.655,121.789,99.541,37.09375,Amber,-0.1541622680075565,0,0.0,0.0,0,0
2024-08-01 14:00:00,99.62275,115.6585,99.50975,32.65,Amber,-0.2858142392395721,0,0.0,0.0,0,0
2024-08-01 15:00:00,99.2925,100.653,99.56450000000001,34.66775,Amber,-1.3574709260410154,0,0.0,0.1054,0,0
2024-08-01 16:00:00,99.47725,97.212,99.68549999999999,29.848,Amber,-0.27576688416068607,0,0.0,0.0261,0,0
2024-08-01 17:00:00,99.2055,95.714,99.53175,31.04175,Red,-1.4411352667600847,0,0.0,0.2185,0,1
2024-08-01 18:00:00,99.217,75.28375,99.43950000000001,34.5905,Amber,-0.9669031059754191,0,0.0,0.3995,0,0
2024-08-01 19:00:00,99.68675,72.36775,99.62525,32.157,Green,1.2892301362931733,0,0.0,0.1106,0,0
2024-08-01 20:00:00,99.21325,62.875,99.26225,32.551,Amber,-0.694595656187358,0,0.0,0.2953,0,0
2024-08-01 21:00:00,99.19525,51.433,99.58075,36.49725,Amber,-0.6713550271847557,0,0.0,0.498,0,0
2024-08-01 22:00:00,99.51599999999999,48.198750000000004,99.38275,37.579499999999996,Amber,0.8412596412642255,0,0.0,0.3799,0,0
2024-08-01 23:00:00,99.82225,39.42725,99.43575,45.22025,Amber,1.391607870939591,0,0.0121,0.0,0,0
2024-08-02 00:00:00,99.87325,37.2485,99.643,45.09175,Green,1.0887227960614214,0,0.0753,0.0,0,0
2024-08-02 01:00:00,99.6965,42.4585,99.54825,52.8775,Amber,0.48434363075214254,0,0.0,0.0,0,0
2024-08-02 02:00:00,99.898,41.62675,99.58024999999999,53.745000000000005,Green,0.854003770033048,0,0.0879,0.0,0,0
2024-08-02 03:00:00,99.8655,52.847,99.38225,57.60725,Amber,0.590379579855824,0,0.1433,0.0,0,0
2024-08-02 04:00:00,99.90350000000001,55.72125,99.54075,58.721000000000004,Amber,0.7789101608050152,0,0.2367,0.0,0,0
2024-08-02 05:00:00,99.97149999999999,60.405,99.34825000000001,59.114000000000004,Amber,1.1245662170043054,0,0.3981,0.0,0,0
2024-08-02 06:00:00,99.70575,85.96575,99.59425,62.14675,Amber,-1.18814567324326,0,0.2937,0.0,0,0
2024-08-02 07:00:00,99.56975,91.75975,99.47775,60.08075,Amber,-1.6525049433769843,0,0.0533,0.0,0,0
2024-08-02 08:00:00,99.91125,98.81450000000001,99.48400000000001,56.8125,Amber,0.5911762209974097,0,0.1545,0.0,0,0
2024-08-02 09:00:00,99.54025,103.32575,99.483,51.04175,Amber,-1.2108703814377695,0,0.0,0.0,0,0
2024-08-02 10:00:00,99.4915,113.83024999999999,99.6095,51.038,Amber,-1.0231939281041322,0,0.0,0.0,0,0
2024-08-02 11:00:00,99.52775,112.7405,99.801,48.711,Amber,-0.6087473622516971,0,0.0,0.0,0,0
2024-08-02 12:00:00,99.55025,110.815,99.28375,43.036500000000004,Amber,-0.31013231292427995,0,0.0,0.0,0,0
2024-08-02 13:00:00,99.7735,114.33475,99.48175,39.74425,Amber,0.8321763478881815,0,0.0,0.0,0,0
2024-08-02 14:00:00,99.39375,116.50875,99.54475,39.39975,Amber,-1.2180431181872309,0,0.0,0.0042,0,0
2024-08-02 15:00:00,99.28,104.56075,99.49575,38.45525,Amber,-1.3419629187961786,0,0.0,0.1221,0,0
2024-08-02 16:00:00,99.269,100.33025,99.6035,31.55425,Green,-1.0251569640394482,0,0.0,0.251,0,0
2024-08-02 17:00:00,99.15725,98.95625,99.55199999999999,32.7375,Amber,-1.0978138714382852,0,0.0,0.4917,0,0
2024-08-02 18:00:00,99.238,76.07825,99.623,30.51575,Amber,-0.5173736436706708,0,0.0,0.6516,0,0
2024-08-02 19:00:00,99.27225,62.99075,99.46775,33.94975,Amber,0.05075812734095306,0,0.0,0.7773,0,0
2024-08-02 20:00:00,99.13575,61.5435,99.38625,30.581,Red,-1.420032854610266,0,0.0,1.0395,0,1
2024-08-02 21:00:00,99.5295,55.941250000000004,99.62325,33.573750000000004,Amber,1.865327242371469,0,0.0,0.9079,0,0
2024-08-02 22:00:00,99.696,47.28425,99.6795,33.829,Green,1.5917827114039018,0,0.0,0.6099,0,0
2024-08-02 23:00:00,99.8,39.6245,99.13175,44.1485,Amber,1.3139014566156548,0,0.0,0.2078,0,0
2024-08-03 00:00:00,99.64325,44.81275,99.62049999999999,48.5445,Green,0.5052327381547191,0,0.0,0.0,0,0
2024-08-03 01:00:00,99.991,33.6905,99.5165,51.27825,Amber,1.2394678432551558,0,0.1809,0.0,0,0
2024-08-03 02:00:00,99.92925,39.0465,99.29475,55.300250000000005,Amber,0.935869286686485,0,0.3,0.0,0,0
2024-08-03 03:00:00,99.741,60.223,99.48725,56.503,Amber,-0.43544010941676936,0,0.2309,0.0,0,0
2024-08-03 04:00:00,99.8485,62.9025,99.6715,57.20425,Amber,0.18218556168087205,0,0.2693,0.0,0,0
2024-08-03 05:00:00,99.88525,71.413,99.30775,62.324999999999996,Amber,0.35693451837402435,0,0.3445,0.0,0,0
2024-08-03 06:00:00,99.88925,84.38425,99.4895,60.54175,Amber,0.10184549791324499,0,0.4236,0.0,0,0
2024-08-03 07:00:00,99.66225,90.736,99.49,58.626,Amber,-1.593932863974926,0,0.2757,0.0,0,0
2024-08-03 08:00:00,99.92275000000001,95.97075,99.6035,56.89,Amber,0.9656565837257406,0,0.3884,0.0,0,0
2024-08-03 09:00:00,99.84525,100.541,99.66775,58.368249999999996,Amber,0.03280435707516621,0,0.4235,0.0,0,0
2024-08-03 10:00:00,99.86575,113.37950000000001,99.6905,51.24425,Green,0.2216939474974847,0,0.4792,0.0,0,0
2024-08-03 11:00:00,99.473,127.35974999999999,99.73225,51.948499999999996,Amber,-1.7402097508204337,0,0.1421,0.0,0,0
2024-08-03 12:00:00,99.80075,120.09049999999999,99.36099999999999,46.6825,Amber,0.23507341376212082,0,0.1327,0.0,0,0
2024-08-03 13:00:00,99.39699999999999,122.2615,99.636,40.463,Green,-1.4333576667615002,0,0.0,0.0009,0,0
2024-08-03 14:00:00,99.49350000000001,113.22200000000001,99.584,31.973499999999998,Green,-0.7149354921914051,0,0.0,0.0,0,0
2024-08-03 15:00:00,99.271,114.34275,99.56049999999999,34.19825,Green,-1.1948439945895133,0,0.0,0.1269,0,0
2024-08-03 16:00:00,99.24275,93.5455,99.65549999999999,29.8855,Amber,-1.0099474844061134,0,0.0,0.2821,0,0
2024-08-03 17:00:00,98.88325,88.01525000000001,99.64125,26.6545,Amber,-1.529792635996154,0,0.0,0.7968,0,0
2024-08-03 18:00:00,99.44375,77.1995,99.50525,33.2155,Amber,0.7018380259239445,0,0.0,0.751,0,0
2024-08-03 19:00:00,99.02725,73.9755,99.42325,30.84475,Red,-0.8463933003518964,0,0.0,1.1216,0,1
2024-08-03 20:00:00,99.3485,60.84625,99.54375,34.494,Amber,0.6972764074099033,0,0.0,1.1711,0,0
2024-08-03 21:00:00,99.7795,54.3725,99.47524999999999,32.21575,Amber,1.5506549242202392,0,0.0,0.7895,0,0
2024-08-03 22:00:00,99.71525,47.72325,99.511,37.5385,Amber,0.9701124419112079,0,0.0,0.4722,0,0
2024-08-03 23:00:00,99.757,48.21775,99.31475,44.59775,Amber,0.827007588650356,0,0.0,0.1131,0,0
2024-08-04 00:00:00,99.56450000000001,42.30675,99.6315,48.092749999999995,Amber,0.11019001777639717,0,0.0,0.0,0,0
2024-08-04 01:00:00,99.73325,33.463,99.55225,51.28025,Amber,0.50380808810473,0,0.0,0.0,0,0
2024-08-04 02:00:00,99.42675,38.01875,99.5325,55.18675,Amber,-1.7065378662334874,0,0.0,0.0,0,0
2024-08-04 03:00:00,99.73,47.846,99.62125,52.83825,Amber,0.5757699138190753,0,0.0,0.0,0,0
2024-08-04 04:00:00,99.48325,59.298500000000004,99.49825,56.7605,Green,-0.9247432004675659,0,0.0,0.0,0,0
2024-08-04 05:00:00,99.95125,71.8965,99.4325,54.45125,Amber,1.5588167726823456,0,0.1411,0.0,0,0
2024-08-04 06:00:00,99.94624999999999,73.14375000000001,99.38775,59.78475,Amber,1.055769336162029,0,0.2773,0.0,0,0
2024-08-04 07:00:00,99.96175,90.7535,99.65275,54.405249999999995,Green,0.8651206344780047,0,0.4289,0.0,0,0
2024-08-04 08:00:00,99.812,96.36675,99.1845,55.46825,Amber,-0.011148211399511361,0,0.4308,0.0,0,0
2024-08-04 09:00:00,99.42,107.732,99.68075,51.616749999999996,Amber,-1.3822679482406453,0,0.0407,0.0,0,0
2024-08-04 10:00:00,99.46625,113.4815,99.54425,52.7185,Green,-1.1657834828474256,0,0.0,0.0,0,0
2024-08-04 11:00:00,99.7565,120.0,99.46325,46.639,Amber,0.1255954760507055,0,0.0,0.0,0,0
2024-08-04 12:00:00,99.57900000000001,124.2375,99.70375,50.45325,Amber,-0.4097661090550397,0,0.0,0.0,0,0
2024-08-04 13:00:00,99.20625,119.46975,99.47375,37.793,Amber,-1.4819277492051524,0,0.0,0.1917,0,0
2024-08-04 14:00:00,99.65775,111.95875,99.56675,38.5775,Amber,0.736855237454154,0,0.0,0.0,0,0
2024-08-04 15:00:00,99.08475,106.53125,99.50125,34.2905,Amber,-1.419638996237619,0,0.0,0.3132,0,0
2024-08-04 16:00:00,99.31700000000001,99.68424999999999,99.54825,32.0265,Amber,-0.43274806824339773,0,0.0,0.3941,0,0
2024-08-04 17:00:00,99.10675,90.24675,99.584,29.8255,Amber,-0.8999211398093007,0,0.0,0.6853,0,0
2024-08-04 18:00:00,99.15525,82.58425,99.62950000000001,29.796499999999998,Red,-0.4640040546797833,0,0.0,0.928,0,1
2024-08-04 19:00:00,99.1915,68.6545,99.54599999999999,33.40375,Amber,-0.2822781281545214,0,0.0,1.1344,0,0
2024-08-04 20:00:00,99.9665,63.987750000000005,99.54625,31.97475,Amber,1.9792421987647844,0,0.1564,0.5658,0,0
2024-08-04 21:00:00,99.33075,54.063,99.50875,38.69975,Amber,-0.043720411620861814,0,0.0,0.633,0,0
2024-08-04 22:00:00,99.636,48.442,99.674,36.852000000000004,Green,0.7050454353301023,0,0.0,0.3949,0,0
2024-08-04 23:00:00,99.3325,38.751,99.32124999999999,43.5195,Red,-0.3315345652073278,0,0.0,0.4604,0,1
2024-08-05 00:00:00,99.80125000000001,35.817,99.40975,48.701,Green,0.8441988006317713,0,0.0,0.057,0,0
2024-08-05 01:00:00,99.54075,38.637,99.638,51.025999999999996,Amber,-0.23795052820821988,0,0.0,0.0,0,0
2024-08-05 02:00:00,99.97875,49.77075,99.55875,54.7905,Green,1.4552676465390408,0,0.1686,0.0,0,0
2024-08-05 03:00:00,99.8635,50.03825,99.17925,61.8545,Amber,0.7257144061291808,0,0.222,0.0,0,0
2024-08-05 04:00:00,99.63275,60.858999999999995,99.54775000000001,62.7395,Amber,-0.248972258339894,0,0.0447,0.0,0,0
2024-08-05 05:00:00,99.886,74.69675000000001,99.2605,54.78375,Red,0.6172196277392147,0,0.1206,0.0,0,1
2024-08-05 06:00:00,99.841,86.3095,99.523,62.425,Amber,0.3023708654779703,0,0.1515,0.0,0,0
2024-08-05 07:00:00,99.7855,93.94075,99.30250000000001,57.08675,Amber,-0.3940913147267495,0,0.1268,0.0,0,0
2024-08-05 08:00:00,99.68125,104.66825,99.19024999999999,57.40125,Amber,-0.9718826964705799,0,0.0,0.0,0,0
2024-08-05 09:00:00,99.811,109.97825,99.47225,52.71425,Amber,0.39246012214111475,0,0.0009,0.0,0,0
2024-08-05 10:00:00,99.931,116.85625,99.799,48.7265,Green,1.2497501805647553,0,0.1218,0.0,0,0
2024-08-05 11:00:00,99.54175000000001,120.13425000000001,99.346,48.42225,Green,-1.6412318313024814,0,0.0,0.0,0,0
2024-08-05 12:00:00,99.757,118.108,99.25425,45.05025,Amber,0.043874850104766085,0,0.0,0.0,0,0
2024-08-05 13:00:00,99.29175,118.731,99.48025000000001,43.694,Amber,-1.66961203070172,0,0.0,0.1062,0,0
2024-08-05 14:00:00,99.51775,113.52850000000001,99.6495,34.18225,Amber,-0.5300369216775048,0,0.0,0.0,0,0
2024-08-05 15:00:00,99.18675,106.152,99.48375,27.75075,Amber,-1.2615898779242383,0,0.0,0.2112,0,0
2024-08-05 16:00:00,99.236,95.92975000000001,99.42099999999999,32.62975,Red,-0.8435881266946654,0,0.0,0.3731,0,1
2024-08-05 17:00:00,99.33425,88.10425000000001,99.5255,30.22675,Amber,-0.24778727227049233,0,0.0,0.4368,0,0
2024-08-05 18:00:00,99.41075,74.27675,99.18375,30.50475,Amber,0.6739010939258899,0,0.0,0.424,0,0
2024-08-05 19:00:00,99.43725,69.11675,99.618,30.17875,Amber,0.6629042251477423,0,0.0,0.3846,0,0
2024-08-05 20:00:00,99.326,58.19475,99.5795,32.6605,Amber,0.04296967200504401,0,0.0,0.4566,0,0
2024-08-05 21:00:00,99.2555,47.421,99.23575,35.32425,Amber,-0.9666965101751386,0,0.0,0.599,0,0
2024-08-05 22:00:00,99.64125,42.00175,99.4915,38.17725,Amber,1.7881904585450357,0,0.0,0.3557,0,0
2024-08-05 23:00:00,99.48175,34.95225,99.7465,45.533,Amber,0.4225497198536996,0,0.0,0.2719,0,0
2024-08-06 00:00:00,99.90875,41.975,99.40775,46.10825,Amber,1.6889146743556822,0,0.0986,0.0,0,0
2024-08-06 01:00:00,99.48375,37.9875,99.43299999999999,52.08025,Amber,-0.13794617078001895,0,0.0,0.0,0,0
2024-08-06 02:00:00,99.76050000000001,53.518249999999995,99.739,53.763,Amber,0.7423124925790018,0,0.0,0.0,0,0
2024-08-06 03:00:00,99.767,55.41525,99.47725,58.069,Amber,0.5462158373233772,0,0.0,0.0,0,0
2024-08-06 04:00:00,99.97175,53.94425,99.35249999999999,56.35425,Green,1.1711716716777312,0,0.1616,0.0,0,0
2024-08-06 05:00:00,99.945,72.90225,99.4675,62.58075,Amber,0.7649736302869271,0,0.2965,0.0,0,0
2024-08-06 06:00:00,99.8735,76.92099999999999,99.142,61.308499999999995,Amber,0.41129847895425264,0,0.3599,0.0,0,0
2024-08-06 07:00:00,99.87174999999999,85.48825,99.53775,58.60725,Amber,0.07793625291937262,0,0.4216,0.0,0,0
2024-08-06 08:00:00,99.814,101.94275,99.56925,58.452,Amber,-0.7769879245383574,0,0.4255,0.0,0,0
2024-08-06 09:00:00,99.94149999999999,112.17475,99.5745,56.204,Amber,0.647740013841286,0,0.5568,0.0,0,0
2024-08-06 10:00:00,99.5325,117.94125,99.4725,54.30075,Amber,-1.9342163370507774,0,0.2792,0.0,0,0
2024-08-06 11:00:00,99.843,118.71875,99.36375,50.7635,Amber,0.21084251520759836,0,0.3121,0.0,0,0
2024-08-06 12:00:00,99.46875,113.0465,99.208,49.59075,Amber,-1.4165049371164677,0,0.0,0.0,0,0
2024-08-06 13:00:00,99.68475000000001,118.36175,99.47800000000001,40.93725,Amber,-0.15799745699317613,0,0.0,0.0,0,0
2024-08-06 14:00:00,99.69375,119.38725,99.55225,33.25225,Amber,-0.001628621363540352,0,0.0,0.0,0,0
2024-08-06 15:00:00,99.26650000000001,109.1855,99.65725,33.924,Amber,-1.552168786737005,0,0.0,0.1314,0,0
2024-08-06 16:00:00,99.412,102.3385,99.3275,28.2125,Amber,-0.697003552648401,0,0.0,0.1174,0,0
2024-08-06 17:00:00,99.444,95.89475,99.5945,29.393250000000002,Green,-0.3068466049232131,0,0.0,0.0713,0,0
2024-08-06 18:00:00,99.4455,77.16975,99.5065,30.61725,Amber,-0.2728346689748516,0,0.0,0.0237,0,0
2024-08-06 19:00:00,99.51825,67.4755,99.52674999999999,29.67175,Amber,0.3919062066445458,0,0.0,0.0,0,0
2024-08-06 20:00:00,99.5615,61.35025,99.639,35.65775,Amber,1.1809240064809599,0,0.0,0.0,0,0
2024-08-06 21:00:00,99.68575,50.125,99.41425000000001,35.31775,Amber,1.7165503957519628,0,0.0,0.0,0,0
2024-08-06 22:00:00,99.79225,45.68625,99.48125,41.072,Amber,1.5647014396552752,0,0.0,0.0,0,0
2024-08-06 23:00:00,99.35175,41.78075,99.46125,38.9205,Green,-1.296492942715371,0,0.0,0.0462,0,0
2024-08-07 00:00:00,99.572,40.1425,99.408,47.519999999999996,Amber,-0.054987747648921365,0,0.0,0.0,0,0
2024-08-07 01:00:00,99.69675,44.198499999999996,99.71724999999999,51.179,Amber,0.567180022069576,0,0.0,0.0,0,0
2024-08-07 02:00:00,99.80875,47.28425,99.44175,57.80075,Amber,0.9285535057259449,0,0.0,0.0,0,0
2024-08-07 03:00:00,99.88175,45.67875,99.6415,56.14275,Green,1.016463239579078,0,0.0716,0.0,0,0
2024-08-07 04:00:00,99.7655,56.494749999999996,99.50325000000001,57.887,Amber,0.44839877054683486,0,0.027,0.0,0,0
2024-08-07 05:00:00,99.80525,68.06975,99.4845,52.9935,Amber,0.46467258836719144,0,0.0222,0.0,0,0
2024-08-07 06:00:00,99.63624999999999,82.72025,99.50425,56.62525,Amber,-1.4773005188549366,0,0.0,0.0,0,0
2024-08-07 07:00:00,99.64750000000001,91.4455,99.333,58.5655,Amber,-1.1320340564602103,0,0.0,0.0,0,0
2024-08-07 08:00:00,99.71025,98.4455,99.26650000000001,52.77725,Amber,-0.32429482649932373,0,0.0,0.0,0,0
2024-08-07 09:00:00,99.64175,109.17575,99.38875,53.826,Amber,-0.8279285783223919,0,0.0,0.0,0,0
2024-08-07 10:00:00,99.87174999999999,115.68175,99.30525,45.695750000000004,Green,1.5486672597313667,0,0.0616,0.0,0,0
2024-08-07 11:00:00,99.7535,119.229,99.5275,47.6385,Amber,0.47247597759592164,0,0.005,0.0,0,0
2024-08-07 12:00:00,99.94375,118.578,99.66775,43.767250000000004,Green,1.4848235446046372,0,0.1387,0.0,0,0
2024-08-07 13:00:00,99.631,115.91,99.598,40.095,Amber,-1.0132093505582995,0,0.0,0.0,0,0
2024-08-07 14:00:00,99.73025,111.26875,99.55275,31.76275,Amber,-0.25456349413758095,0,0.0,0.0,0,0
2024-08-07 15:00:00,99.4065,107.985,99.53975,28.46625,Amber,-1.6648039142654831,0,0.0,0.0,0,0
2024-08-07 16:00:00,99.0325,94.342,99.4615,31.682249999999996,Amber,-1.7110528434752807,0,0.0,0.3654,0,0
2024-08-07 17:00:00,99.642,93.92775,99.34625,29.085250000000002,Green,0.2481679839712172,0,0.0,0.1214,0,0
2024-08-07 18:00:00,99.4225,80.774,99.44925,30.62675,Green,-0.21703983662387336,0,0.0,0.0968,0,0
2024-08-07 19:00:00,99.11375,63.5835,99.63575,31.55875,Amber,-1.0004128483426258,0,0.0,0.381,0,0
2024-08-07 20:00:00,99.67699999999999,65.2125,99.55625,34.51675,Amber,1.1120331828053056,0,0.0,0.1019,0,0
2024-08-07 21:00:00,99.48675,44.6785,99.4865,34.02975,Green,0.3390372686889508,0,0.0,0.0131,0,0
2024-08-07 22:00:00,99.35300000000001,45.60925,99.4635,40.475,Amber,-0.46596322825175385,0,0.0,0.058,0,0
2024-08-07 23:00:00,99.71125,40.14575,99.55575,42.922,Amber,1.1349108554872824,0,0.0,0.0,0,0
2024-08-08 00:00:00,99.478,36.48025,99.31875,49.35975,Amber,0.03655316631363962,0,0.0,0.0,0,0
2024-08-08 01:00:00,99.82650000000001,47.508,99.50725,50.4595,Amber,1.3392845848478048,0,0.0164,0.0,0,0
2024-08-08 02:00:00,99.60525,44.13175,99.40475,48.44425,Amber,0.16474792668072594,0,0.0,0.0,0,0
2024-08-08 03:00:00,99.978,57.1325,99.55025,58.2445,Amber,1.395459666894837,0,0.1679,0.0,0,0
2024-08-08 04:00:00,99.73275,62.879999999999995,99.55875,57.215,Amber,0.06233607238263919,0,0.0905,0.0,0,0
2024-08-08 05:00:00,99.752,78.891,99.1885,65.20224999999999,Amber,0.13407090934812338,0,0.0324,0.0,0,0
2024-08-08 06:00:00,99.65325,75.781,99.155,59.61025,Amber,-0.7889508207727474,0,0.0,0.0,0,0
2024-08-08 07:00:00,99.75625,90.2355,99.57050000000001,55.89525,Amber,0.077824717309041,0,0.0,0.0,0,0
2024-08-08 08:00:00,99.7985,104.44775,99.28975,61.12825,Amber,0.18422052063562505,0,0.0,0.0,0,0
2024-08-08 09:00:00,99.66475,106.48025,99.52199999999999,54.691500000000005,Amber,-1.0893360198612119,0,0.0,0.0,0,0
2024-08-08 10:00:00,99.4985,108.84825000000001,99.36775,52.74625,Amber,-1.7428383527837954,0,0.0,0.0,0,0
2024-08-08 11:00:00,99.66325,118.294,99.12925,46.10225,Amber,-0.08846698219209766,0,0.0,0.0,0,0
2024-08-08 12:00:00,99.74175,121.32175,99.38425000000001,43.79875,Amber,0.5120442085314216,0,0.0,0.0,0,0
2024-08-08 13:00:00,99.6865,114.2715,99.55250000000001,39.434,Amber,0.10825593184502257,0,0.0,0.0,0,0
2024-08-08 14:00:00,99.46600000000001,117.54599999999999,99.58025,34.631,Green,-1.3886081321745802,0,0.0,0.0,0,0
2024-08-08 15:00:00,99.58325,108.82675,99.59775,29.61775,Amber,-0.21287501530389083,0,0.0,0.0,0,0
2024-08-08 16:00:00,100.0,93.836,99.5155,31.466,Green,1.7264511246982581,0,0.1899,0.0,0,0
2024-08-08 17:00:00,99.28275,94.9025,99.51175,35.5215,Amber,-1.399130982163965,0,0.0,0.1152,0,0
2024-08-08 18:00:00,99.5865,74.648,99.40275,32.33375,Amber,-0.05987371117156095,0,0.0,0.0,0,0
2024-08-08 19:00:00,99.339,65.15825,99.297,30.764499999999998,Amber,-0.7966025274746036,0,0.0,0.0589,0,0
2024-08-08 20:00:00,99.22725,64.206,99.549,30.084,Red,-0.9612131602541827,0,0.0,0.2296,0,1
2024-08-08 21:00:00,99.242,53.60075,99.6765,36.48725,Amber,-0.6776609999517568,0,0.0,0.3855,0,0
2024-08-08 22:00:00,99.13125,45.27425,99.5005,40.09175,Red,-1.0940448019945657,0,0.0,0.6522,0,1
2024-08-08 23:00:00,99.865,34.097500000000004,99.3285,42.842749999999995,Green,1.6882949460962082,0,0.0549,0.1851,0,0
2024-08-09 00:00:00,99.7345,39.8395,99.5325,44.0735,Amber,1.031324415354743,0,0.0,0.0,0,0
2024-08-09 01:00:00,99.89475,42.72475,99.67099999999999,52.078,Amber,1.076621181433787,0,0.0846,0.0,0,0
2024-08-09 02:00:00,99.49074999999999,43.869749999999996,99.5055,54.68725,Amber,-0.21275362214296162,0,0.0,0.0,0,0
2024-08-09 03:00:00,99.61775,52.6375,99.53875,56.1715,Amber,-0.016120572207580473,0,0.0,0.0,0,0
2024-08-09 04:00:00,99.8605,60.358,99.37825,61.8,Amber,0.7202268931663646,0,0.0504,0.0,0,0
2024-08-09 05:00:00,99.98975,76.94825,99.64574999999999,62.385000000000005,Amber,1.2055583643914989,0,0.23,0.0,0,0
2024-08-09 06:00:00,99.80199999999999,80.39325,99.3545,60.7745,Amber,0.1398143216119676,0,0.2219,0.0,0,0
2024-08-09 07:00:00,99.775,100.565,99.5065,58.895250000000004,Amber,0.10728527203330662,0,0.1868,0.0,0,0
2024-08-09 08:00:00,99.72225,107.54025,99.51125,55.645250000000004,Amber,-0.5737589639328516,0,0.099,0.0,0,0
2024-08-09 09:00:00,99.68375,107.9325,99.63825,55.50025,Amber,-1.1148784268549399,0,0.0,0.0,0,0
2024-08-09 10:00:00,99.7145,119.629,99.60525,53.39575,Amber,-0.6020534721392247,0,0.0,0.0,0,0
2024-08-09 11:00:00,99.3185,115.9315,99.35499999999999,46.55525,Amber,-1.9805106462226514,0,0.0,0.0794,0,0
2024-08-09 12:00:00,99.8335,113.5295,99.40625,43.414249999999996,Amber,0.8719509450905194,0,0.0234,0.0,0,0
2024-08-09 13:00:00,99.8495,125.618,99.31925000000001,42.64425,Amber,0.8432713199921221,0,0.0628,0.0,0,0
2024-08-09 14:00:00,99.47175,116.202,99.55025,35.755,Amber,-0.8265620984661474,0,0.0,0.0,0,0
2024-08-09 15:00:00,99.5975,108.315,99.718,34.242999999999995,Amber,-0.15915981357721257,0,0.0,0.0,0,0
2024-08-09 16:00:00,99.2405,97.61,99.39925,31.907,Amber,-1.2160613756543348,0,0.0,0.1574,0,0
2024-08-09 17:00:00,99.44975,87.66825,99.17224999999999,31.8905,Amber,-0.5231482879832825,0,0.0,0.1056,0,0
2024-08-09 18:00:00,99.30375000000001,77.8235,99.52825,33.653,Amber,-0.8301335807686425,0,0.0,0.1998,0,0
2024-08-09 19:00:00,99.5925,69.231,99.73825,25.2055,Green,1.022193177708799,0,0.0,0.0052,0,0
2024-08-09 20:00:00,99.36449999999999,57.677,99.726,33.41675,Amber,-0.40468743969228155,0,0.0,0.0386,0,0
2024-08-09 21:00:00,99.6245,52.44025,99.62625,35.1285,Amber,1.2563467472163226,0,0.0,0.0,0,0
2024-08-09 22:00:00,99.2705,52.195750000000004,99.6805,39.4225,Amber,-1.1030612392423402,0,0.0,0.1274,0,0
2024-08-09 23:00:00,99.30825,38.3605,99.422,43.19075,Amber,-0.6543522085952556,0,0.0,0.2171,0,0
2024-08-10 00:00:00,99.644,33.9615,99.3505,48.087,Amber,1.0328956698966363,0,0.0,0.0,0,0
2024-08-10 01:00:00,99.84425,40.9965,99.654,52.1995,Amber,1.4630337660513841,0,0.0341,0.0,0,0
2024-08-10 02:00:00,99.8715,48.41375,99.57050000000001,54.9075,Green,1.0818545655083038,0,0.0955,0.0,0,0
2024-08-10 03:00:00,99.621,52.329499999999996,99.48075,53.34225,Amber,0.10815409348704196,0,0.0,0.0,0,0
2024-08-10 04:00:00,99.52825,55.41825,99.45375,60.67125,Amber,-0.5168521818386124,0,0.0,0.0,0,0
2024-08-10 05:00:00,99.43675,70.84625,99.47200000000001,60.47875,Amber,-1.2854519844112962,0,0.0,0.0,0,0
2024-08-10 06:00:00,99.97475,74.527,99.5185,57.50125,Amber,1.222186839283447,0,0.1646,0.0,0,0
2024-08-10 07:00:00,99.94425,93.56075,99.3215,59.78375,Amber,0.9342249078429079,0,0.2988,0.0,0,0
2024-08-10 08:00:00,99.68275,106.056,99.33625,59.823750000000004,Amber,-0.06935011228148874,0,0.1714,0.0,0,0
2024-08-10 09:00:00,99.5305,105.1845,99.45824999999999,52.93475,Amber,-0.666655935112934,0,0.0,0.0,0,0
2024-08-10 10:00:00,99.90625,115.90725,99.555,51.879000000000005,Amber,0.6987556539735843,0,0.0961,0.0,0,0
2024-08-10 11:00:00,99.73349999999999,118.98949999999999,99.35475,49.27875,Amber,-0.35312687834334106,0,0.0195,0.0,0,0
2024-08-10 12:00:00,99.44375,111.821,99.59275,40.91775,Amber,-1.3229421184031616,0,0.0,0.0,0,0
2024-08-10 13:00:00,99.57175000000001,115.41925,99.67225,38.76325,Green,-0.4418389334047893,0,0.0,0.0,0,0
2024-08-10 14:00:00,99.8765,116.68925,99.63775,36.7805,Green,1.0440313786828628,0,0.0664,0.0,0,0
2024-08-10 15:00:00,99.70825,99.61775,99.419,32.86025,Amber,0.008943042749738447,0,0.0,0.0,0,0
2024-08-10 16:00:00,99.3015,103.83475,99.539,33.96225,Amber,-1.4507216518784665,0,0.0,0.0964,0,0
2024-08-10 17:00:00,99.49125000000001,92.557,99.46275,31.19425,Amber,-0.3647692899818918,0,0.0,0.0031,0,0
2024-08-10 18:00:00,99.68725,76.3485,99.553,28.97575,Amber,0.4086134680736124,0,0.0,0.0,0,0
2024-08-10 19:00:00,99.72375,71.869,99.68025,28.82925,Amber,0.4547791987316076,0,0.0,0.0,0,0
2024-08-10 20:00:00,98.99075,63.95025,99.58675,32.68175,Red,-1.6896628421142017,0,0.0,0.4072,0,1
2024-08-10 21:00:00,99.20025,52.316500000000005,99.57275,34.8685,Green,-0.6921954777357128,0,0.0,0.6049,0,0
2024-08-10 22:00:00,99.75450000000001,46.62825,99.579,35.98525,Green,0.8892355321253355,0,0.0,0.2483,0,0
2024-08-10 23:00:00,99.49325,44.17675,99.5905,38.082499999999996,Green,0.05811327697542459,0,0.0,0.153,0,0
2024-08-11 00:00:00,99.82825,34.24625,99.614,46.162,Green,0.9752205772003232,0,0.0181,0.0,0,0
2024-08-11 01:00:00,99.482,44.1965,99.27475,55.33225,Amber,0.07451021673209142,0,0.0,0.0,0,0
2024-08-11 02:00:00,99.66499999999999,43.11,99.58225,57.07575,Green,0.4141426217534666,0,0.0,0.0,0,0
2024-08-11 03:00:00,99.57975,46.553,99.55225,55.4715,Green,-0.3839184188318477,0,0.0,0.0,0,0
2024-08-11 04:00:00,99.883,57.72225,99.34675,61.126,Amber,1.3429565063373585,0,0.0729,0.0,0,0
2024-08-11 05:00:00,99.9555,73.65424999999999,99.3495,57.6065,Amber,1.2030329646386553,0,0.2183,0.0,0,0
2024-08-11 06:00:00,99.46625,76.30924999999999,99.39500000000001,61.593,Amber,-0.9990758067846732,0,0.0,0.0,0,0
2024-08-11 07:00:00,99.86225,86.80725,99.226,61.713,Amber,0.654832627957413,0,0.0521,0.0,0,0
2024-08-11 08:00:00,99.87049999999999,98.71975,99.56675,55.896,Green,0.5122117242788014,0,0.1125,0.0,0,0
2024-08-11 09:00:00,99.9445,114.5455,99.55275,50.41825,Green,0.625323039986543,0,0.2469,0.0,0,0
2024-08-11 10:00:00,99.713,110.4125,99.38225,50.90825,Amber,-0.4786885215425561,0,0.1498,0.0,0,0
2024-08-11 11:00:00,99.61825,119.854,99.457,43.813,Green,-0.7040476612904771,0,0.0,0.0,0,0
2024-08-11 12:00:00,99.497,122.60075,99.711,41.636250000000004,Amber,-1.4774507577924842,0,0.0,0.0,0,0
2024-08-11 13:00:00,99.17349999999999,122.25975,99.4915,33.3165,Amber,-1.657241567772504,0,0.0,0.2244,0,0
2024-08-11 14:00:00,99.3765,112.16275,99.40474999999999,38.063,Amber,-0.659414473086705,0,0.0,0.2459,0,0
2024-08-11 15:00:00,99.4665,112.47025,99.30275,37.685,Amber,-0.0403760588006671,0,0.0,0.1773,0,0
2024-08-11 16:00:00,99.29925,99.03175,99.1945,31.22175,Amber,-0.6744527413968343,0,0.0,0.276,0,0
2024-08-11 17:00:00,99.48025,87.36525,99.34325,32.054249999999996,Red,0.7736384415350683,0,0.0,0.1936,0,1
2024-08-11 18:00:00,99.41875,74.9915,99.4055,25.285249999999998,Amber,0.4271060362301299,0,0.0,0.1728,0,0
2024-08-11 19:00:00,99.304,65.27475,99.4955,30.735,Amber,-1.1099012339496597,0,0.0,0.2668,0,0
2024-08-11 20:00:00,99.20775,53.404250000000005,99.43925,31.6475,Amber,-1.4242962643421508,0,0.0,0.4569,0,0
2024-08-11 21:00:00,99.56875,46.34875,99.69275,36.963499999999996,Amber,1.415153714800655,0,0.0,0.2861,0,0
2024-08-11 22:00:00,99.6855,49.2455,99.1935,36.51875,Amber,1.3875674978426877,0,0.0,0.0,0,0
2024-08-11 23:00:00,99.77074999999999,36.3985,99.1905,45.54925,Amber,1.2629856595495617,0,0.0,0.0,0,0
2024-08-12 00:00:00,99.88325,43.717999999999996,99.598,47.27025,Amber,1.177683133083995,0,0.0731,0.0,0,0
2024-08-12 01:00:00,99.63074999999999,41.781,99.10825,47.99475,Amber,0.02713088290943537,0,0.0,0.0,0,0
2024-08-12 02:00:00,99.7575,50.55375,99.5845,52.02975,Amber,0.3702266092607005,0,0.0,0.0,0,0
2024-08-12 03:00:00,99.86500000000001,54.2475,99.56875,52.45175,Green,1.011585201864763,0,0.0549,0.0,0,0
2024-08-12 04:00:00,99.85025,68.437,99.70575,59.051,Amber,0.6064594265407279,0,0.095,0.0,0,0
2024-08-12 05:00:00,99.829,69.5005,99.93225,54.7185,Green,0.2782268869207062,0,0.1139,0.0,0,0
2024-08-12 06:00:00,99.798,78.55199999999999,99.30175,62.1985,Amber,0.11104167903582195,0,0.1018,0.0,0,0
2024-08-12 07:00:00,99.55975,86.522,99.58324999999999,57.65075,Amber,-1.919084296821719,0,0.0,0.0,0,0
2024-08-12 08:00:00,99.89699999999999,102.70775,99.50325000000001,59.464,Amber,0.7948264961218451,0,0.0869,0.0,0,0
2024-08-12 09:00:00,99.6755,105.59,99.3495,56.1175,Amber,-0.7334777364070979,0,0.0,0.0,0,0
2024-08-12 10:00:00,99.96375,116.32875,99.48325,51.914249999999996,Green,1.1943295798720683,0,0.1536,0.0,0,0
2024-08-12 11:00:00,99.4345,114.383,99.294,50.89625,Red,-1.4135863555923946,0,0.0,0.0,0,1
2024-08-12 12:00:00,99.6035,118.259,99.80275,44.5935,Amber,-0.41948078233477093,0,0.0,0.0,0,0
2024-08-12 13:00:00,99.56025,121.80574999999999,99.61825,40.339,Green,-0.6322795539422511,0,0.0,0.0,0,0
2024-08-12 14:00:00,99.51724999999999,118.69275,99.82575,36.4655,Green,-0.5889041667745323,0,0.0,0.0,0,0
2024-08-12 15:00:00,99.26525000000001,101.652,99.28,29.4395,Amber,-1.258867347247046,0,0.0,0.1327,0,0
2024-08-12 16:00:00,99.217,93.515,99.349,32.117000000000004,Red,-1.354194631305004,0,0.0,0.3136,0,1
2024-08-12 17:00:00,99.38475,93.82675,99.5215,32.198750000000004,Amber,-0.24844450262908224,0,0.0,0.3268,0,0
2024-08-12 18:00:00,99.223,82.60125,99.4295,31.09275,Amber,-0.9170870005403401,0,0.0,0.5017,0,0
2024-08-12 19:00:00,99.5685,74.28675000000001,99.491,30.7875,Amber,1.3460390659786559,0,0.0,0.3311,0,0
2024-08-12 20:00:00,99.6405,57.05325,99.544,31.01025,Amber,1.4049540203119049,0,0.0,0.0886,0,0
2024-08-12 21:00:00,99.165,45.881750000000004,99.60175,37.1595,Amber,-1.007902080592047,0,0.0,0.3215,0,0
2024-08-12 22:00:00,99.68525,45.354749999999996,99.77975,37.12525,Green,1.093177835406531,0,0.0,0.0342,0,0
2024-08-12 23:00:00,99.55975000000001,45.09875,99.37125,40.01775,Amber,0.3872182864651885,0,0.0,0.0,0,0
2024-08-13 00:00:00,99.5975,38.778999999999996,99.63675,45.844750000000005,Green,0.32712956803757776,0,0.0,0.0,0,0
2024-08-13 01:00:00,99.99875,44.0295,99.403,50.266,Amber,1.4602715525501,0,0.1886,0.0,0,0
2024-08-13 02:00:00,99.76400000000001,45.0745,99.699,53.75,Amber,0.49249159498054756,0,0.1425,0.0,0,0
2024-08-13 03:00:00,99.785,56.326499999999996,99.633,55.238,Green,0.337135186415554,0,0.1174,0.0,0,0
2024-08-13 04:00:00,99.92824999999999,62.128249999999994,99.45275,60.9985,Amber,0.8962505262672011,0,0.2356,0.0,0,0
2024-08-13 05:00:00,99.95575,67.299,99.48675,58.122,Amber,0.778521709147625,0,0.3812,0.0,0,0
2024-08-13 06:00:00,99.76124999999999,75.77825,99.67925,57.94075,Amber,-0.9722312861263561,0,0.3323,0.0,0,0
2024-08-13 07:00:00,99.76,89.77575,99.6215,57.182,Amber,-0.72243447296627,0,0.2822,0.0,0,0
2024-08-13 08:00:00,99.6645,105.02175,99.644,55.9945,Amber,-1.2998892798885269,0,0.1366,0.0,0,0
2024-08-13 09:00:00,99.74549999999999,100.20775,99.65475,53.37675,Green,-0.4999062739089714,0,0.072,0.0,0,0
2024-08-13 10:00:00,99.75375,114.428,99.2855,50.0925,Amber,-0.2041411647634194,0,0.0157,0.0,0,0
2024-08-13 11:00:00,99.9845,125.44375,99.469,46.5055,Amber,1.9187414563275427,0,0.1901,0.0,0,0
2024-08-13 12:00:00,99.54425,123.481,99.45925,43.09625,Amber,-1.3691504651545212,0,0.0,0.0,0,0
2024-08-13 13:00:00,99.2415,115.25225,99.53125,44.16225,Amber,-1.6637426826486341,0,0.0,0.1564,0,0
2024-08-13 14:00:00,99.56575000000001,108.26325,99.36325,35.941,Amber,-0.292095648111567,0,0.0,0.0,0,0
2024-08-13 15:00:00,99.50200000000001,102.568,99.60125,34.776250000000005,Amber,-0.38565226916620166,0,0.0,0.0,0,0
2024-08-13 16:00:00,99.12825000000001,94.70775,99.364,37.6165,Amber,-1.2260752923521283,0,0.0,0.2697,0,0
2024-08-13 17:00:00,99.344,91.6695,99.604,30.121750000000002,Amber,-0.24396830414479387,0,0.0,0.3236,0,0
2024-08-13 18:00:00,99.36,79.5185,99.50999999999999,27.31025,Amber,0.01908927854937428,0,0.0,0.3615,0,0
2024-08-13 19:00:00,99.63325,72.0815,99.42675,30.083750000000002,Red,1.1516439569372379,0,0.0,0.1262,0,1
2024-08-13 20:00:00,99.01275,61.6365,99.59049999999999,35.51525,Red,-1.3808577540052294,0,0.0,0.5114,0,1
2024-08-13 21:00:00,99.5915,56.09725,99.58449999999999,34.2655,Amber,1.004083618109344,0,0.0,0.3178,0,0
2024-08-13 22:00:00,99.412,41.96775,99.74375,40.53625,Green,0.08911960853803202,0,0.0,0.3038,0,0
2024-08-13 23:00:00,99.3085,38.46525,99.477,43.655249999999995,Green,-0.34805620278664584,0,0.0,0.3932,0,0
2024-08-14 00:00:00,99.80675,37.903000000000006,99.57225,45.29625,Amber,1.2342619163490012,0,0.0,0.0,0,0
2024-08-14 01:00:00,99.8415,44.00875,99.63025,47.8655,Amber,1.093276631666013,0,0.0314,0.0,0,0
2024-08-14 02:00:00,99.892,45.07975,99.57175000000001,55.07275,Amber,1.027122349396352,0,0.1133,0.0,0,0
2024-08-14 03:00:00,99.69575,48.0755,99.4025,56.60825,Amber,0.1496748167662859,0,0.0,0.0,0,0
2024-08-14 04:00:00,99.892,66.55600000000001,99.32175000000001,58.999,Amber,0.6835856553343406,0,0.0819,0.0,0,0
2024-08-14 05:00:00,99.65025,80.10300000000001,99.47325000000001,61.052749999999996,Amber,-1.4341136751469423,0,0.0,0.0,0,0
2024-08-14 06:00:00,99.9525,87.18675,99.6075,57.39125,Amber,1.0937835167885244,0,0.1424,0.0,0,0
2024-08-14 07:00:00,99.85875,92.48075,99.46475000000001,60.6375,Amber,0.2901888209527918,0,0.191,0.0,0,0
2024-08-14 08:00:00,99.81075,99.42275,99.56524999999999,57.69325,Amber,0.006432118709490105,0,0.1917,0.0,0,0
2024-08-14 09:00:00,99.80425,100.7655,99.506,60.457249999999995,Amber,-0.23149314156710257,0,0.1858,0.0,0,0
2024-08-14 10:00:00,99.74125000000001,113.7445,99.645,54.8885,Amber,-0.6012643520977379,0,0.117,0.0,0,0
2024-08-14 11:00:00,99.89099999999999,117.02275,99.63275,44.249,Green,0.6468499669293505,0,0.1978,0.0,0,0
2024-08-14 12:00:00,99.25874999999999,124.24225,99.59825000000001,47.47975,Amber,-1.992446045971291,0,0.0,0.1392,0,0
2024-08-14 13:00:00,99.7145,115.17675,99.64225,38.994,Amber,0.04896676929951758,0,0.0,0.0,0,0
2024-08-14 14:00:00,99.42675,111.67275000000001,99.57175000000001,38.563500000000005,Amber,-0.8731612879730816,0,0.0,0.0,0,0
2024-08-14 15:00:00,99.66775,111.65375,99.53450000000001,33.42075,Amber,0.22100401832472916,0,0.0,0.0,0,0
2024-08-14 16:00:00,99.1155,99.9015,99.41225,30.69025,Amber,-1.3416519076146018,0,0.0,0.2824,0,0
2024-08-14 17:00:00,99.32225,84.76425,99.372,28.08925,Amber,-0.405473562827905,0,0.0,0.3581,0,0
2024-08-14 18:00:00,99.447,70.95175,99.44274999999999,28.9695,Amber,-0.00882653992735875,0,0.0,0.309,0,0
2024-08-14 19:00:00,99.4065,68.023,99.65475,32.605500000000006,Amber,0.04936526242176786,0,0.0,0.3005,0,0
2024-08-14 20:00:00,99.34875,64.9695,99.52850000000001,25.9465,Green,-0.19922264837000736,0,0.0,0.3496,0,0
2024-08-14 21:00:00,99.346,48.419,99.39,34.18925,Amber,0.1303479426279281,0,0.0,0.4016,0,0
2024-08-14 22:00:00,99.3545,39.944,99.52025,36.73975,Amber,-0.35135665650098785,0,0.0,0.445,0,0
2024-08-14 23:00:00,99.9765,41.8795,99.4385,43.06125,Amber,2.014291567082248,0,0.1664,0.0,0,0
2024-08-15 00:00:00,99.16525,39.306,99.306,50.849000000000004,Amber,-0.9601081343053208,0,0.0,0.2327,0,0
2024-08-15 01:00:00,99.74825,37.66375,99.79625,51.02925,Green,0.8446283236276658,0,0.0,0.0,0,0
2024-08-15 02:00:00,99.69425,56.32325,99.3325,50.84075,Amber,0.47886137877871754,0,0.0,0.0,0,0
2024-08-15 03:00:00,99.71875,48.87025,99.397,55.651,Amber,0.36992188419363026,0,0.0,0.0,0,0
2024-08-15 04:00:00,99.62525,63.413,99.42675,56.46025,Amber,-0.11002918959205413,0,0.0,0.0,0,0
2024-08-15 05:00:00,99.9935,64.25525,99.27000000000001,54.65925,Amber,1.235702541231826,0,0.1834,0.0,0,0
2024-08-15 06:00:00,99.9315,78.0915,99.407,62.329,Amber,1.0119743561985908,0,0.3048,0.0,0,0
2024-08-15 07:00:00,99.81325,91.91925,99.41525,60.045500000000004,Amber,0.11952450233290371,0,0.3079,0.0,0,0
2024-08-15 08:00:00,99.79975,102.32625,99.5425,57.8505,Amber,-0.1031976915633424,0,0.2976,0.0,0,0
2024-08-15 09:00:00,99.84525,109.12975,99.32825,54.716750000000005,Green,0.08288044699039837,0,0.3327,0.0,0,0
2024-08-15 10:00:00,99.35275,111.62375,99.55075,49.18075,Amber,-1.9282858195242243,0,0.0,0.0452,0,0
2024-08-15 11:00:00,99.88175,113.056,99.71625,43.80725,Green,0.5280721057440387,0,0.0716,0.0,0,0
2024-08-15 12:00:00,99.33975000000001,121.4665,99.233,41.24225,Amber,-1.3083728731007935,0,0.0,0.0582,0,0
2024-08-15 13:00:00,99.724,110.899,99.51525000000001,41.29375,Amber,0.2708614647427973,0,0.0,0.0,0,0
2024-08-15 14:00:00,99.659,115.726,99.57675,35.04375,Amber,0.10662156873790167,0,0.0,0.0,0,0
2024-08-15 15:00:00,99.5875,102.57025,99.601,33.409,Amber,-0.015457064312234856,0,0.0,0.0,0,0
2024-08-15 16:00:00,99.2025,90.706,99.53375,31.57175,Amber,-1.4424355734893075,0,0.0,0.1954,0,0
2024-08-15 17:00:00,99.31475,96.04124999999999,99.59,30.030499999999996,Red,-0.73504518496313,0,0.0,0.2786,0,1
2024-08-15 18:00:00,99.70525,81.34675,99.449,29.07,Amber,0.7869758194067963,0,0.0,0.0,0,0
2024-08-15 19:00:00,99.12549999999999,65.21625,99.4125,30.676000000000002,Amber,-1.231150614525252,0,0.0,0.2724,0,0
2024-08-15 20:00:00,99.384,60.812250000000006,99.3115,31.389,Amber,-0.011573083199371384,0,0.0,0.2864,0,0
2024-08-15 21:00:00,99.649,56.94875,99.51525,34.635,Green,1.0713564420820865,0,0.0,0.0353,0,0
2024-08-15 22:00:00,99.81125,47.228750000000005,99.64075,40.073750000000004,Green,1.1842060697326775,0,0.0011,0.0,0,0
2024-08-15 23:00:00,99.94325,45.30675,99.72925000000001,47.55575,Green,1.1369669005325242,0,0.1343,0.0,0,0
2024-08-16 00:00:00,99.85249999999999,36.8685,99.6695,45.22925,Green,0.7142222939964157,0,0.1767,0.0,0,0
2024-08-16 01:00:00,99.339,34.71425,99.73025,47.641999999999996,Amber,-1.2825014661713066,0,0.0,0.0589,0,0
2024-08-16 02:00:00,99.703,48.29,99.2355,53.36025,Amber,-0.06269617788825675,0,0.0,0.0,0,0
2024-08-16 03:00:00,99.91550000000001,54.26575,99.31774999999999,59.63675,Amber,0.6928529643317614,0,0.1054,0.0,0,0
2024-08-16 04:00:00,99.94125,64.4895,99.7185,56.52875,Green,0.675252706060674,0,0.2365,0.0,0,0
2024-08-16 05:00:00,99.97825,69.8435,99.53125,62.9425,Amber,0.7904014260057195,0,0.4047,0.0,0,0
2024-08-16 06:00:00,99.9075,82.9755,99.5865,58.573750000000004,Amber,0.4505327080913288,0,0.5021,0.0,0,0
2024-08-16 07:00:00,99.9075,84.3375,99.483,58.0655,Amber,0.15879753072915542,0,0.5995,0.0,0,0
2024-08-16 08:00:00,99.88675,100.74925,99.45975,56.89375,Amber,-1.1137368023123837,0,0.6761,0.0,0,0
2024-08-16 09:00:00,99.718,112.319,99.56375,51.69125,Amber,-1.90686165605485,0,0.584,0.0,0,0
2024-08-16 10:00:00,99.90950000000001,115.68299999999999,99.515,53.86525,Amber,0.2850670378449066,0,0.6834,0.0,0,0
2024-08-16 11:00:00,100.0,121.32249999999999,99.5885,50.228,Green,1.2101605125196413,0,0.8733,0.0,0,0
2024-08-16 12:00:00,99.56825,115.3045,99.30850000000001,45.41975,Amber,-1.6627542364278278,0,0.6314,0.0,0,0
2024-08-16 13:00:00,99.69225,122.4055,99.68900000000001,38.66675,Green,-0.6385825710579622,0,0.5136,0.0,0,0
2024-08-16 14:00:00,99.294,113.2265,99.41725,35.056,Amber,-1.6019978474558172,0,0.0,0.1039,0,0
2024-08-16 15:00:00,99.46525,109.7215,99.43625,30.51375,Amber,-0.7076403409232267,0,0.0,0.0366,0,0
2024-08-16 16:00:00,99.303,99.19575,99.49000000000001,32.78775,Amber,-0.9389463845777425,0,0.0,0.1315,0,0
2024-08-16 17:00:00,99.0775,89.28475,99.63675,30.605249999999998,Red,-1.464203057102195,0,0.0,0.452,0,1
2024-08-16 18:00:00,99.22275,83.17475,99.36425,31.34975,Amber,-0.5632224012566867,0,0.0,0.6271,0,0
2024-08-16 19:00:00,99.5685,71.274,99.541,28.155,Amber,1.414458307567834,0,0.0,0.4566,0,0
2024-08-16 20:00:00,99.05075,64.30175,99.409,34.4445,Amber,-1.1120080713897122,0,0.0,0.8038,0,0
2024-08-16 21:00:00,99.73875000000001,55.71925,99.64925,37.617000000000004,Amber,1.4982352804327204,0,0.0,0.4629,0,0
2024-08-16 22:00:00,99.358,53.473,99.58725,37.48325,Amber,0.07988671237108541,0,0.0,0.5029,0,0
2024-08-16 23:00:00,99.705,38.47325,99.31875,42.2175,Amber,0.9571975851615531,0,0.0,0.1958,0,0
2024-08-17 00:00:00,100.0,42.59075,99.72,43.605000000000004,Green,1.3005344846795062,0,0.1899,0.0,0,0
2024-08-17 01:00:00,99.8805,46.585499999999996,99.5555,49.76025,Amber,0.7299484479544919,0,0.2603,0.0,0,0
2024-08-17 02:00:00,99.77725,51.03625,99.35300000000001,51.4475,Amber,0.15655905305341947,0,0.2274,0.0,0,0
2024-08-17 03:00:00,99.5375,53.81125,99.475,57.14425,Amber,-0.7391833684832783,0,0.0,0.0,0,0
2024-08-17 04:00:00,99.79675,59.34675,99.60425000000001,58.13475,Amber,0.08866764174359826,0,0.0,0.0,0,0
2024-08-17 05:00:00,99.82249999999999,61.010000000000005,99.58449999999999,60.669000000000004,Amber,0.13163479758537508,0,0.0124,0.0,0,0
2024-08-17 06:00:00,99.751,79.628,99.533,62.171,Amber,-0.08401731863096674,0,0.0,0.0,0,0
2024-08-17 07:00:00,99.80825,86.0515,99.3685,58.56525,Amber,0.5574338234067384,0,0.0,0.0,0,0
2024-08-17 08:00:00,99.51875,98.231,99.46525,58.12474999999999,Amber,-1.3377709943028573,0,0.0,0.0,0,0
2024-08-17 09:00:00,99.6575,101.67824999999999,99.29375,50.1475,Amber,-0.5798582558968883,0,0.0,0.0,0,0
2024-08-17 10:00:00,99.5255,119.26325,99.23949999999999,47.5255,Amber,-1.1422263173813292,0,0.0,0.0,0,0
2024-08-17 11:00:00,99.42025000000001,117.416,99.79575,46.609,Amber,-1.2866857134728373,0,0.0,0.0,0,0
2024-08-17 12:00:00,99.84125,123.4695,99.56625,46.20525,Green,1.2512587076602724,0,0.0311,0.0,0,0
2024-08-17 13:00:00,99.64725,120.36625,99.4125,38.79175,Amber,0.30932505774911345,0,0.0,0.0,0,0
2024-08-17 14:00:00,99.62049999999999,119.21925,99.6505,37.311749999999996,Amber,0.012674007444261115,0,0.0,0.0,0,0
2024-08-17 15:00:00,99.46575,110.34325,99.63374999999999,35.00975,Amber,-0.7954868258274463,0,0.0,0.0,0,0
2024-08-17 16:00:00,99.46375,94.16225,99.444,31.980249999999998,Red,-0.7087976761033066,0,0.0,0.0,0,1
2024-08-17 17:00:00,99.39725,92.75,99.6105,30.03875,Amber,-1.071062579875085,0,0.0,0.0007,0,0
2024-08-17 18:00:00,99.19275,80.1185,99.1965,31.923000000000002,Amber,-1.6473352639356567,0,0.0,0.2059,0,0
2024-08-17 19:00:00,99.45625,73.56725,99.561,27.0935,Amber,0.16927029659040754,0,0.0,0.1475,0,0
2024-08-17 20:00:00,99.41475,57.81975,99.56625,31.845,Amber,0.15613893556670697,0,0.0,0.1307,0,0
2024-08-17 21:00:00,99.3755,50.718,99.47875,37.21025,Amber,-0.07926874464482053,0,0.0,0.1531,0,0
2024-08-17 22:00:00,99.63275,43.25475,99.57625,37.25175,Amber,1.561718886672978,0,0.0,0.0,0,0
2024-08-17 23:00:00,99.735,45.82275,99.82975,41.835499999999996,Green,1.3862240591546162,0,0.0,0.0,0,0
2024-08-18 00:00:00,99.81825,35.403999999999996,99.26125,49.86725,Amber,1.34440458498476,0,0.0081,0.0,0,0
2024-08-18 01:00:00,99.2505,37.958,99.4305,50.27825,Amber,-1.2833210134804656,0,0.0,0.1474,0,0
2024-08-18 02:00:00,99.84475,49.06775,99.414,50.810500000000005,Amber,0.9624255261586369,0,0.0346,0.0,0,0
2024-08-18 03:00:00,99.86925,42.0305,99.27074999999999,53.5675,Amber,0.7624690759846687,0,0.0938,0.0,0,0
2024-08-18 04:00:00,99.8995,61.91075,99.23725,56.762249999999995,Amber,0.6679833948431786,0,0.1832,0.0,0,0
2024-08-18 05:00:00,99.71625,61.58275,99.33425,61.543,Amber,-0.06882180519631348,0,0.0893,0.0,0,0
2024-08-18 06:00:00,99.589,86.3845,99.64824999999999,61.68875,Amber,-0.4294673380671362,0,0.0,0.0,0,0
2024-08-18 07:00:00,99.881,95.86274999999999,99.71600000000001,56.6605,Amber,0.6626111057774893,0,0.0709,0.0,0,0
2024-08-18 08:00:00,99.745,100.45625,99.54675,58.1825,Amber,-0.3147787194874482,0,0.0058,0.0,0,0
2024-08-18 09:00:00,99.6155,109.18575,99.54225,55.92075,Amber,-0.9673948793684658,0,0.0,0.0,0,0
2024-08-18 10:00:00,99.88825,115.98075,99.48425,55.32025,Amber,1.1731557749433226,0,0.0781,0.0,0,0
2024-08-18 11:00:00,99.89825,118.38974999999999,99.315,47.520250000000004,Amber,0.9103686229995778,0,0.1663,0.0,0,0
2024-08-18 12:00:00,99.50325,122.308,99.44175,38.493,Amber,-1.5216351574971616,0,0.0,0.0,0,0
2024-08-18 13:00:00,99.525,110.92125,99.4515,37.258,Amber,-0.976381192168373,0,0.0,0.0,0,0
2024-08-18 14:00:00,99.56774999999999,107.0835,99.542,37.51625,Green,-0.5478435562825057,0,0.0,0.0,0,0
2024-08-18 15:00:00,99.16575,112.606,99.47725,30.223499999999998,Red,-1.551695461682465,0,0.0,0.2322,0,1
2024-08-18 16:00:00,99.35575,101.58125,99.15975,28.94425,Red,-0.6033280312540643,0,0.0,0.2744,0,1
2024-08-18 17:00:00,98.91,95.284,99.63974999999999,30.881999999999998,Red,-1.6701465551730694,0,0.0,0.7623,0,1
2024-08-18 18:00:00,99.5195,82.8785,99.80875,31.70325,Amber,0.692270448269802,0,0.0,0.6407,0,0
2024-08-18 19:00:00,99.32775,69.4495,99.23675,30.295499999999997,Amber,0.08254726648782412,0,0.0,0.7109,0,0
2024-08-18 20:00:00,99.83775,59.792,99.3695,32.265,Amber,1.5419590367613358,0,0.0276,0.2711,0,0
2024-08-18 21:00:00,99.4545,51.70925,99.699,33.5085,Red,0.17754109119556583,0,0.0,0.2145,0,1
2024-08-18 22:00:00,99.13374999999999,53.375249999999994,99.55799999999999,35.7565,Red,-0.7154785398476587,0,0.0,0.4787,0,1
2024-08-18 23:00:00,99.469,43.16675,99.6305,44.2415,Amber,0.05143921598253238,0,0.0,0.4076,0,0
2024-08-19 00:00:00,99.57425,45.22275,99.4335,42.88725,Amber,0.4570944403816019,0,0.0,0.2313,0,0
2024-08-19 01:00:00,99.59475,47.81125,99.54025,49.48425,Amber,0.36519789729842844,0,0.0,0.0345,0,0
2024-08-19 02:00:00,99.63550000000001,44.811,99.50675,50.95025,Green,0.8679284684782904,0,0.0,0.0,0,0
2024-08-19 03:00:00,99.69275,50.38175,99.554,58.264250000000004,Amber,0.8729481282435708,0,0.0,0.0,0,0
2024-08-19 04:00:00,99.80025,58.96725,99.66125,60.920500000000004,Amber,1.534389827079452,0,0.0,0.0,0,0
2024-08-19 05:00:00,99.7565,64.451,99.36375,52.992,Amber,0.8949158005037731,0,0.0,0.0,0,0
2024-08-19 06:00:00,99.96875,78.96875,99.48125,65.732,Amber,1.6900614486774004,0,0.1586,0.0,0,0
2024-08-19 07:00:00,99.68425,87.96325,99.332,59.8275,Amber,-0.6053828963418633,0,0.0328,0.0,0,0
2024-08-19 08:00:00,99.889,97.36925,99.42025,60.2535,Amber,0.80435718135833,0,0.1117,0.0,0,0
2024-08-19 09:00:00,72.23599999999999,98.42525,99.392,54.29825,Amber,-2.0411613936550816,0,0.0,0.0,1,1
2024-08-19 10:00:00,44.9015,111.13725,99.60025,54.3465,Red,-1.7907166952485583,0,0.0,0.0,1,1
2024-08-19 11:00:00,44.852,120.13374999999999,99.42525,46.04875,Red,-1.186552680052053,0,0.0,0.0,1,1
2024-08-19 12:00:00,44.783,120.0525,99.47425000000001,44.48225,Red,-0.8494808734770266,0,0.0,0.0,1,1
2024-08-19 13:00:00,44.76975,115.614,99.3555,40.22425,Red,-0.599575892294133,0,0.0,0.0,1,1
2024-08-19 14:00:00,44.695499999999996,112.06075,99.52425,38.57825,Red,-0.41760106643781536,0,0.0,0.0,1,1
2024-08-19 15:00:00,44.60925,105.07424999999999,99.673,30.54025,Red,-1.5106818952300596,0,0.0,0.0,1,1
2024-08-19 16:00:00,44.57775,100.30225,99.569,31.532500000000002,Red,-1.2835358139751052,0,0.0,0.0,1,1
2024-08-19 17:00:00,44.8195,84.85300000000001,99.47625000000001,29.6485,Red,1.117976163951283,0,0.0,0.0,1,1
2024-08-19 18:00:00,85.453,77.07849999999999,99.40475,33.5295,Red,2.0412103503764727,0,0.0,0.0,1,1
2024-08-19 19:00:00,99.10725,69.04025,99.319,26.0395,Amber,1.5450516871225746,0,0.0,0.2907,0,0
2024-08-19 20:00:00,99.188,59.592749999999995,99.519,37.57525,Amber,1.063668915249719,0,0.0,0.5006,0,0
2024-08-19 21:00:00,99.291,52.1215,99.623,33.1005,Red,0.7640032666451009,0,0.0,0.6075,0,1
2024-08-19 22:00:00,99.233,44.4285,99.3995,36.66225,Amber,0.5225584050376307,0,0.0,0.7725,0,0
2024-08-19 23:00:00,99.22875,44.05475,99.53325,43.8785,Amber,0.4116340037989693,0,0.0,0.9416,0,0
2024-08-20 00:00:00,99.64475,37.686,99.51175,51.325,Amber,1.9312697238462544,0,0.0,0.6948,0,0
2024-08-20 01:00:00,99.506,40.133250000000004,99.38675,46.8305,Amber,0.8554316233557763,0,0.0,0.5868,0,0
2024-08-20 02:00:00,99.72225,44.38675,99.59875,54.96725,Amber,1.3112423568866127,0,0.0,0.2624,0,0
2024-08-20 03:00:00,99.74425,54.04025,99.684,53.669250000000005,Amber,0.9873785512288688,0,0.0,0.0,0,0
2024-08-20 04:00:00,99.89475,56.76125,99.52674999999999,58.028000000000006,Amber,1.1718144776896098,0,0.0846,0.0,0,0
2024-08-20 05:00:00,99.487,67.9315,99.39675,57.699,Amber,-1.1600954808912654,0,0.0,0.0,0,0
2024-08-20 06:00:00,99.8435,87.48125,99.13125,63.79075,Amber,0.8478589555277813,0,0.0334,0.0,0,0
2024-08-20 07:00:00,99.80275,93.3955,99.55025,56.141,Green,0.3749258268118596,0,0.026,0.0,0,0
2024-08-20 08:00:00,99.50075,104.7365,99.4735,58.811,Amber,-1.1999268993494747,0,0.0,0.0,0,0
2024-08-20 09:00:00,99.7875,108.055,99.389,53.068,Amber,0.3813659726350623,0,0.0,0.0,0,0
2024-08-20 10:00:00,99.53225,114.6915,99.39025,48.00175,Amber,-0.7521161495237294,0,0.0,0.0,0,0
2024-08-20 11:00:00,99.8385,123.915,99.38775,43.91725,Green,0.7681397927591679,0,0.0284,0.0,0,0
2024-08-20 12:00:00,99.5625,117.91999999999999,99.18025,43.4085,Amber,-0.7014253512610983,0,0.0,0.0,0,0
2024-08-20 13:00:00,99.61475,121.3065,99.63275,37.548249999999996,Green,-0.17517875407001168,0,0.0,0.0,0,0
2024-08-20 14:00:00,99.2715,112.26825,99.39775,33.4485,Amber,-1.6235345880089773,0,0.0,0.1264,0,0
2024-08-20 15:00:00,99.20275000000001,110.345,99.43625,38.0225,Amber,-1.2875502344148124,0,0.0,0.3216,0,0
2024-08-20 16:00:00,99.2695,96.81075,99.67824999999999,30.6435,Amber,-0.7577772975855149,0,0.0,0.45,0,0
2024-08-20 17:00:00,99.45975,89.51925,99.63900000000001,30.29925,Amber,0.3653432066171056,0,0.0,0.3882,0,0
2024-08-20 18:00:00,99.4255,78.31525,99.5655,30.004250000000003,Amber,0.3344902401888629,0,0.0,0.3606,0,0
2024-08-20 19:00:00,99.34100000000001,75.38025,99.51650000000001,33.673500000000004,Amber,0.12751786059405182,0,0.0,0.4176,0,0
2024-08-20 20:00:00,99.29575,61.8805,99.6215,29.5875,Amber,-0.3774836384910891,0,0.0,0.5198,0,0
2024-08-20 21:00:00,99.4675,50.70275,99.6705,34.505250000000004,Green,1.0601139136282915,0,0.0,0.4502,0,0
2024-08-20 22:00:00,99.23425,35.796,99.40325,38.380250000000004,Amber,-1.4308355799859258,0,0.0,0.6139,0,0
2024-08-20 23:00:00,99.126,42.76525,99.4115,46.7325,Amber,-1.50594370620862,0,0.0,0.8858,0,0
2024-08-21 00:00:00,99.833,39.29775,99.33525,50.2825,Amber,1.8158197252158779,0,0.0229,0.4507,0,0
2024-08-21 01:00:00,99.609,43.37425,99.602,50.17525,Amber,0.6910638663069268,0,0.0,0.2396,0,0
2024-08-21 02:00:00,99.62299999999999,40.9805,99.53625,55.205999999999996,Amber,0.5343406988462575,0,0.0,0.0146,0,0
2024-08-21 03:00:00,99.74175,47.283,99.5805,58.386,Amber,0.7542448928628477,0,0.0,0.0,0,0
2024-08-21 04:00:00,99.39625,57.49275,99.51425,58.085,Amber,-0.6182767148122407,0,0.0,0.0017,0,0
2024-08-21 05:00:00,99.66675000000001,61.21275,99.43950000000001,58.971000000000004,Amber,0.14770417490781199,0,0.0,0.0,0,0
2024-08-21 06:00:00,99.632,81.78925,99.24725,59.236000000000004,Amber,0.177573685827425,0,0.0,0.0,0,0
2024-08-21 07:00:00,99.607,87.07225,99.53399999999999,60.44675,Amber,-0.03565530513836785,0,0.0,0.0,0,0
2024-08-21 08:00:00,99.7635,102.40075,99.38050000000001,59.8495,Amber,0.9792686436446477,0,0.0,0.0,0,0
2024-08-21 09:00:00,99.6635,103.34675,99.358,59.85625,Amber,0.34285168867564453,0,0.0,0.0,0,0
2024-08-21 10:00:00,99.89425,111.35849999999999,99.51475,48.337,Amber,1.7716687461037355,0,0.0841,0.0,0,0
2024-08-21 11:00:00,99.50075,118.55425,99.74275,52.117000000000004,Amber,-1.2921413541547013,0,0.0,0.0,0,0
2024-08-21 12:00:00,99.94375,119.10749999999999,99.56275000000001,40.39575,Green,1.258433672512353,0,0.1336,0.0,0,0
2024-08-21 13:00:00,99.73949999999999,122.31825,99.67475,35.3645,Green,-0.0710264012452439,0,0.063,0.0,0,0
2024-08-21 14:00:00,99.22775,113.37125,99.60075,34.35775,Amber,-1.630663786320682,0,0.0,0.1702,0,0
2024-08-21 15:00:00,99.50675,107.67875,99.50325000000001,34.7755,Green,-0.47074285613533967,0,0.0,0.0614,0,0
2024-08-21 16:00:00,99.0215,92.12625,99.34425,28.30875,Amber,-1.4039249706405763,0,0.0,0.4378,0,0
2024-08-21 17:00:00,99.60675,92.85075,99.2355,29.00075,Amber,0.29386058620928684,0,0.0,0.229,0,0
2024-08-21 18:00:00,99.447,81.0445,99.64500000000001,34.31275,Green,0.08474211479256406,0,0.0,0.1799,0,0
2024-08-21 19:00:00,99.4415,69.127,99.53525,32.83425,Amber,0.31090523266653874,0,0.0,0.1363,0,0
2024-08-21 20:00:00,99.37,62.23675,99.598,31.31675,Amber,-0.14378481180594413,0,0.0,0.1643,0,0
2024-08-21 21:00:00,99.25475,51.36475,99.685,35.722,Red,-0.5098152249812423,0,0.0,0.3074,0,1
2024-08-21 22:00:00,99.54675,39.08625,99.497,32.9255,Amber,0.8171538764547677,0,0.0,0.1586,0,0
2024-08-21 23:00:00,99.54575,44.51575,99.56575000000001,40.93625,Green,1.0037468136472303,0,0.0,0.0108,0,0
2024-08-22 00:00:00,99.74925,40.2325,99.79975,45.93075,Green,1.551210345819514,0,0.0,0.0,0,0
2024-08-22 01:00:00,99.36625,43.98075,99.62225000000001,46.647999999999996,Green,-0.5980994392742494,0,0.0,0.0317,0,0
2024-08-22 02:00:00,99.72825,43.3235,99.4315,55.058499999999995,Amber,1.0063820894607405,0,0.0,0.0,0,0
2024-08-22 03:00:00,99.5115,58.23825,99.50275,58.45825,Amber,-0.4395775548556789,0,0.0,0.0,0,0
2024-08-22 04:00:00,99.8785,62.59125,99.528,52.65825,Amber,1.3237123660521717,0,0.0684,0.0,0,0
2024-08-22 05:00:00,99.619,69.811,99.52325,60.2265,Amber,-0.12598070147163962,0,0.0,0.0,0,0
2024-08-22 06:00:00,99.81175,85.979,99.5305,59.55625,Amber,0.8274232295288051,0,0.0016,0.0,0,0
2024-08-22 07:00:00,99.469,91.19325,99.67875,57.59975,Amber,-1.2208478373284744,0,0.0,0.0,0,0
2024-08-22 08:00:00,99.67099999999999,97.1115,99.4855,57.0025,Amber,0.06715894066529843,0,0.0,0.0,0,0
2024-08-22 09:00:00,100.0,105.785,99.658,52.626999999999995,Green,1.3445366852882217,0,0.1899,0.0,0,0
2024-08-22 10:00:00,99.81475,114.22800000000001,99.43075,52.504000000000005,Amber,0.45373871564297824,0,0.1945,0.0,0,0
2024-08-22 11:00:00,99.6315,123.918,99.79575,42.567750000000004,Green,-0.5537017061181526,0,0.0159,0.0,0,0
2024-08-22 12:00:00,99.56174999999999,116.414,99.41825,43.259,Amber,-0.6815943176732581,0,0.0,0.0,0,0
2024-08-22 13:00:00,99.714,118.59825000000001,99.482,37.59075,Amber,-0.11639478759291749,0,0.0,0.0,0,0
2024-08-22 14:00:00,99.4795,115.4965,99.31075,36.14325,Amber,-1.177308154885849,0,0.0,0.0,0,0
2024-08-22 15:00:00,99.55875,102.7125,99.26650000000001,35.412,Amber,-0.5604701328188746,0,0.0,0.0,0,0
2024-08-22 16:00:00,99.40725,103.199,99.48175,31.7395,Amber,-1.399366329561983,0,0.0,0.0,0,0
2024-08-22 17:00:00,99.50425,91.44375,99.47399999999999,28.2805,Amber,-0.32186529209013814,0,0.0,0.0,0,0
2024-08-22 18:00:00,99.5265,73.4015,99.223,30.38875,Amber,-0.05060777194464186,0,0.0,0.0,0,0
2024-08-22 19:00:00,99.30850000000001,74.43875,99.42775,31.69425,Amber,-1.6950873983646702,0,0.0,0.0894,0,0
2024-08-22 20:00:00,99.50175,53.414500000000004,99.542,33.668,Amber,0.36470970889615056,0,0.0,0.0,0,0
2024-08-22 21:00:00,99.325,52.94475,99.518,29.882749999999998,Amber,-1.079800334229941,0,0.0,0.0729,0,0
2024-08-22 22:00:00,99.53,46.508250000000004,99.1905,31.563000000000002,Amber,0.7797031753313111,0,0.0,0.0,0,0
2024-08-22 23:00:00,99.79875,41.27475,99.678,40.0115,Green,1.688763778720337,0,0.0,0.0,0,0
2024-08-23 00:00:00,99.71325,40.72925,99.61925,48.72275,Green,0.9238898455154143,0,0.0,0.0,0,0
2024-08-23 01:00:00,99.64275,35.85475,99.44325,47.429249999999996,Green,0.33997206810881003,0,0.0,0.0,0,0
2024-08-23 02:00:00,99.92150000000001,40.8035,99.602,52.995000000000005,Amber,1.270205496885901,0,0.1114,0.0,0,0
2024-08-23 03:00:00,99.77850000000001,53.088499999999996,99.62525,58.3695,Amber,0.3523998077236763,0,0.0798,0.0,0,0
2024-08-23 04:00:00,99.82650000000001,61.64325,99.42975,61.6355,Amber,0.4835120125412542,0,0.0962,0.0,0,0
2024-08-23 05:00:00,99.91525,65.96875,99.5085,63.04475,Amber,1.0428811072446542,0,0.2013,0.0,0,0
2024-08-23 06:00:00,99.89125,79.102,99.62174999999999,59.9035,Green,0.5797062384637746,0,0.2825,0.0,0,0
2024-08-23 07:00:00,99.98,98.64025000000001,99.57900000000001,57.32475,Amber,1.308608680686728,0,0.4523,0.0,0,0
2024-08-23 08:00:00,100.0,110.13925,99.35825,59.845749999999995,Amber,1.1811560828224246,0,0.6422,0.0,0,0
2024-08-23 09:00:00,99.7635,106.50475,99.59525,50.86625,Amber,-1.4703988514269422,0,0.5956,0.0,0,0
2024-08-23 10:00:00,99.6625,111.93075,99.5445,51.9425,Green,-1.5736641430999183,0,0.448,0.0,0,0
2024-08-23 11:00:00,99.66725,122.36,99.342,44.27775,Amber,-1.0603688337837955,0,0.3052,0.0,0,0
2024-08-23 12:00:00,99.696,122.72275,99.79,40.507,Green,-0.6358041459011126,0,0.1911,0.0,0,0
2024-08-23 13:00:00,99.34649999999999,120.22675000000001,99.3635,44.08725,Amber,-1.631227078012534,0,0.0,0.0514,0,0
2024-08-23 14:00:00,99.44275,113.2905,99.41275,38.478,Amber,-0.9411657920600542,0,0.0,0.0066,0,0
2024-08-23 15:00:00,99.4165,113.489,99.69175,34.981,Amber,-0.7957919773372253,0,0.0,0.0,0,0
2024-08-23 16:00:00,99.06099999999999,100.74000000000001,99.316,26.06275,Amber,-1.623468540465731,0,0.0,0.3369,0,0
2024-08-23 17:00:00,99.16575,96.884,99.30175,32.69,Amber,-0.8450870478077099,0,0.0,0.5691,0,0
2024-08-23 18:00:00,99.59175,75.62625,99.44225,36.673,Amber,1.3118637983041856,0,0.0,0.3753,0,0
2024-08-23 19:00:00,99.46625,65.126,99.42949999999999,28.527,Amber,0.5417085928001739,0,0.0,0.307,0,0
2024-08-23 20:00:00,99.25049999999999,69.9585,99.70125,35.34675,Amber,-0.3738782412164582,0,0.0,0.4544,0,0
2024-08-23 21:00:00,98.973,52.167,99.385,33.33775,Amber,-1.1699028786970336,0,0.0,0.8793,0,0
2024-08-23 22:00:00,99.589,42.52675,99.27475,38.3905,Amber,0.995512974607044,0,0.0,0.6883,0,0
2024-08-23 23:00:00,99.261,44.666,99.532,45.561,Amber,-0.39212125533235553,0,0.0,0.8252,0,0
2024-08-24 00:00:00,99.73474999999999,45.71275,99.5995,46.44725,Amber,1.301241623032544,0,0.0,0.4884,0,0
2024-08-24 01:00:00,99.60875,51.076,99.43025,52.79675,Amber,0.7144827565556644,0,0.0,0.2775,0,0
2024-08-24 02:00:00,99.54050000000001,46.0985,99.6765,55.68775,Green,0.3170172700445422,0,0.0,0.135,0,0
2024-08-24 03:00:00,99.589,45.9275,99.541,58.71725,Amber,0.2231743107894016,0,0.0,0.0,0,0
2024-08-24 04:00:00,99.41025,60.028,99.50975,54.6745,Red,-0.6844410174143281,0,0.0,0.0,0,1
2024-08-24 05:00:00,99.806,67.45224999999999,99.732,59.567499999999995,Amber,1.3582054704473394,0,0.0,0.0,0,0
2024-08-24 06:00:00,99.65575,83.77,99.52525,59.658500000000004,Amber,0.41382529256808503,0,0.0,0.0,0,0
2024-08-24 07:00:00,99.811,90.726,99.34175,54.22775,Green,1.1231123010746211,0,0.0009,0.0,0,0
2024-08-24 08:00:00,99.82325,102.65525,99.4465,56.086,Amber,0.8558389874202399,0,0.014,0.0,0,0
2024-08-24 09:00:00,99.97425,115.814,99.3595,53.079,Amber,1.1771288721583184,0,0.1782,0.0,0,0
2024-08-24 10:00:00,99.65375,117.7715,99.776,49.57575,Green,-1.110920193188224,0,0.0218,0.0,0,0
2024-08-24 11:00:00,99.76474999999999,116.78975,99.33625,49.17375,Green,-0.1307457374101336,0,0.0,0.0,0,0
2024-08-24 12:00:00,99.75325,112.58075,99.62225,42.30875,Green,-0.41146341132544567,0,0.0,0.0,0,0
2024-08-24 13:00:00,99.151,117.33275,99.3445,37.844500000000004,Amber,-1.8942237539557711,0,0.0,0.2469,0,0
2024-08-24 14:00:00,99.79175000000001,120.20725,99.57175,34.11275,Amber,0.3938302066130747,0,0.0,0.0,0,0
2024-08-24 15:00:00,99.571,110.89875,99.554,28.285249999999998,Amber,-0.17912046387174402,0,0.0,0.0,0,0
2024-08-24 16:00:00,99.51075,111.574,99.62225000000001,29.5295,Green,-0.32673730340548657,0,0.0,0.0,0,0
2024-08-24 17:00:00,99.17025,86.23825,99.80625,30.31775,Amber,-1.1578627217896813,0,0.0,0.2277,0,0
2024-08-24 18:00:00,99.27175,71.37225000000001,99.78399999999999,27.7875,Green,-0.5461141010575092,0,0.0,0.3539,0,0
2024-08-24 19:00:00,99.47425,69.193,99.43,35.851,Amber,0.042026678646117456,0,0.0,0.2775,0,0
2024-08-24 20:00:00,99.35725,58.09475,99.51425,31.4525,Amber,-0.22997627913940868,0,0.0,0.3182,0,0
2024-08-24 21:00:00,99.51474999999999,52.85125,99.23025,36.1775,Amber,0.9290110208170949,0,0.0,0.2014,0,0
2024-08-24 22:00:00,99.44475,41.184,99.47175,35.10675,Amber,0.5499503723627055,0,0.0,0.1546,0,0
2024-08-24 23:00:00,99.69575,40.795249999999996,99.6125,41.9935,Amber,1.6285042023288234,0,0.0,0.0,0,0
2024-08-25 00:00:00,99.69275,36.733000000000004,99.55975,48.7775,Amber,1.184994182767902,0,0.0,0.0,0,0
2024-08-25 01:00:00,99.28225,43.36875,99.333,54.2665,Amber,-1.2599065128732816,0,0.0,0.1157,0,0
2024-08-25 02:00:00,99.71325,47.579499999999996,99.56925,51.915,Amber,0.894821395063942,0,0.0,0.0,0,0
2024-08-25 03:00:00,99.479,53.022,99.40025,60.49825,Amber,-0.40917941318810297,0,0.0,0.0,0,0
2024-08-25 04:00:00,99.72575,57.2685,99.359,57.770250000000004,Amber,0.7090403901537258,0,0.0,0.0,0,0
2024-08-25 05:00:00,99.9815,75.29275,99.6945,59.580749999999995,Amber,1.4042558636933986,0,0.1714,0.0,0,0
2024-08-25 06:00:00,99.8755,81.6005,99.41675000000001,57.84375,Amber,0.7747552179384394,0,0.2368,0.0,0,0
2024-08-25 07:00:00,99.6585,89.0055,99.425,56.98175,Red,-0.460680005356646,0,0.0852,0.0,0,1
2024-08-25 08:00:00,99.85075,101.47075000000001,99.4185,58.07025,Amber,0.4954297850427107,0,0.1258,0.0,0,0
2024-08-25 09:00:00,99.8765,102.40325,99.538,56.603,Amber,0.4155559090518003,0,0.1922,0.0,0,0
2024-08-25 10:00:00,99.82675,114.4525,99.4,52.683499999999995,Amber,-0.17211574097863533,0,0.2088,0.0,0,0
2024-08-25 11:00:00,99.58125,113.43125,99.25,47.016999999999996,Amber,-1.5583766858023318,0,0.0,0.0,0,0
2024-08-25 12:00:00,99.35849999999999,120.3135,99.469,46.41625,Amber,-1.6593930110791486,0,0.0,0.0394,0,0
2024-08-25 13:00:00,99.805,128.02825,99.6235,40.36275,Amber,0.4319702446504946,0,0.0,0.0,0,0
2024-08-25 14:00:00,99.5355,123.003,99.362,37.839,Amber,-0.6292895801810514,0,0.0,0.0,0,0
2024-08-25 15:00:00,98.85875,107.75275,99.4795,32.277,Red,-1.778226713013345,0,0.0,0.5392,0,1
2024-08-25 16:00:00,99.38300000000001,100.3355,99.384,32.5705,Amber,-0.11715749204814224,0,0.0,0.5541,0,0
2024-08-25 17:00:00,99.774,88.72075,99.33675,28.01125,Amber,0.9276599441877567,0,0.0,0.178,0,0
2024-08-25 18:00:00,98.949,77.97550000000001,99.5775,28.846,Amber,-1.0763738463090953,0,0.0,0.627,0,0
2024-08-25 19:00:00,99.2225,69.65899999999999,99.4675,34.804,Amber,-0.1850300121130028,0,0.0,0.8024,0,0
2024-08-25 20:00:00,99.1935,63.221,99.37825,33.1215,Amber,-0.11170302052418707,0,0.0,1.0068,0,0
2024-08-25 21:00:00,99.74925,49.509249999999994,99.35025,39.55175,Amber,1.1312526090429633,0,0.0,0.6555,0,0
2024-08-25 22:00:00,99.62174999999999,44.67025,99.493,39.35025,Amber,0.5939039888576939,0,0.0,0.4317,0,0
2024-08-25 23:00:00,99.65575,47.22725,99.65925,42.2505,Amber,0.8018768382577264,0,0.0,0.1739,0,0
2024-08-26 00:00:00,99.88374999999999,39.9735,99.5395,46.95275,Amber,1.1619718238262138,0,0.0736,0.0,0,0
2024-08-26 01:00:00,99.6925,40.23925,99.62,48.850750000000005,Green,0.25536338146544507,0,0.0,0.0,0,0
2024-08-26 02:00:00,99.92275000000001,41.679249999999996,99.48725,54.62325,Amber,1.3640546339904696,0,0.1126,0.0,0,0
2024-08-26 03:00:00,99.90950000000001,49.827,99.15775,58.416,Amber,0.9271599740217309,0,0.212,0.0,0,0
2024-08-26 04:00:00,99.905,62.9755,99.4555,64.571,Amber,0.6368994958981581,0,0.3069,0.0,0,0
2024-08-26 05:00:00,99.8945,71.21025,99.59425,61.4125,Amber,0.3046203052036382,0,0.3913,0.0,0,0
2024-08-26 06:00:00,100.0,81.57425,99.53525,60.347,Amber,1.0963649729851876,0,0.5812,0.0,0,0
2024-08-26 07:00:00,99.70875,82.07525,99.63175,61.6665,Amber,-1.8773217753530593,0,0.4798,0.0,0,0
2024-08-26 08:00:00,99.96625,93.1845,99.58225,60.89375,Amber,0.6819190907189577,0,0.636,0.0,0,0
2024-08-26 09:00:00,99.74025,99.535,99.553,50.82625,Green,-1.0828581326604503,0,0.5661,0.0,0,0
2024-08-26 10:00:00,99.819,113.00524999999999,99.48875,53.859,Amber,-0.30075079321344317,0,0.575,0.0,0,0
2024-08-26 11:00:00,99.62425,117.295,99.37325,49.685500000000005,Amber,-1.2494237749167785,0,0.3892,0.0,0,0
2024-08-26 12:00:00,99.613,111.8885,99.44149999999999,43.46175,Amber,-0.9981863375647497,0,0.1921,0.0,0,0
2024-08-26 13:00:00,99.39225,111.4865,99.7165,38.752250000000004,Green,-1.5229161878969288,0,0.0,0.0057,0,0
2024-08-26 14:00:00,99.56925,114.16375,99.26925,40.58525,Amber,-0.38780530530661594,0,0.0,0.0,0,0
2024-08-26 15:00:00,99.553,112.315,99.3125,35.286,Green,-0.305783781190252,0,0.0,0.0,0,0
2024-08-26 16:00:00,99.45875000000001,101.1835,99.63375,29.517500000000002,Green,-0.8354727338262123,0,0.0,0.0,0,0
2024-08-26 17:00:00,99.3965,95.7685,99.37975,33.215,Amber,-1.0684509635275712,0,0.0,0.0014,0,0
2024-08-26 18:00:00,99.1315,81.51325,99.46825,28.192999999999998,Amber,-1.7979638844511447,0,0.0,0.2679,0,0
2024-08-26 19:00:00,99.383,71.63775,99.52025,30.766750000000002,Amber,-0.20328678446371348,0,0.0,0.2828,0,0
2024-08-26 20:00:00,99.404,61.188,99.43125,29.536,Amber,0.11555245788182346,0,0.0,0.2767,0,0
2024-08-26 21:00:00,99.39175,50.7205,99.69375,31.3885,Amber,0.2668295951763324,0,0.0,0.2829,0,0
2024-08-26 22:00:00,99.0285,40.783500000000004,99.56025,38.40325,Amber,-1.575910999846927,0,0.0,0.6523,0,0
2024-08-26 23:00:00,99.8065,49.61175,99.596,46.5375,Green,1.661888864105805,0,0.0,0.2438,0,0
2024-08-27 00:00:00,99.85775,31.549750000000003,99.51925,46.960499999999996,Amber,1.2287434647920064,0,0.0476,0.0,0,0
2024-08-27 01:00:00,99.51575,39.35775,99.58825,48.575,Amber,0.04930137643611968,0,0.0,0.0,0,0
2024-08-27 02:00:00,99.61125,48.70525,99.54225,48.52175,Green,0.25025822681347315,0,0.0,0.0,0,0
2024-08-27 03:00:00,99.48349999999999,46.42975,99.70224999999999,58.87325,Green,-0.22553408070057573,0,0.0,0.0,0,0
2024-08-27 04:00:00,99.89975,55.381,99.593,60.444,Amber,1.1239511003552132,0,0.0896,0.0,0,0
2024-08-27 05:00:00,99.82175000000001,67.76625,99.6875,59.36325,Green,0.6729447226338306,0,0.1013,0.0,0,0
2024-08-27 06:00:00,100.0,83.96799999999999,99.74575,59.91425,Amber,1.294730087335101,0,0.2912,0.0,0,0
2024-08-27 07:00:00,100.0,98.03275,99.5745,55.512,Green,0.9276168173709182,0,0.4811,0.0,0,0
2024-08-27 08:00:00,99.66175,101.87549999999999,99.48125,51.38925,Amber,-0.7306766799935343,0,0.3327,0.0,0,0
2024-08-27 09:00:00,99.723,110.79375,99.45975,56.37075,Amber,-0.9061451207387018,0,0.2456,0.0,0,0
2024-08-27 10:00:00,99.7985,115.43825,99.3755,56.379999999999995,Amber,-0.2540974241841568,0,0.234,0.0,0,0
2024-08-27 11:00:00,99.673,112.75225,99.53225,49.803,Amber,-0.8779369552358773,0,0.0969,0.0,0,0
2024-08-27 12:00:00,99.6055,121.92675,99.493,45.36225,Amber,-0.9770101266758813,0,0.0,0.0,0,0
2024-08-27 13:00:00,99.83449999999999,120.53175,99.504,35.3125,Amber,1.3606051147336955,0,0.0244,0.0,0,0
2024-08-27 14:00:00,99.77425,112.378,99.3555,39.409,Amber,0.46353572992252284,0,0.0,0.0,0,0
2024-08-27 15:00:00,99.2095,109.281,99.45625,35.6795,Amber,-1.8989803367051998,0,0.0,0.1884,0,0
2024-08-27 16:00:00,99.33425,99.363,99.4445,30.615,Amber,-0.95559868876621,0,0.0,0.2521,0,0
2024-08-27 17:00:00,99.36449999999999,90.13374999999999,99.62725,28.845499999999998,Amber,-0.6106579019282597,0,0.0,0.2855,0,0
2024-08-27 18:00:00,99.39375,78.92975,99.61325,28.5625,Amber,-0.357147081854567,0,0.0,0.2897,0,0
2024-08-27 19:00:00,99.25975,70.0675,99.71475,32.62175,Green,-0.6463622515641885,0,0.0,0.4279,0,0
2024-08-27 20:00:00,99.1315,66.0885,99.27925,35.77825,Amber,-1.5007085497312753,0,0.0,0.6943,0,0
2024-08-27 21:00:00,99.462,53.9075,99.57925,33.22575,Amber,1.1910579393986174,0,0.0,0.6303,0,0
2024-08-27 22:00:00,99.44975,45.77175,99.70425,40.41475,Green,0.8383133002938183,0,0.0,0.5784,0,0
2024-08-27 23:00:00,99.5595,38.673,99.53375,47.786,Amber,1.1836430794915052,0,0.0,0.4169,0,0
2024-08-28 00:00:00,99.67575,40.01775,99.3415,42.54975,Amber,1.275153169414312,0,0.0,0.139,0,0
2024-08-28 01:00:00,99.7125,43.631,99.70824999999999,48.8905,Green,1.0217564409841908,0,0.0,0.0,0,0
2024-08-28 02:00:00,99.64525,51.436499999999995,99.476,56.401250000000005,Amber,0.5480834916832772,0,0.0,0.0,0,0
2024-08-28 03:00:00,99.86025000000001,48.1105,99.49875,63.86575,Amber,1.5052519396905346,0,0.0501,0.0,0,0
2024-08-28 04:00:00,99.688,47.497749999999996,99.411,59.480999999999995,Amber,-0.02236903500745302,0,0.0,0.0,0,0
2024-08-28 05:00:00,99.55175,69.14099999999999,99.725,57.54775,Amber,-1.3607299569142668,0,0.0,0.0,0,0
2024-08-28 06:00:00,99.96325,82.918,99.3675,63.9455,Amber,1.512024827922282,0,0.1531,0.0,0,0
2024-08-28 07:00:00,99.93325,84.5705,99.56275,58.0295,Amber,0.9472601984771479,0,0.2763,0.0,0,0
2024-08-28 08:00:00,99.52074999999999,105.97175,99.35775,58.45625,Amber,-1.2007257427019906,0,0.0,0.0,0,0
2024-08-28 09:00:00,99.5525,112.84725,99.12774999999999,54.21675,Amber,-0.7459763993847959,0,0.0,0.0,0,0
2024-08-28 10:00:00,99.761,112.2465,99.456,58.055749999999996,Amber,0.234985860078755,0,0.0,0.0,0,0
2024-08-28 11:00:00,99.7445,118.637,99.50475,50.84425,Green,-0.007442396098722613,0,0.0,0.0,0,0
2024-08-28 12:00:00,99.632,114.513,99.37875,45.163,Amber,-0.3817338815754164,0,0.0,0.0,0,0
2024-08-28 13:00:00,99.3115,119.8815,99.3985,39.13725,Green,-1.6550507688311034,0,0.0,0.0864,0,0
2024-08-28 14:00:00,99.48325,108.5555,99.57325,38.70075,Amber,-0.5733172898613552,0,0.0,0.0011,0,0
2024-08-28 15:00:00,99.6995,116.02075,99.44075000000001,32.333,Amber,0.5360707352728822,0,0.0,0.0,0,0
2024-08-28 16:00:00,99.102,98.253,99.376,29.5805,Red,-1.577376752319295,0,0.0,0.2959,0,1
2024-08-28 17:00:00,99.723,89.805,99.474,29.8555,Amber,0.9423490247027024,0,0.0,0.0,0,0
2024-08-28 18:00:00,99.33449999999999,78.22425,99.33825,27.96025,Amber,-0.44669201839749795,0,0.0,0.0634,0,0
2024-08-28 19:00:00,99.31875,73.15775,99.67375,25.958,Amber,-0.5186205561649186,0,0.0,0.1426,0,0
2024-08-28 20:00:00,98.894,57.74575,99.48175,36.345,Amber,-1.383779492913473,0,0.0,0.6465,0,0
2024-08-28 21:00:00,99.27175,55.927749999999996,99.56,35.892,Green,-0.008148186126097948,0,0.0,0.7727,0,0
2024-08-28 22:00:00,99.70925,45.98625,99.4425,33.750249999999994,Amber,1.0785050765058029,0,0.0,0.4614,0,0
2024-08-28 23:00:00,99.47275,39.72175,99.78625,41.71575,Green,0.5205685488356973,0,0.0,0.3866,0,0
2024-08-29 00:00:00,99.4705,38.18,99.2865,44.587,Amber,0.4183485112906216,0,0.0,0.314,0,0
2024-08-29 01:00:00,99.75025,39.1615,99.56725,49.77775,Amber,1.0225447325501804,0,0.0,0.0,0,0
2024-08-29 02:00:00,99.751,48.6045,99.45150000000001,54.328,Amber,0.9167247777519457,0,0.0,0.0,0,0
2024-08-29 03:00:00,99.51025,52.0595,99.57,60.238,Amber,-0.7185577702349869,0,0.0,0.0,0,0
2024-08-29 04:00:00,99.65575,55.3395,99.24549999999999,56.55925,Amber,0.40365184784435365,0,0.0,0.0,0,0
2024-08-29 05:00:00,99.96600000000001,71.4045,99.475,56.621,Amber,1.5527226384620207,0,0.1559,0.0,0,0
2024-08-29 06:00:00,99.9185,84.618,99.49074999999999,65.908,Amber,0.9521562031106329,0,0.2643,0.0,0,0
2024-08-29 07:00:00,99.83675,93.2415,99.39150000000001,56.892250000000004,Amber,0.37314130212035695,0,0.2909,0.0,0,0
2024-08-29 08:00:00,100.0,93.9485,99.56375,54.84925,Amber,0.9604131212252779,0,0.4808,0.0,0,0
2024-08-29 09:00:00,99.62049999999999,109.112,99.2175,58.82575,Red,-1.3200147614464641,0,0.2912,0.0,0,1
2024-08-29 10:00:00,99.8195,109.82124999999999,99.4525,49.981,Amber,-0.2972138666048502,0,0.3006,0.0,0,0
2024-08-29 11:00:00,99.41575,121.0795,99.53675,48.0175,Amber,-1.645822402075668,0,0.0,0.0,0,0
2024-08-29 12:00:00,99.76625,125.246,99.62174999999999,41.80975,Amber,0.11467438655369791,0,0.0,0.0,0,0
2024-08-29 13:00:00,99.64525,115.65325,99.681,40.61325,Amber,-0.3314267780743954,0,0.0,0.0,0,0
2024-08-29 14:00:00,99.39625000000001,109.58825,99.58375000000001,37.22425,Amber,-1.224953008994768,0,0.0,0.0017,0,0
2024-08-29 15:00:00,99.39025,108.96775,99.37675,31.603749999999998,Amber,-0.9268886516661918,0,0.0,0.0094,0,0
2024-08-29 16:00:00,99.043,103.98075,99.225,28.17725,Amber,-1.6027452271297966,0,0.0,0.3643,0,0
2024-08-29 17:00:00,99.613,83.3945,99.6315,31.17675,Amber,0.5322668704440062,0,0.0,0.1492,0,0
2024-08-29 18:00:00,99.131,91.41775,99.19125,30.59725,Amber,-0.9749271604338259,0,0.0,0.4161,0,0
2024-08-29 19:00:00,99.7485,67.74325,99.35525,30.93725,Amber,1.336642134295392,0,0.0,0.0656,0,0
2024-08-29 20:00:00,99.41,60.20125,99.25125,35.433,Amber,0.07652574240168947,0,0.0,0.0535,0,0
2024-08-29 21:00:00,99.564,46.6425,99.63825,36.7635,Amber,0.5207822787067394,0,0.0,0.0,0,0
2024-08-29 22:00:00,99.397,40.387249999999995,99.5355,42.875,Amber,-0.37385730307352766,0,0.0,0.0009,0,0
2024-08-29 23:00:00,99.23949999999999,37.44725,99.3955,40.241,Amber,-0.792458690604006,0,0.0,0.1594,0,0
2024-08-30 00:00:00,99.58275,43.21075,99.5995,45.69225,Amber,0.5189711165968043,0,0.0,0.0,0,0
2024-08-30 01:00:00,99.66375,43.02275,99.48225,50.622,Amber,1.2062365213394068,0,0.0,0.0,0,0
2024-08-30 02:00:00,99.7095,42.26275,99.27875,55.02075,Amber,1.0382755939547736,0,0.0,0.0,0,0
2024-08-30 03:00:00,99.70375,57.04325,99.55,52.36725,Green,0.8071342657502285,0,0.0,0.0,0,0
2024-08-30 04:00:00,99.75025,71.38025,99.52275,56.5995,Amber,0.7499846469675358,0,0.0,0.0,0,0
2024-08-30 05:00:00,99.99575,63.665,99.58275,62.13675,Amber,1.8665734897110788,0,0.1856,0.0,0,0
2024-08-30 06:00:00,99.69525,79.651,99.64375,64.5,Amber,-0.47327767179334235,0,0.0708,0.0,0,0
2024-08-30 07:00:00,100.0,94.06875,99.42275,56.932500000000005,Amber,1.2946852221740364,0,0.2607,0.0,0,0
2024-08-30 08:00:00,99.82475,106.214,99.56049999999999,56.2375,Amber,-0.02544870622638226,0,0.2753,0.0,0,0
2024-08-30 09:00:00,99.48474999999999,113.03675,99.268,56.23375,Amber,-1.5694974925583633,0,0.0,0.0,0,0
2024-08-30 10:00:00,99.3935,115.22675000000001,99.4485,50.3975,Amber,-1.3248310424611045,0,0.0,0.0044,0,0
2024-08-30 11:00:00,99.79125,120.79475,99.43125,40.2355,Amber,0.41248426753848816,0,0.0,0.0,0,0
2024-08-30 12:00:00,99.434,121.92675,99.4825,45.29225,Amber,-0.8826752397460695,0,0.0,0.0,0,0
2024-08-30 13:00:00,99.5295,116.953,99.2085,42.5405,Amber,-0.2521608636930036,0,0.0,0.0,0,0
2024-08-30 14:00:00,99.91375,114.66475,99.49475,34.79725,Green,1.5276938100315987,0,0.1036,0.0,0,0
2024-08-30 15:00:00,99.4045,104.88625,99.46575,30.60025,Amber,-0.7819713887803537,0,0.0,0.0,0,0
2024-08-30 16:00:00,99.474,99.63550000000001,99.5265,34.161,Green,-0.5570908021381962,0,0.0,0.0,0,0
2024-08-30 17:00:00,99.46975,95.15549999999999,99.213,30.053,Red,-0.3588597111615598,0,0.0,0.0,0,1
2024-08-30 18:00:00,99.582,77.09075,99.61725,30.209000000000003,Amber,0.1083125453272316,0,0.0,0.0,0,0
2024-08-30 19:00:00,99.16075,65.22175,99.529,30.181,Red,-1.3797065726651203,0,0.0,0.2372,0,1
2024-08-30 20:00:00,99.0205,64.42150000000001,99.18225,32.33425,Red,-1.5423102143725755,0,0.0,0.6146,0,1
2024-08-30 21:00:00,99.39475,54.5805,99.55775,34.10975,Amber,0.20732052390721242,0,0.0,0.6178,0,0
2024-08-30 22:00:00,99.86075,43.40025,99.70325,40.158,Green,1.4862329893325972,0,0.0506,0.155,0,0
2024-08-30 23:00:00,99.24674999999999,42.2995,99.4275,45.99975,Red,-0.4280202474672665,0,0.0,0.3061,0,1
2024-08-31 00:00:00,99.89325,34.042,99.44075,47.5655,Amber,1.2621376827413624,0,0.0831,0.0,0,0
2024-08-31 01:00:00,99.77449999999999,45.4615,99.12575,51.075,Amber,0.668541833983159,0,0.0475,0.0,0,0
2024-08-31 02:00:00,99.51875,50.93575,99.601,51.744749999999996,Amber,-0.35960910747622254,0,0.0,0.0,0,0
2024-08-31 03:00:00,99.90375,57.189750000000004,99.6845,59.332499999999996,Amber,0.7731378127280347,0,0.0936,0.0,0,0
2024-08-31 04:00:00,99.72375,60.991749999999996,99.59,59.51275,Amber,0.18561060533979484,0,0.0073,0.0,0,0
2024-08-31 05:00:00,99.72025,71.25874999999999,99.352,59.24075,Amber,-0.25121224610037013,0,0.0,0.0,0,0
2024-08-31 06:00:00,100.0,78.44675,99.39075,61.873,Amber,1.3610219936660346,0,0.1899,0.0,0,0
2024-08-31 07:00:00,99.67425,87.98225,99.41425,61.66675,Amber,-0.4819651308965558,0,0.054,0.0,0,0
2024-08-31 08:00:00,99.48949999999999,101.2195,99.32225,56.31425,Amber,-1.4610779979820925,0,0.0,0.0,0,0
2024-08-31 09:00:00,99.79375,113.269,99.52575,53.82525,Amber,0.3622008356056257,0,0.0,0.0,0,0
2024-08-31 10:00:00,99.6305,116.19575,99.36275,51.425250000000005,Green,-0.5104670920633168,0,0.0,0.0,0,0
2024-08-31 11:00:00,99.8615,115.5195,99.42925,48.191500000000005,Amber,0.6615245478946965,0,0.0514,0.0,0,0
2024-08-31 12:00:00,99.8885,114.21,99.56275,38.6225,Amber,1.0817541526751155,0,0.1298,0.0,0,0
2024-08-31 13:00:00,99.35300000000001,118.294,99.28075,36.92075,Amber,-1.461716671384815,0,0.0,0.0449,0,0
2024-08-31 14:00:00,99.3635,119.6015,99.46600000000001,32.384,Amber,-1.177280957685339,0,0.0,0.0794,0,0
2024-08-31 15:00:00,99.52775,107.56975,99.679,34.7615,Green,-0.3258988305559537,0,0.0,0.0,0,0
2024-08-31 16:00:00,99.2505,102.752,99.29374999999999,29.50175,Amber,-1.0601475003769727,0,0.0,0.1474,0,0
2024-08-31 17:00:00,99.49175,90.74925,99.44075000000001,27.51925,Amber,0.05608872467764683,0,0.0,0.0536,0,0
2024-08-31 18:00:00,99.47125,78.8095,99.46549999999999,33.5805,Amber,0.5867698376121887,0,0.0,0.0,0,0
2024-08-31 19:00:00,99.251,70.09275000000001,99.557,32.72225,Amber,-1.153507227689777,0,0.0,0.1469,0,0
2024-08-31 20:00:00,99.537,60.310500000000005,99.374,28.98725,Amber,0.8589038474726294,0,0.0,0.0079,0,0
2024-08-31 21:00:00,99.07225,55.954,99.69425,33.769,Red,-1.4981077622106436,0,0.0,0.3335,0,1
2024-08-31 22:00:00,99.58574999999999,43.75075,99.65325,37.677,Amber,0.929715790317864,0,0.0,0.1457,0,0
2024-08-31 23:00:00,99.75725,41.4345,99.42075,42.91675,Amber,1.2653010341398634,0,0.0,0.0,0,0
2024-09-01 00:00:00,99.87175,45.324749999999995,99.51975,48.69825,Amber,1.188122742510105,0,0.0616,0.0,0,0
2024-09-01 01:00:00,99.974,36.414249999999996,99.51275,48.24425,Amber,1.062919470449545,0,0.2255,0.0,0,0
2024-09-01 02:00:00,99.6815,46.97175,99.51725,54.2315,Amber,0.07688498558237807,0,0.0969,0.0,0,0
2024-09-01 03:00:00,99.84025,40.2975,99.41575,56.072,Amber,0.3950932334651409,0,0.1271,0.0,0,0
2024-09-01 04:00:00,99.94175,66.60875,99.59425,59.63875,Amber,0.8799894535586551,0,0.2587,0.0,0,0
2024-09-01 05:00:00,99.91925,73.0065,99.64175,63.0485,Amber,0.45691289838436583,0,0.3678,0.0,0,0
2024-09-01 06:00:00,100.0,86.055,99.7,63.914249999999996,Amber,0.9153402239208127,0,0.5577,0.0,0,0
2024-09-01 07:00:00,99.88575,87.812,99.65225000000001,60.26975,Amber,0.06955514742188806,0,0.6334,0.0,0,0
2024-09-01 08:00:00,99.89824999999999,108.43275,99.527,59.8775,Amber,-0.2945308868660591,0,0.7215,0.0,0,0
2024-09-01 09:00:00,99.79525,105.5825,99.42075,56.69975,Amber,-1.642567057886176,0,0.7067,0.0,0,0
2024-09-01 10:00:00,99.737,111.09125,99.788,50.184,Green,-1.4518011651679295,0,0.6336,0.0,0,0
2024-09-01 11:00:00,100.0,118.86975,99.5415,47.358,Amber,1.0712840921349112,0,0.8234,0.0,0,0
2024-09-01 12:00:00,99.48474999999999,114.07375,99.626,44.272,Amber,-1.7611420972202443,0,0.4981,0.0,0,0
2024-09-01 13:00:00,99.75399999999999,122.8075,99.05250000000001,40.6065,Amber,-0.13871025660226868,0,0.442,0.0,0,0
2024-09-01 14:00:00,99.849,114.31925,99.242,36.1575,Amber,0.4679701586826643,0,0.4809,0.0,0,0
2024-09-01 15:00:00,99.81475,111.79575,99.301,36.81625,Amber,0.24471724709428988,0,0.4855,0.0,0,0
2024-09-01 16:00:00,99.11075,94.96175,99.263,30.644000000000002,Amber,-1.7373333569254055,0,0.0,0.2872,0,0
2024-09-01 17:00:00,99.52799999999999,87.21625,99.47874999999999,31.822,Amber,-0.2230014678025342,0,0.0,0.1571,0,0
2024-09-01 18:00:00,99.2945,82.3825,99.46725,29.258,Amber,-0.8709685221973137,0,0.0,0.2605,0,0
2024-09-01 19:00:00,99.22825,65.61275,99.6495,35.10325,Amber,-0.7796999368149807,0,0.0,0.4302,0,0
2024-09-01 20:00:00,99.735,59.57325,99.4475,31.8485,Green,0.9901965100774863,0,0.0,0.0931,0,0
2024-09-01 21:00:00,99.642,53.25725,99.36425,36.70325,Amber,0.8816542342451509,0,0.0,0.0,0,0
2024-09-01 22:00:00,99.60900000000001,39.28025,99.509,40.2635,Amber,0.5094229757113027,0,0.0,0.0,0,0
2024-09-01 23:00:00,99.91875,45.28175,99.65975,43.92575,Green,1.3167403850384327,0,0.1086,0.0,0,0
2024-09-02 00:00:00,99.52525,39.3215,99.3935,44.251,Amber,-0.366938544373231,0,0.0,0.0,0,0
2024-09-02 01:00:00,99.81725,36.457750000000004,99.28675,49.9255,Amber,0.7560758944789886,0,0.0071,0.0,0,0
2024-09-02 02:00:00,99.42625,46.275,99.64975,57.179249999999996,Amber,-1.2581970600288046,0,0.0,0.0,0,0
2024-09-02 03:00:00,99.75225,55.1195,99.78775,57.072,Amber,0.41489362556089526,0,0.0,0.0,0,0
2024-09-02 04:00:00,99.67025,65.608,99.61175,60.92675,Amber,-0.08014862924035031,0,0.0,0.0,0,0
2024-09-02 05:00:00,99.7095,67.77074999999999,99.55825,59.57075,Amber,0.40398731873851323,0,0.0,0.0,0,0
2024-09-02 06:00:00,99.53675,80.03725,99.31925,59.75,Amber,-0.7946707065046611,0,0.0,0.0,0,0
2024-09-02 07:00:00,99.937,94.31225,99.751,58.911,Amber,1.4966257879709366,0,0.1269,0.0,0,0
2024-09-02 08:00:00,99.636,97.03775,99.76175,56.87625,Amber,-0.5279239250612786,0,0.0,0.0,0,0
2024-09-02 09:00:00,99.7245,107.632,99.40025,53.5045,Amber,0.16665397506844154,0,0.0,0.0,0,0
2024-09-02 10:00:00,99.37275,112.97425,99.5615,51.408249999999995,Amber,-1.4704159876020602,0,0.0,0.0252,0,0
2024-09-02 11:00:00,99.6185,115.96074999999999,99.611,47.352,Amber,-0.10117682498566373,0,0.0,0.0,0,0
2024-09-02 12:00:00,99.4975,116.26425,99.473,44.60275,Amber,-0.6903894157156196,0,0.0,0.0,0,0
2024-09-02 13:00:00,99.40175,114.63125,99.64975,39.7915,Amber,-0.9991169130713661,0,0.0,0.0,0,0
2024-09-02 14:00:00,99.393,109.79525,99.349,37.33725,Amber,-0.7594807572462832,0,0.0,0.0049,0,0
2024-09-02 15:00:00,99.54225,100.78825,99.43875,33.37975,Amber,0.7271050453626232,0,0.0,0.0,0,0
2024-09-02 16:00:00,99.619,105.2495,99.61175,32.389250000000004,Amber,1.0675194577641214,0,0.0,0.0,0,0
2024-09-02 17:00:00,99.082,89.79175000000001,99.434,31.1115,Amber,-1.8162527766214709,0,0.0,0.3159,0,0
2024-09-02 18:00:00,99.59025,78.05725,99.61275,32.15825,Amber,0.7670399841818484,0,0.0,0.1236,0,0
2024-09-02 19:00:00,99.53325,70.483,99.5665,30.3585,Amber,0.3648657971816073,0,0.0,0.0,0,0
2024-09-02 20:00:00,99.36775,62.793499999999995,99.3455,34.855,Amber,-0.43390057886742306,0,0.0,0.0302,0,0
2024-09-02 21:00:00,99.7735,56.12075,99.525,38.32625,Amber,1.1588851385254058,0,0.0,0.0,0,0
2024-09-02 22:00:00,99.45400000000001,43.420249999999996,99.369,39.21175,Amber,-0.054867404283290656,0,0.0,0.0,0,0
2024-09-02 23:00:00,99.28200000000001,39.38125,99.435,40.79475,Amber,-1.2544090148034794,0,0.0,0.1159,0,0
2024-09-03 00:00:00,99.7685,39.2025,99.36975,46.33425,Amber,1.1651568699852706,0,0.0,0.0,0,0
2024-09-03 01:00:00,99.62425,36.18625,99.46075,54.045500000000004,Amber,0.3801384270127778,0,0.0,0.0,0,0
2024-09-03 02:00:00,99.71,49.8895,99.4545,53.5945,Amber,0.5486447408690676,0,0.0,0.0,0,0
2024-09-03 03:00:00,99.84725,44.607,99.41375,54.24875,Amber,1.1018546824173716,0,0.0371,0.0,0,0
2024-09-03 04:00:00,99.9605,56.21975,99.75274999999999,56.91125,Green,1.1165366673244763,0,0.1875,0.0,0,0
2024-09-03 05:00:00,99.795,69.06575000000001,99.47525,60.021,Amber,0.09320748100914489,0,0.1724,0.0,0,0
2024-09-03 06:00:00,100.0,73.65325,99.50325000000001,58.2275,Amber,1.229152605716415,0,0.3623,0.0,0,0
2024-09-03 07:00:00,99.89875,86.116,99.44024999999999,60.71025,Amber,0.2809458847470277,0,0.451,0.0,0,0
2024-09-03 08:00:00,99.92099999999999,95.4575,99.4975,59.10925,Amber,0.23123238194991744,0,0.5618,0.0,0,0
2024-09-03 09:00:00,99.73375,110.535,99.57175,53.24025,Amber,-1.4903082918782777,0,0.4855,0.0,0,0
2024-09-03 10:00:00,99.76825,115.151,99.4995,50.6565,Amber,-0.8204222513327811,0,0.4436,0.0,0,0
2024-09-03 11:00:00,99.73025,115.5205,99.71025,48.570499999999996,Green,-0.987194192224655,0,0.3638,0.0,0,0
2024-09-03 12:00:00,99.27,119.7895,99.39475,44.76,Amber,-1.9116477296562775,0,0.0,0.1279,0,0
2024-09-03 13:00:00,99.27825,123.208,99.39925,37.545,Red,-1.233499749486753,0,0.0,0.2476,0,1
2024-09-03 14:00:00,99.56775,118.503,99.46875,32.77375,Amber,0.04208603290672001,0,0.0,0.0778,0,0
2024-09-03 15:00:00,99.16375,111.93925,99.90225000000001,36.17625,Amber,-1.153676316070329,0,0.0,0.312,0,0
2024-09-03 16:00:00,99.283,99.55875,99.3725,31.006999999999998,Amber,-0.45594654760526443,0,0.0,0.4269,0,0
2024-09-03 17:00:00,99.71525,88.73925,99.528,31.626,Amber,1.5775157947607326,0,0.0,0.1096,0,0
2024-09-03 18:00:00,99.502,81.02850000000001,99.6115,27.343,Green,0.3986513239352692,0,0.0,0.0055,0,0
2024-09-03 19:00:00,99.60325,74.07675,99.55675,31.6085,Amber,0.6273270566591018,0,0.0,0.0,0,0
2024-09-03 20:00:00,99.4855,55.4245,99.4245,32.372749999999996,Amber,0.13120989192364438,0,0.0,0.0,0,0
2024-09-03 21:00:00,99.64675,57.90775,99.54775000000001,37.101,Amber,0.7037747392568214,0,0.0,0.0,0,0
2024-09-03 22:00:00,99.38725,45.00625,99.74175,40.52625,Amber,-1.4099577111165058,0,0.0,0.0107,0,0
2024-09-03 23:00:00,99.63325,41.9375,99.51275,38.35275,Amber,0.886813460416358,0,0.0,0.0,0,0
2024-09-04 00:00:00,99.3765,36.721000000000004,99.576,48.81675,Amber,-1.187095503631351,0,0.0,0.0214,0,0
2024-09-04 01:00:00,99.65275,42.7975,99.39425,51.717749999999995,Amber,0.93736083382178,0,0.0,0.0,0,0
2024-09-04 02:00:00,99.969,49.524,99.62375,55.804249999999996,Amber,1.645653323869336,0,0.1589,0.0,0,0
2024-09-04 03:00:00,99.896,53.6305,99.408,58.785000000000004,Amber,0.9838662833946501,0,0.2448,0.0,0,0
2024-09-04 04:00:00,99.797,63.9945,99.40700000000001,60.63,Amber,0.35633718530214137,0,0.2317,0.0,0,0
2024-09-04 05:00:00,99.94800000000001,69.61775,99.71625,59.87125,Amber,0.7718473334250883,0,0.3696,0.0,0,0
2024-09-04 06:00:00,99.50274999999999,86.238,99.62950000000001,61.3555,Amber,-1.5830623315945218,0,0.0622,0.0,0,0
2024-09-04 07:00:00,99.60975,87.40175,99.6665,57.4525,Amber,-0.9263249020560873,0,0.0,0.0,0,0
2024-09-04 08:00:00,99.84475,100.00675,99.37049999999999,55.5535,Amber,0.4511463171671375,0,0.0346,0.0,0,0
2024-09-04 09:00:00,99.8155,111.5295,99.28125,52.62,Amber,0.38001041591622636,0,0.04,0.0,0,0
2024-09-04 10:00:00,99.711,112.78375,99.477,51.26375,Green,-0.1687345135877522,0,0.0,0.0,0,0
2024-09-04 11:00:00,99.66,109.521,99.65925,45.44775,Green,-0.23835881498697903,0,0.0,0.0,0,0
2024-09-04 12:00:00,99.4615,122.3185,99.33675,45.55975,Amber,-1.5758308894657598,0,0.0,0.0,0,0
2024-09-04 13:00:00,99.26325,119.062,99.66175,37.68325,Amber,-1.6197081035090855,0,0.0,0.1347,0,0
2024-09-04 14:00:00,99.202,117.56325,99.449,36.808,Red,-1.2647498949059988,0,0.0,0.3306,0,1
2024-09-04 15:00:00,99.5785,101.9945,99.68225000000001,34.346999999999994,Green,0.4724871601325933,0,0.0,0.15,0,0
2024-09-04 16:00:00,99.455,96.89725,99.42025,35.975,Amber,0.10352661985354554,0,0.0,0.093,0,0
2024-09-04 17:00:00,99.52825,96.992,99.514,29.96825,Amber,0.7593144909635606,0,0.0,0.0,0,0
2024-09-04 18:00:00,99.09075,77.8155,99.37575,30.35775,Red,-1.3394794864599135,0,0.0,0.3072,0,1
2024-09-04 19:00:00,99.28875,65.407,99.559,30.38425,Amber,-0.3534563388111747,0,0.0,0.4164,0,0
2024-09-04 20:00:00,99.225,53.95,99.57425,32.451750000000004,Amber,-0.7152840548134971,0,0.0,0.5893,0,0
2024-09-04 21:00:00,99.45224999999999,48.5355,99.57425,39.01275,Green,0.6726496625020478,0,0.0,0.535,0,0
2024-09-04 22:00:00,99.331,43.20875,99.73825,36.1055,Amber,0.07422312656822358,0,0.0,0.6019,0,0
2024-09-04 23:00:00,99.7365,47.369,99.49625,40.6715,Amber,1.721851142360533,0,0.0,0.2633,0,0
2024-09-05 00:00:00,99.10900000000001,37.6605,99.331,49.228,Amber,-1.1386323825260312,0,0.0,0.5523,0,0
2024-09-05 01:00:00,99.5655,44.95225,99.26925,47.94725,Amber,0.7071444041509312,0,0.0,0.3847,0,0
2024-09-05 02:00:00,99.6505,47.39025,99.4385,52.29575,Amber,0.7696496470065854,0,0.0,0.1321,0,0
2024-09-05 03:00:00,99.76474999999999,48.455,99.602,56.497749999999996,Amber,0.9281199706301687,0,0.0,0.0,0,0
2024-09-05 04:00:00,100.0,68.72675,99.53,54.727999999999994,Amber,1.2184293829727006,0,0.1899,0.0,0,0
2024-09-05 05:00:00,100.0,64.1005,99.57525,59.13075,Amber,0.9582063460401891,0,0.3798,0.0,0,0
2024-09-05 06:00:00,99.98225,77.72425,99.4635,60.68125,Amber,0.801124708749587,0,0.5519,0.0,0,0
2024-09-05 07:00:00,99.866,89.08175,99.375,62.302,Amber,-0.0775001789374271,0,0.6078,0.0,0,0
2024-09-05 08:00:00,99.66,105.857,99.546,58.474,Amber,-1.5387504602143018,0,0.4577,0.0,0,0
2024-09-05 09:00:00,99.609,105.7405,99.36775,56.08475,Amber,-1.376803538206432,0,0.2566,0.0,0,0
2024-09-05 10:00:00,99.6275,113.79825,99.4835,49.8135,Amber,-0.9046676377660537,0,0.074,0.0,0,0
2024-09-05 11:00:00,99.97475,110.40575,99.61075,46.625499999999995,Green,1.0761491197380493,0,0.2386,0.0,0,0
2024-09-05 12:00:00,99.6805,121.595,99.4615,43.14575,Green,-0.37502637892690255,0,0.109,0.0,0,0
2024-09-05 13:00:00,99.57175000000001,119.83625,99.23775,38.327,Amber,-0.7914755875325871,0,0.0,0.0,0,0
2024-09-05 14:00:00,99.48525,118.98275,99.69375,36.46575,Amber,-1.0278182321102998,0,0.0,0.0,0,0
2024-09-05 15:00:00,99.568,99.64375,99.28275,37.4185,Amber,-0.48596741847297675,0,0.0,0.0,0,0
2024-09-05 16:00:00,99.53575000000001,95.265,99.41475,36.303,Amber,-0.5634877309246408,0,0.0,0.0,0,0
2024-09-05 17:00:00,99.31524999999999,86.9685,99.3845,30.477,Amber,-1.7342294318822162,0,0.0,0.0827,0,0
2024-09-05 18:00:00,99.19975,82.65,99.55499999999999,28.50575,Red,-1.6024942585058362,0,0.0,0.2809,0,1
2024-09-05 19:00:00,99.32025,73.02674999999999,99.46725,30.91,Amber,-0.5715492907296537,0,0.0,0.3585,0,0
2024-09-05 20:00:00,99.2385,61.45825,99.652,32.61925,Amber,-0.8094515576777964,0,0.0,0.518,0,0
2024-09-05 21:00:00,99.5275,56.21825,99.75775,37.85725,Amber,1.194425514188553,0,0.0,0.3884,0,0
2024-09-05 22:00:00,99.238,46.40825,99.50325000000001,37.621,Amber,-0.5800355282529756,0,0.0,0.5483,0,0
2024-09-05 23:00:00,99.696,39.77625,99.79475,42.428,Amber,1.6412871888428757,0,0.0,0.2503,0,0
2024-09-06 00:00:00,99.42675,40.69775,99.74725,46.02225,Green,0.10479995706486102,0,0.0,0.2214,0,0
2024-09-06 01:00:00,99.38025,43.2615,99.23775,53.256750000000004,Amber,-0.21318685058552264,0,0.0,0.2391,0,0
2024-09-06 02:00:00,99.63925,47.2675,99.37675,50.61825,Amber,0.9064461474177724,0,0.0,0.0,0,0
2024-09-06 03:00:00,99.62700000000001,50.01075,99.306,55.542500000000004,Amber,0.6982470842283874,0,0.0,0.0,0,0
2024-09-06 04:00:00,99.91499999999999,63.24225,99.58324999999999,61.00925,Amber,1.5527630957705767,0,0.1049,0.0,0,0
2024-09-06 05:00:00,99.688,79.27025,99.50925000000001,58.357,Green,0.3897669038868421,0,0.0,0.0,0,0
2024-09-06 06:00:00,99.99225,79.797,99.2705,54.611,Amber,1.2947802909403374,0,0.1821,0.0,0,0
2024-09-06 07:00:00,99.7885,92.5295,99.70525,61.56375,Amber,0.0890624985515545,0,0.1605,0.0,0,0
2024-09-06 08:00:00,99.38,96.2555,99.60725,60.212,Amber,-1.6014501369479235,0,0.0,0.0179,0,0
2024-09-06 09:00:00,99.71425,114.23175,99.41825,52.7195,Green,-0.1498064520549536,0,0.0,0.0,0,0
2024-09-06 10:00:00,99.6875,120.18375,99.5535,50.99325,Amber,-0.10572049913974826,0,0.0,0.0,0,0
2024-09-06 11:00:00,99.59575,117.13725,99.672,48.308,Green,-0.4786492166122679,0,0.0,0.0,0,0
2024-09-06 12:00:00,99.56225,119.86625,99.39425,43.075,Amber,-0.4112584847088239,0,0.0,0.0,0,0
2024-09-06 13:00:00,99.72749999999999,113.8945,99.5205,38.0625,Amber,0.8864325465022339,0,0.0,0.0,0,0
2024-09-06 14:00:00,99.41775,118.31025,99.54425,40.485,Amber,-1.690778911628256,0,0.0,0.0,0,0
2024-09-06 15:00:00,99.4405,106.76925,99.65925,30.899,Amber,-1.0434157615446533,0,0.0,0.0,0,0
2024-09-06 16:00:00,99.279,103.184,99.342,32.08075,Amber,-1.4282382125591686,0,0.0,0.1189,0,0
2024-09-06 17:00:00,99.6665,91.98150000000001,99.71275,28.3955,Green,0.8985591453909015,0,0.0,0.0,0,0
2024-09-06 18:00:00,99.669,82.43299999999999,99.42349999999999,31.94075,Amber,0.7569790682547923,0,0.0,0.0,0,0
2024-09-06 19:00:00,99.26725,71.26975,99.62475,26.3415,Amber,-1.064422572218386,0,0.0,0.1307,0,0
2024-09-06 20:00:00,99.17925,55.43375,99.54375,36.03125,Amber,-1.1221167760311823,0,0.0,0.3494,0,0
2024-09-06 21:00:00,99.8225,48.85225,99.71825,36.743,Green,1.2673639523446958,0,0.0124,0.0,0,0
2024-09-06 22:00:00,99.87725,36.37175,99.7175,34.22825,Green,1.0234106661799043,0,0.0795,0.0,0,0
2024-09-06 23:00:00,99.85425,37.8025,99.31275,37.965,Amber,0.78098876454922,0,0.1237,0.0,0,0
2024-09-07 00:00:00,99.68175,35.4815,99.44975,46.259,Amber,0.21862067966696855,0,0.0,0.0,0,0
2024-09-07 01:00:00,99.69375,34.80675,99.26375,48.817499999999995,Amber,0.03433436637538096,0,0.0,0.0,0,0
2024-09-07 02:00:00,99.9405,38.763999999999996,99.3295,56.101749999999996,Amber,1.244170319043941,0,0.1304,0.0,0,0
2024-09-07 03:00:00,99.874,51.78175,99.6185,55.78175,Amber,0.5036860726567929,0,0.1943,0.0,0,0
2024-09-07 04:00:00,99.90875,55.774,99.7175,61.63525,Amber,0.7515171851617108,0,0.2929,0.0,0,0
2024-09-07 05:00:00,99.9135,67.872,99.749,60.8445,Amber,0.6714542814059062,0,0.3963,0.0,0,0
2024-09-07 06:00:00,99.79124999999999,79.75525,99.30975000000001,60.893499999999996,Amber,-0.6646414500685132,0,0.3775,0.0,0,0
2024-09-07 07:00:00,99.69925,92.31425,99.48075,58.69925,Amber,-1.6882833212497275,0,0.2666,0.0,0,0
2024-09-07 08:00:00,99.71275,100.76925,99.295,54.067750000000004,Amber,-1.0781577979198993,0,0.1692,0.0,0,0
2024-09-07 09:00:00,99.61925,113.76625,99.56475,52.82725,Amber,-1.297837396806956,0,0.0,0.0,0,0
2024-09-07 10:00:00,99.84175,122.62125,99.44024999999999,48.37775,Green,0.7385798721352854,0,0.0316,0.0,0,0
2024-09-07 11:00:00,99.59875,122.02225,99.59675,47.403999999999996,Green,-1.181982134481454,0,0.0,0.0,0,0
2024-09-07 12:00:00,99.588,114.785,99.52074999999999,42.434,Amber,-0.9210410741156875,0,0.0,0.0,0,0
2024-09-07 13:00:00,99.60675,119.031,99.40725,46.32875,Amber,-0.548777968291984,0,0.0,0.0,0,0
2024-09-07 14:00:00,99.59275,121.36275,99.41825,33.548,Amber,-0.4901609346364884,0,0.0,0.0,0,0
2024-09-07 15:00:00,99.70975,110.44325,99.571,31.43975,Green,0.5256226194680325,0,0.0,0.0,0,0
2024-09-07 16:00:00,99.27825,98.5315,99.54825,24.56525,Amber,-1.9393589521798804,0,0.0,0.1197,0,0
2024-09-07 17:00:00,99.56975,83.18725,99.39925,27.14075,Amber,0.08388316538107238,0,0.0,0.0,0,0
2024-09-07 18:00:00,99.06,73.93825,99.54775,30.98425,Red,-1.6552980621426705,0,0.0,0.3379,0,1
2024-09-07 19:00:00,99.6175,70.7865,99.256,27.5065,Red,0.5878626437809698,0,0.0,0.1184,0,1
2024-09-07 20:00:00,98.9515,66.88775,99.488,28.8325,Red,-1.3110614746506426,0,0.0,0.5648,0,1
2024-09-07 21:00:00,99.49075,58.4705,99.4645,34.593999999999994,Amber,0.5868188270245648,0,0.0,0.472,0,0
2024-09-07 22:00:00,99.47975,43.211999999999996,99.64825,39.87975,Amber,0.418665522014246,0,0.0,0.3901,0,0
2024-09-07 23:00:00,99.24975,45.005250000000004,99.5985,43.24575,Amber,-0.22073899321016746,0,0.0,0.5383,0,0
2024-09-08 00:00:00,99.63125,42.53775,99.28425,43.49625,Amber,0.8749425322032728,0,0.0,0.305,0,0
2024-09-08 01:00:00,99.49325,44.7745,99.48025,47.5975,Amber,0.452264621745193,0,0.0,0.2097,0,0
2024-09-08 02:00:00,99.91275,44.283,99.402,52.79075,Amber,1.6890911699634745,0,0.1026,0.0,0,0
2024-09-08 03:00:00,99.88775,53.0535,99.50825,53.00625,Amber,1.0853255983977061,0,0.1803,0.0,0,0
2024-09-08 04:00:00,99.99,57.1605,99.512,60.873,Amber,1.0274890095956744,0,0.3602,0.0,0,0
2024-09-08 05:00:00,99.96600000000001,70.0605,99.66375000000001,60.022,Amber,0.7521405252417479,0,0.5161,0.0,0,0
2024-09-08 06:00:00,99.68325,80.25725,99.59825000000001,60.665000000000006,Amber,-0.7148003684069667,0,0.3892,0.0,0,0
2024-09-08 07:00:00,99.657,90.28999999999999,99.46875,57.82175,Amber,-1.3378624762956468,0,0.2361,0.0,0,0
2024-09-08 08:00:00,100.0,97.2995,99.66975000000001,56.899,Amber,0.8747486106982943,0,0.426,0.0,0,0
2024-09-08 09:00:00,99.9315,110.40975,99.72025,55.568,Amber,0.3815045306905902,0,0.5474,0.0,0,0
2024-09-08 10:00:00,99.93299999999999,119.65950000000001,99.35625,51.79675,Amber,0.4721947338870987,0,0.6703,0.0,0,0
2024-09-08 11:00:00,99.94024999999999,111.70825,99.57075,49.04175,Green,0.5607280036379859,0,0.8004,0.0,0,0
2024-09-08 12:00:00,99.686,116.7995,99.38125,47.71725,Amber,-1.1703462649490528,0,0.6763,0.0,0,0
2024-09-08 13:00:00,99.72275,117.01599999999999,99.2975,40.8665,Amber,-1.1202708402115915,0,0.5889,0.0,0,0
2024-09-08 14:00:00,99.6235,117.092,99.18075,38.39825,Amber,-1.263296205676622,0,0.4023,0.0,0,0
2024-09-08 15:00:00,99.64025000000001,107.24000000000001,99.66550000000001,33.542500000000004,Amber,-0.8209001127062378,0,0.2325,0.0,0,0
2024-09-08 16:00:00,99.55925,102.252,99.5835,29.852249999999998,Amber,-1.0284826570847294,0,0.0,0.0,0,0
2024-09-08 17:00:00,99.2795,94.25225,99.39175,28.942,Amber,-1.9128905691058622,0,0.0,0.1184,0,0
2024-09-08 18:00:00,99.35475,82.78875000000001,99.34649999999999,30.600250000000003,Amber,-1.0039122742747661,0,0.0,0.1616,0,0
2024-09-08 19:00:00,99.31775,68.13325,99.19425,30.69925,Red,-0.8877586329698376,0,0.0,0.2418,0,1
2024-09-08 20:00:00,99.65275,56.015,99.57025,32.60625,Green,1.0959164782953166,0,0.0,0.0,0,0
2024-09-08 21:00:00,99.8515,58.06425,99.6905,34.87375,Green,1.5502409750844048,0,0.0414,0.0,0,0
2024-09-08 22:00:00,99.6195,38.914500000000004,99.46325,37.4495,Amber,0.4658717334239796,0,0.0,0.0,0,0
2024-09-08 23:00:00,99.727,39.32525,99.7385,38.972,Amber,0.664357816011408,0,0.0,0.0,0,0
2024-09-09 00:00:00,99.42,35.0875,99.4305,43.47025,Amber,-0.9027162326707636,0,0.0,0.0,0,0
2024-09-09 01:00:00,99.42474999999999,39.1425,99.51724999999999,49.21975,Amber,-1.1259264783044058,0,0.0,0.0,0,0
2024-09-09 02:00:00,99.44975,47.261750000000006,99.58824999999999,53.22825,Amber,-0.7317533114862153,0,0.0,0.0,0,0
2024-09-09 03:00:00,99.889,55.21725,99.55025,63.5625,Amber,1.5635090080862764,0,0.0789,0.0,0,0
2024-09-09 04:00:00,99.70425,60.58175,99.414,57.10875,Amber,0.5139034622883341,0,0.0,0.0,0,0
2024-09-09 05:00:00,99.72725,72.89125,99.53625,59.12425,Amber,0.6297104436610337,0,0.0,0.0,0,0
2024-09-09 06:00:00,99.82175000000001,75.07675,99.26175,60.426500000000004,Amber,0.7936690982959919,0,0.0116,0.0,0,0
2024-09-09 07:00:00,99.60375,93.44925,99.5185,57.6365,Amber,-0.6086794591803044,0,0.0,0.0,0,0
2024-09-09 08:00:00,99.63225,100.54,99.40375,60.146499999999996,Amber,-0.8906839122332788,0,0.0,0.0,0,0
2024-09-09 09:00:00,99.67175,105.4725,99.54425,57.267,Amber,-0.28087377510773753,0,0.0,0.0,0,0
2024-09-09 10:00:00,99.74,121.1605,99.73475,53.8225,Amber,0.5082336331561667,0,0.0,0.0,0,0
2024-09-09 11:00:00,99.45,119.02225,99.5995,47.98925,Green,-1.6022137254891335,0,0.0,0.0,0,0
2024-09-09 12:00:00,99.687,122.02475,99.169,41.565,Amber,0.5610606824545568,0,0.0,0.0,0,0
2024-09-09 13:00:00,99.2085,115.124,99.43375,43.91,Red,-1.774362344367237,0,0.0,0.1894,0,1
2024-09-09 14:00:00,99.60675,108.8815,99.51325,41.97525,Amber,0.23108069042515947,0,0.0,0.0,0,0
2024-09-09 15:00:00,99.3715,107.791,99.357,31.29625,Amber,-0.6833137089532962,0,0.0,0.0264,0,0
2024-09-09 16:00:00,99.77975,98.1935,99.49775,33.53125,Amber,1.2324520354460262,0,0.0,0.0,0,0
2024-09-09 17:00:00,99.31949999999999,86.85475,99.37375,33.376,Red,-0.7739454791654398,0,0.0,0.0784,0,1
2024-09-09 18:00:00,99.22875,82.60025,99.326,30.9885,Amber,-0.8379941665896146,0,0.0,0.2476,0,0
2024-09-09 19:00:00,99.45150000000001,74.58325,99.44200000000001,30.622,Amber,-0.04013668600582726,0,0.0,0.194,0,0
2024-09-09 20:00:00,99.55975,54.5185,99.38374999999999,28.66975,Red,0.549625607208533,0,0.0,0.0322,0,1
2024-09-09 21:00:00,99.149,52.72625,99.50875,35.265,Amber,-1.1436549405776522,0,0.0,0.2811,0,0
2024-09-09 22:00:00,99.31975,42.586749999999995,99.491,37.715,Amber,-0.12310591991977873,0,0.0,0.3593,0,0
2024-09-09 23:00:00,99.172,40.314499999999995,99.49924999999999,41.2715,Red,-0.864135593372575,0,0.0,0.5853,0,1
2024-09-10 00:00:00,99.7065,32.60375,99.52425,46.26425,Amber,1.4209485044656895,0,0.0,0.2767,0,0
2024-09-10 01:00:00,99.648,40.9505,99.6825,47.77375,Amber,0.9094394364192183,0,0.0,0.0266,0,0
2024-09-10 02:00:00,99.84975,43.87925,99.3155,53.59,Amber,1.2573455333748618,0,0.0396,0.0,0,0
2024-09-10 03:00:00,99.85675,51.7825,99.476,56.3885,Green,0.9317621436242788,0,0.0863,0.0,0,0
2024-09-10 04:00:00,99.8505,57.088,99.45875000000001,58.56875,Amber,0.643223222897715,0,0.1267,0.0,0,0
2024-09-10 05:00:00,99.7915,65.51825,99.447,57.45425,Amber,0.08726080457712733,0,0.1081,0.0,0,0
2024-09-10 06:00:00,100.0,79.54825,99.29025,61.98075,Amber,1.4670289402867622,0,0.298,0.0,0,0
2024-09-10 07:00:00,99.855,89.5975,99.22800000000001,57.6255,Amber,-0.17605315631484714,0,0.3428,0.0,0,0
2024-09-10 08:00:00,99.6975,101.66325,99.50150000000001,57.6175,Amber,-1.4605968643517637,0,0.2302,0.0,0,0
2024-09-10 09:00:00,99.45700000000001,111.11175,99.41425,54.38775,Amber,-1.7253066267705783,0,0.0,0.0,0,0
2024-09-10 10:00:00,99.935,113.107,99.38475,48.293,Amber,0.7496354389091323,0,0.1249,0.0,0,0
2024-09-10 11:00:00,99.8355,117.17,99.65525,47.8085,Green,0.19889759488852915,0,0.1503,0.0,0,0
2024-09-10 12:00:00,99.48175,116.18625,99.4125,43.86425,Amber,-1.1323853625446736,0,0.0,0.0,0,0
2024-09-10 13:00:00,99.54825,126.0665,99.26725,36.8645,Amber,-0.5641163896228241,0,0.0,0.0,0,0
2024-09-10 14:00:00,99.45275,113.98325,99.49725000000001,37.351,Amber,-0.78171607445096,0,0.0,0.0,0,0
2024-09-10 15:00:00,99.31275,105.75575,99.5065,31.845,Amber,-1.1725539405100374,0,0.0,0.0852,0,0
2024-09-10 16:00:00,99.506,99.49600000000001,99.4375,35.138999999999996,Green,-0.09737431980776813,0,0.0,0.0,0,0
2024-09-10 17:00:00,99.261,86.38075,99.3795,26.16725,Amber,-1.4542750829008164,0,0.0,0.1369,0,0
2024-09-10 18:00:00,99.12675,81.51175,99.607,27.9495,Red,-1.487551487625965,0,0.0,0.4081,0,1
2024-09-10 19:00:00,99.54575,71.4615,99.52875,30.26075,Amber,1.1032414598119389,0,0.0,0.2603,0,0
2024-09-10 20:00:00,99.31975,64.48400000000001,99.47375,34.47,Amber,-0.16338751294969686,0,0.0,0.3385,0,0
2024-09-10 21:00:00,99.39750000000001,55.6745,99.422,38.99875,Red,0.24249533527507208,0,0.0,0.3389,0,1
2024-09-10 22:00:00,99.37875,43.94925,99.4265,41.35275,Amber,0.28745949033110696,0,0.0,0.3581,0,0
2024-09-10 23:00:00,99.43475,38.18875,99.5385,38.8085,Amber,0.48352142714370244,0,0.0,0.3213,0,0
2024-09-11 00:00:00,99.86375000000001,43.2345,99.58224999999999,41.68325,Green,1.8886322760061756,0,0.0536,0.0,0,0
2024-09-11 01:00:00,99.8935,37.71725,99.5755,47.5655,Amber,1.334210007653991,0,0.137,0.0,0,0
2024-09-11 02:00:00,99.719,44.27325,99.6095,52.28425,Amber,0.43686615320182137,0,0.0459,0.0,0,0
2024-09-11 03:00:00,99.896,47.106,99.373,60.79375,Amber,0.8434869044561134,0,0.1318,0.0,0,0
2024-09-11 04:00:00,99.88325,63.11475,99.2615,59.44225,Amber,0.5557544876782962,0,0.205,0.0,0,0
2024-09-11 05:00:00,100.0,71.382,99.481,60.25125,Amber,1.3713780607781296,0,0.3948,0.0,0,0
2024-09-11 06:00:00,99.99925,75.278,99.61625000000001,62.736,Amber,0.9791536893954911,0,0.584,0.0,0,0
2024-09-11 07:00:00,99.32825,87.1565,99.709,60.863749999999996,Amber,-1.867632429059873,0,0.1021,0.0697,0,0
2024-09-11 08:00:00,99.6575,104.2675,99.239,60.2505,Red,-0.5247812054196065,0,0.0,0.0,0,1
2024-09-11 09:00:00,100.0,107.604,99.64375,50.28575,Green,0.6946120521127609,0,0.1899,0.0,0,0
2024-09-11 10:00:00,99.33924999999999,113.594,99.55525,52.53,Red,-1.1638458240965976,0,0.0,0.0587,0,1
2024-09-11 11:00:00,99.39,122.48475,99.33125,46.804500000000004,Amber,-0.7196521914164554,0,0.0,0.0666,0,0
2024-09-11 12:00:00,99.94375,122.22325000000001,99.3075,46.722,Amber,1.092939655285281,0,0.1336,0.0,0,0
2024-09-11 13:00:00,99.5685,117.02825,99.61825,38.40175,Amber,-0.2951618093064805,0,0.0,0.0,0,0
2024-09-11 14:00:00,99.19525,105.11574999999999,99.53675,36.87425,Amber,-1.1376819273340226,0,0.0,0.2027,0,0
2024-09-11 15:00:00,99.31525,106.79025,99.61825,34.67175,Amber,-0.5372493347539047,0,0.0,0.2854,0,0
2024-09-11 16:00:00,99.75175,102.659,99.4915,27.00975,Amber,0.7935553417286098,0,0.0,0.0,0,0
2024-09-11 17:00:00,99.31275,86.71525,99.5465,30.70025,Amber,-0.6915027343612591,0,0.0,0.0852,0,0
2024-09-11 18:00:00,99.10075,81.82775,99.67175,32.49225,Amber,-1.126374045605233,0,0.0,0.3824,0,0
2024-09-11 19:00:00,99.55,71.2615,99.46025,27.60725,Amber,0.7467387101376651,0,0.0,0.2303,0,0
2024-09-11 20:00:00,99.5685,55.3475,99.31725,35.01025,Amber,0.5798470458603525,0,0.0,0.0597,0,0
2024-09-11 21:00:00,99.53675,55.010999999999996,99.528,32.74475,Amber,0.29178425801108465,0,0.0,0.0,0,0
2024-09-11 22:00:00,99.64775,45.76675,99.42475,39.21775,Amber,0.9482555112030066,0,0.0,0.0,0,0
2024-09-11 23:00:00,99.404,38.47275,99.5725,43.52775,Amber,-0.32568327959372084,0,0.0,0.0,0,0
2024-09-12 00:00:00,99.6705,48.1425,99.6345,41.926,Amber,1.1351877412971683,0,0.0,0.0,0,0
2024-09-12 01:00:00,99.9385,42.9765,99.76650000000001,53.716499999999996,Amber,1.7340992271291695,0,0.1284,0.0,0,0
2024-09-12 02:00:00,99.754,49.22725,99.387,54.845,Amber,0.5215145273609403,0,0.0723,0.0,0,0
2024-09-12 03:00:00,99.242,54.895,99.51725,54.9005,Amber,-1.4719737804091586,0,0.0,0.1559,0,0
2024-09-12 04:00:00,99.86225,56.472750000000005,99.3775,61.506249999999994,Amber,0.8018139378226414,0,0.0521,0.0,0,0
2024-09-12 05:00:00,99.90525,73.56825,99.48525,60.71575,Amber,0.6829748950002241,0,0.1473,0.0,0,0
2024-09-12 06:00:00,99.79525,82.46475,99.79599999999999,62.5295,Amber,0.1772863206926084,0,0.1324,0.0,0,0
2024-09-12 07:00:00,99.83275,85.4525,99.65025,56.58475,Amber,0.41047824796015664,0,0.1551,0.0,0,0
2024-09-12 08:00:00,99.76425,93.6435,99.59575,54.5025,Amber,0.12455857726556807,0,0.1092,0.0,0,0
2024-09-12 09:00:00,99.535,117.7595,99.468,52.47275,Amber,-1.890101417414463,0,0.0,0.0,0,0
2024-09-12 10:00:00,99.3325,112.21975,99.36925,50.73825,Amber,-1.6681450731644203,0,0.0,0.0654,0,0
2024-09-12 11:00:00,99.667,117.61824999999999,99.49775,49.65775,Amber,0.06578153549099659,0,0.0,0.0,0,0
2024-09-12 12:00:00,99.83825,117.8945,99.2265,48.17375,Amber,0.8934638671872129,0,0.0281,0.0,0,0
2024-09-12 13:00:00,99.462,124.48125,99.4705,43.460750000000004,Amber,-0.7203576848112807,0,0.0,0.0,0,0
2024-09-12 14:00:00,99.10875,113.04275,99.363,41.9565,Amber,-1.4963576607844171,0,0.0,0.2892,0,0
2024-09-12 15:00:00,99.4435,112.38725,99.5395,30.9665,Amber,-0.12497207627682166,0,0.0,0.2436,0,0
2024-09-12 16:00:00,99.44975,100.94024999999999,99.51724999999999,31.5785,Amber,-0.18349489444571254,0,0.0,0.1918,0,0
2024-09-12 17:00:00,99.4085,90.2195,99.5,29.8205,Amber,-0.18661624461600923,0,0.0,0.1812,0,0
2024-09-12 18:00:00,99.61825,83.113,99.72075000000001,32.177499999999995,Amber,1.2166419287832453,0,0.0,0.0,0,0
2024-09-12 19:00:00,99.6335,68.99925,99.46424999999999,35.794250000000005,Green,1.0004040039434798,0,0.0,0.0,0,0
2024-09-12 20:00:00,99.685,59.36275,99.53475,30.67625,Amber,1.222017142916991,0,0.0,0.0,0,0
2024-09-12 21:00:00,99.5495,51.00375,99.3955,36.092,Amber,-0.07251236767343765,0,0.0,0.0,0,0
2024-09-12 22:00:00,99.56575000000001,51.52825,99.279,39.3255,Red,-0.11489228540404284,0,0.0,0.0,0,1
2024-09-12 23:00:00,99.67525,47.325,99.499,42.494,Green,0.9747945166787793,0,0.0,0.0,0,0
2024-09-13 00:00:00,99.90875,43.918,99.46000000000001,50.32675,Amber,1.8451765871013102,0,0.0986,0.0,0,0
2024-09-13 01:00:00,99.9235,40.895,99.417,44.214749999999995,Green,1.2597610928047687,0,0.212,0.0,0,0
2024-09-13 02:00:00,99.81225,42.2545,99.49775,50.37825,Amber,0.43957468481450457,0,0.2142,0.0,0,0
2024-09-13 03:00:00,99.78225,53.044,99.70325,59.247,Amber,0.03112444747455256,0,0.1863,0.0,0,0
2024-09-13 04:00:00,99.68525,55.33275,99.70575,59.366749999999996,Amber,-1.0618671947235983,0,0.0615,0.0,0,0
2024-09-13 05:00:00,99.8455,69.0875,99.57625,61.58475,Amber,0.21895541286559092,0,0.0968,0.0,0,0
2024-09-13 06:00:00,99.95675,87.084,99.41925,62.908500000000004,Amber,1.2439608437259466,0,0.2435,0.0,0,0
2024-09-13 07:00:00,99.93525,89.4085,99.423,55.835,Amber,0.9835575286390813,0,0.3686,0.0,0,0
2024-09-13 08:00:00,99.20474999999999,105.536,99.44,55.00975,Amber,-1.9049183394326001,0,0.0,0.1932,0,0
2024-09-13 09:00:00,99.80375000000001,108.95625,99.73875000000001,52.101,Amber,0.2335507180898159,0,0.0,0.0,0,0
2024-09-13 10:00:00,99.76525000000001,115.47625,99.425,48.6425,Amber,0.04810146031658782,0,0.0,0.0,0,0
2024-09-13 11:00:00,99.77025,108.345,99.37925,45.5165,Amber,0.11256055325018734,0,0.0,0.0,0,0
2024-09-13 12:00:00,99.91575,112.848,99.40375,43.559,Amber,0.6821915139261409,0,0.1056,0.0,0,0
2024-09-13 13:00:00,99.5685,113.72225,99.5655,40.6415,Amber,-0.40403562902506895,0,0.0,0.0,0,0
2024-09-13 14:00:00,99.40625,111.07475,99.31275,34.64975,Amber,-1.6202661555276128,0,0.0,0.0,0,0
2024-09-13 15:00:00,99.12225000000001,111.00925000000001,99.51975,35.21975,Amber,-1.6141815185605501,0,0.0,0.2757,0,0
2024-09-13 16:00:00,99.2795,104.178,99.39,33.402249999999995,Amber,-0.769697645023236,0,0.0,0.3941,0,0
2024-09-13 17:00:00,98.82975,87.94975000000001,99.73225,29.4275,Red,-1.401830079412822,0,0.0,0.9623,0,1
2024-09-13 18:00:00,99.22725,80.2115,99.61125,27.851,Amber,-0.04615715409414816,0,0.0,1.133,0,0
2024-09-13 19:00:00,99.06075,75.67075,99.4295,31.4345,Red,-0.46819190685364376,0,0.0,1.4701,0,1
2024-09-13 20:00:00,99.7685,60.79525,99.52475,33.31575,Green,1.766480747386939,0,0.0,1.0996,0,0
2024-09-13 21:00:00,99.16125,48.31125,99.56450000000001,39.543,Amber,-0.1922729985943229,0,0.0,1.3363,0,0
2024-09-13 22:00:00,99.42875000000001,40.599000000000004,99.41125,40.1505,Amber,0.5657284859607872,0,0.0,1.3054,0,0
2024-09-13 23:00:00,99.5515,47.36625,99.63,43.78525,Amber,0.6952069229041731,0,0.0,1.1519,0,0
2024-09-14 00:00:00,99.53925,43.81325,99.45575,44.24275,Amber,0.4576520021562593,0,0.0,1.0105,0,0
2024-09-14 01:00:00,99.737,39.419,99.634,51.34675,Green,0.9275883662098734,0,0.0,0.6715,0,0
2024-09-14 02:00:00,99.69375,42.204750000000004,99.49925,49.08175,Amber,0.8434410013692367,0,0.0,0.3756,0,0
2024-09-14 03:00:00,99.996,57.4835,99.3435,57.89825,Amber,1.6924658743545227,0,0.1859,0.0,0,0
2024-09-14 04:00:00,99.52675,58.53075,99.05875,57.8385,Red,-0.816049882563774,0,0.0,0.0,0,1
2024-09-14 05:00:00,99.57849999999999,80.58425,99.4735,63.406,Amber,-0.5647842181106003,0,0.0,0.0,0,0
2024-09-14 06:00:00,99.84649999999999,82.9005,99.268,56.646249999999995,Amber,0.6741603414093271,0,0.0364,0.0,0,0
2024-09-14 07:00:00,99.833,92.9325,99.62100000000001,56.26125,Amber,0.489234062954424,0,0.0593,0.0,0,0
2024-09-14 08:00:00,99.68,104.45425,99.3245,54.47175,Amber,-0.35406490709160876,0,0.0,0.0,0,0
2024-09-14 09:00:00,99.59325,110.011,99.54825,55.9655,Amber,-0.6112904543983331,0,0.0,0.0,0,0
2024-09-14 10:00:00,99.52799999999999,119.57125,99.58375,48.02225,Green,-1.0951153831632077,0,0.0,0.0,0,0
2024-09-14 11:00:00,99.48975,118.88775000000001,99.28375,47.99325,Red,-1.1294421694919479,0,0.0,0.0,0,1
2024-09-14 12:00:00,99.62225000000001,120.501,99.63075,42.912,Green,-0.017350106336622304,0,0.0,0.0,0,0
2024-09-14 13:00:00,99.37950000000001,123.447,99.6585,40.7195,Amber,-1.5832553601054304,0,0.0,0.0184,0,0
2024-09-14 14:00:00,99.5715,120.8985,99.40899999999999,35.55475,Amber,0.4648389159820827,0,0.0,0.0,0,0
2024-09-14 15:00:00,99.55475,104.74925,99.42725,35.05875,Amber,0.36444425074971404,0,0.0,0.0,0,0
2024-09-14 16:00:00,99.34100000000001,101.195,99.398,33.791,Amber,-1.3587182131854916,0,0.0,0.0569,0,0
2024-09-14 17:00:00,99.22475,88.55,99.69225,31.6705,Amber,-1.429574550388639,0,0.0,0.2301,0,0
2024-09-14 18:00:00,99.17225,81.13475,99.19425000000001,28.737000000000002,Amber,-1.2240507587738036,0,0.0,0.4558,0,0
2024-09-14 19:00:00,99.27225,79.2855,99.28325,32.1915,Amber,-0.49369879306996384,0,0.0,0.5815,0,0
2024-09-14 20:00:00,99.7285,65.85249999999999,99.6745,29.966749999999998,Amber,1.6062032679246132,0,0.0,0.2509,0,0
2024-09-14 21:00:00,99.37675,55.789500000000004,99.40875,33.70225,Red,0.12164298360179342,0,0.0,0.2721,0,1
2024-09-14 22:00:00,99.673,42.2415,99.6605,40.4035,Green,1.1171762197550923,0,0.0,0.0,0,0
2024-09-14 23:00:00,99.65725,39.44775,99.56825,36.47525,Amber,0.7504269699768178,0,0.0,0.0,0,0
2024-09-15 00:00:00,99.69325,36.4705,99.30199999999999,48.454,Amber,0.6581437341666608,0,0.0,0.0,0,0
2024-09-15 01:00:00,99.62725,39.791250000000005,99.6985,52.93175,Amber,0.009861092053427814,0,0.0,0.0,0,0
2024-09-15 02:00:00,99.919,46.57325,99.39875,52.951,Amber,1.5101615633678431,0,0.1089,0.0,0,0
2024-09-15 03:00:00,99.95750000000001,52.719,99.64975,56.066500000000005,Green,1.4051486596491107,0,0.2563,0.0,0,0
2024-09-15 04:00:00,99.833,57.93475,99.638,55.08125,Amber,0.36704329596362484,0,0.2792,0.0,0,0
2024-09-15 05:00:00,100.0,75.1805,99.366,64.8965,Amber,1.077884501591486,0,0.4691,0.0,0,0
2024-09-15 06:00:00,99.82875,81.5875,99.41675,59.679500000000004,Amber,-0.24183365647312705,0,0.4877,0.0,0,0
2024-09-15 07:00:00,99.997,87.66550000000001,99.68925,60.7615,Amber,0.9678395767138942,0,0.6746,0.0,0,0
2024-09-15 08:00:00,99.8095,99.00775,99.34525000000001,63.95425,Amber,-1.0550585565296395,0,0.674,0.0,0,0
2024-09-15 09:00:00,99.5545,118.99725000000001,99.511,53.35425,Amber,-1.7340883524693806,0,0.4184,0.0,0,0
2024-09-15 10:00:00,99.88925,122.04325,99.51375,47.97975,Amber,0.2601796423133555,0,0.4975,0.0,0,0
2024-09-15 11:00:00,99.549,126.53875,99.526,47.411500000000004,Amber,-1.2200951824779427,0,0.2364,0.0,0,0
2024-09-15 12:00:00,99.3175,124.15375,99.492,46.814750000000004,Amber,-1.4455610155289524,0,0.0,0.0804,0,0
2024-09-15 13:00:00,99.124,119.68075,99.634,39.299,Amber,-1.441864522992654,0,0.0,0.3544,0,0
2024-09-15 14:00:00,99.59049999999999,118.90625,99.6325,37.23825,Amber,0.33140008946951793,0,0.0,0.1618,0,0
2024-09-15 15:00:00,99.40075,108.12425,99.29375,35.257999999999996,Red,-0.29647678055107296,0,0.0,0.159,0,1
2024-09-15 16:00:00,99.496,101.038,99.2145,27.665,Amber,0.4799493904201335,0,0.0,0.0609,0,0
2024-09-15 17:00:00,99.31475,96.89425,99.6875,28.1155,Amber,-0.36459533007511546,0,0.0,0.1441,0,0
2024-09-15 18:00:00,99.703,82.121,99.223,28.99625,Amber,1.286086038449451,0,0.0,0.0,0,0
2024-09-15 19:00:00,99.4105,75.87774999999999,99.46675,28.02175,Amber,-0.5322034656373419,0,0.0,0.0,0,0
2024-09-15 20:00:00,99.40025,61.427499999999995,99.7405,33.1445,Amber,-0.4004673562981116,0,0.0,0.0,0,0
2024-09-15 21:00:00,99.52975,50.764,99.5035,37.7635,Amber,0.40091969222598145,0,0.0,0.0,0,0
2024-09-15 22:00:00,99.86075,41.95775,99.84174999999999,40.735749999999996,Green,1.5581776107552119,0,0.0506,0.0,0,0
2024-09-15 23:00:00,99.36,35.07025,99.55025,45.507,Amber,-0.9244778464525749,0,0.0,0.0379,0,0
2024-09-16 00:00:00,99.58925,39.41,99.431,47.5785,Amber,0.3451852058917138,0,0.0,0.0,0,0
2024-09-16 01:00:00,99.64675,41.56825,99.594,52.458999999999996,Amber,0.45279827759524693,0,0.0,0.0,0,0
2024-09-16 02:00:00,99.56675,42.1475,99.5375,55.8755,Amber,-0.15576276500885453,0,0.0,0.0,0,0
2024-09-16 03:00:00,99.63974999999999,53.9965,99.394,53.5055,Amber,0.18120473307083035,0,0.0,0.0,0,0
2024-09-16 04:00:00,99.84649999999999,58.554,99.78275,59.03075,Amber,1.519873894279799,0,0.0364,0.0,0,0
2024-09-16 05:00:00,99.931,76.8985,99.415,58.47975,Amber,1.5263264319970036,0,0.1573,0.0,0,0
2024-09-16 06:00:00,99.77475,80.1805,99.56625,55.91225,Amber,0.2898873535206621,0,0.1219,0.0,0,0
2024-09-16 07:00:00,99.9205,94.52850000000001,99.35175,55.93275,Amber,0.9390178083328226,0,0.2323,0.0,0,0
2024-09-16 08:00:00,99.792,103.19624999999999,99.63850000000001,56.09675,Amber,-0.2351680030323954,0,0.2142,0.0,0,0
2024-09-16 09:00:00,99.71575,105.03925,99.5685,52.7245,Green,-1.3434610024908802,0,0.1198,0.0,0,0
2024-09-16 10:00:00,99.42824999999999,121.01775,99.28875,48.57575,Amber,-1.8105001441528517,0,0.0,0.0,0,0
2024-09-16 11:00:00,99.565,119.9395,99.2695,46.688,Amber,-0.7632218300022648,0,0.0,0.0,0,0
2024-09-16 12:00:00,99.619,121.02525,99.0755,43.14875,Amber,-0.3123823093049049,0,0.0,0.0,0,0
2024-09-16 13:00:00,99.34575000000001,118.306,99.6185,38.2825,Green,-1.3711758056627485,0,0.0,0.0522,0,0
2024-09-16 14:00:00,99.193,110.15424999999999,99.5175,40.966750000000005,Red,-1.4799017800148346,0,0.0,0.2571,0,1
2024-09-16 15:00:00,99.61925,116.1275,99.55475,31.983,Amber,0.9188041766467315,0,0.0,0.0358,0,0
2024-09-16 16:00:00,99.544,96.65525,99.14750000000001,32.776250000000005,Amber,0.3632241527163257,0,0.0,0.0,0,0
2024-09-16 17:00:00,99.81700000000001,89.0355,99.49549999999999,31.813250000000004,Amber,1.3263317380787687,0,0.0069,0.0,0,0
2024-09-16 18:00:00,99.66475,75.397,99.1815,32.6465,Amber,0.5925196327529152,0,0.0,0.0,0,0
2024-09-16 19:00:00,99.7195,69.17025,99.41725,33.367000000000004,Amber,0.5846117980940382,0,0.0,0.0,0,0
2024-09-16 20:00:00,99.4745,55.40675,99.3095,35.044,Amber,-1.347262886454399,0,0.0,0.0,0,0
2024-09-16 21:00:00,99.59174999999999,57.4435,99.54775000000001,32.5085,Amber,-0.3503947644471862,0,0.0,0.0,0,0
2024-09-16 22:00:00,99.2355,46.09425,99.507,39.37175,Amber,-1.688980542774278,0,0.0,0.1624,0,0
2024-09-16 23:00:00,99.205,39.952749999999995,99.568,39.84225,Red,-1.2651578968110633,0,0.0,0.3554,0,1
2024-09-17 00:00:00,99.47975,44.986000000000004,99.49725,45.555,Green,0.14366458267203117,0,0.0,0.2735,0,0
2024-09-17 01:00:00,99.63025,41.751,99.428,46.36725,Amber,1.0887749030571188,0,0.0,0.0412,0,0
2024-09-17 02:00:00,99.71600000000001,38.17075,99.48949999999999,57.247,Amber,1.126887762595421,0,0.0,0.0,0,0
2024-09-17 03:00:00,99.77875,47.52575,99.381,56.598,Amber,1.1102111320855008,0,0.0,0.0,0,0
2024-09-17 04:00:00,99.82900000000001,55.853,99.43350000000001,55.8845,Amber,0.9594480166324214,0,0.0189,0.0,0,0
2024-09-17 05:00:00,99.885,70.689,99.53325000000001,61.389250000000004,Amber,1.1222913538450658,0,0.0938,0.0,0,0
2024-09-17 06:00:00,100.0,78.97525,99.83475,62.65925,Amber,1.4916854921351426,0,0.2837,0.0,0,0
2024-09-17 07:00:00,99.74175,90.19125,99.181,59.3715,Amber,-0.7931718419936058,0,0.2153,0.0,0,0
2024-09-17 08:00:00,99.73675,100.4245,99.848,57.88225,Green,-0.9086641665754257,0,0.142,0.0,0,0
2024-09-17 09:00:00,99.9105,103.87425,99.28125,55.330749999999995,Amber,0.5862753858220962,0,0.2423,0.0,0,0
2024-09-17 10:00:00,99.792,115.93975,99.50399999999999,53.473,Green,-0.4985247656448722,0,0.2242,0.0,0,0
2024-09-17 11:00:00,99.73625,125.27525,99.5795,48.603,Amber,-0.7513780759376613,0,0.1504,0.0,0,0
2024-09-17 12:00:00,99.52225,114.798,99.62174999999999,43.1385,Amber,-1.7292899309509828,0,0.0,0.0,0,0
2024-09-17 13:00:00,99.5565,113.646,99.7075,36.32625,Amber,-1.0420928121094644,0,0.0,0.0,0,0
2024-09-17 14:00:00,99.20475,115.5185,99.65425,34.0945,Red,-1.659826860080934,0,0.0,0.1932,0,1
2024-09-17 15:00:00,99.399,112.489,99.293,29.8645,Amber,-0.6282503034261595,0,0.0,0.1921,0,0
2024-09-17 16:00:00,99.4375,96.74875,99.53475,33.445499999999996,Amber,-0.21727001371399543,0,0.0,0.1525,0,0
2024-09-17 17:00:00,98.99799999999999,93.4975,99.23525,29.9365,Red,-1.6649349020518092,0,0.0,0.5525,0,1
2024-09-17 18:00:00,99.19525,79.0815,99.65175,33.2565,Amber,-0.5090035586631061,0,0.0,0.7551,0,0
2024-09-17 19:00:00,99.15825,70.42625,99.66325,33.266999999999996,Amber,-0.45396924605891337,0,0.0,0.9948,0,0
2024-09-17 20:00:00,99.46725,62.19525,99.76375,35.16375,Amber,1.021608287935043,0,0.0,0.9255,0,0
2024-09-17 21:00:00,99.56,52.38775,99.43675,39.918,Amber,1.1825173245460983,0,0.0,0.7634,0,0
2024-09-17 22:00:00,99.69775,45.26375,99.53425,39.71525,Amber,1.304609026340158,0,0.0,0.4636,0,0
2024-09-17 23:00:00,99.68775,47.08625,99.275,47.514250000000004,Amber,0.9587251818008387,0,0.0,0.1738,0,0
2024-09-18 00:00:00,99.58375,39.06375,99.37225,47.10025,Amber,0.29063312547592324,0,0.0,0.0,0,0
2024-09-18 01:00:00,99.64525,40.088499999999996,99.614,47.65725,Amber,0.4363807799183156,0,0.0,0.0,0,0
2024-09-18 02:00:00,99.58775,49.856,99.583,50.2065,Amber,-0.6752519565339631,0,0.0,0.0,0,0
2024-09-18 03:00:00,99.82625,45.2055,99.488,54.756,Amber,1.724551786282682,0,0.0161,0.0,0,0
2024-09-18 04:00:00,99.87049999999999,58.2625,99.262,60.865750000000006,Amber,1.397234515896382,0,0.0765,0.0,0,0
2024-09-18 05:00:00,99.957,66.42375,99.43975,62.81425,Amber,1.3246086620961985,0,0.2234,0.0,0,0
2024-09-18 06:00:00,99.78975,87.0005,99.162,60.61024999999999,Amber,0.07423916785622783,0,0.2031,0.0,0,0
2024-09-18 07:00:00,99.957,101.00375,99.571,60.702749999999995,Amber,0.9152116656919835,0,0.35,0.0,0,0
2024-09-18 08:00:00,99.73275,99.73225,99.4885,59.194,Amber,-1.354757247012599,0,0.2726,0.0,0,0
2024-09-18 09:00:00,99.87425,110.8505,99.1575,56.046,Amber,0.1194488568251381,0,0.3367,0.0,0,0
2024-09-18 10:00:00,99.72025,106.701,99.239,47.732749999999996,Amber,-1.108434265938688,0,0.2469,0.0,0,0
2024-09-18 11:00:00,99.81,119.666,99.45375,45.716499999999996,Amber,-0.04468018397520773,0,0.2468,0.0,0,0
2024-09-18 12:00:00,98.87625,115.56075,99.62975,43.75075,Amber,-1.9890469299406524,0,0.0,0.5217,0,0
2024-09-18 13:00:00,99.8575,117.722,99.853,38.02775,Green,0.5559775524268744,0,0.0474,0.0621,0,0
2024-09-18 14:00:00,99.41775,118.67,99.30625,33.3695,Amber,-0.44960350341234634,0,0.0,0.0423,0,0
2024-09-18 15:00:00,99.5155,103.0545,99.479,34.480000000000004,Amber,-0.04775077779090293,0,0.0,0.0,0,0
2024-09-18 16:00:00,99.32325,103.50575,99.611,29.06125,Amber,-0.3995554093864628,0,0.0,0.0747,0,0
2024-09-18 17:00:00,99.59375,85.5735,99.53925,28.823249999999998,Amber,0.49853112442859826,0,0.0,0.0,0,0
2024-09-18 18:00:00,99.6195,79.82,99.387,28.7715,Amber,0.35097469811373394,0,0.0,0.0,0,0
2024-09-18 19:00:00,99.54425,72.8745,99.3775,29.857750000000003,Amber,0.37271233745625065,0,0.0,0.0,0,0
2024-09-18 20:00:00,99.71625,59.295500000000004,99.68299999999999,28.33275,Amber,1.2445713148028281,0,0.0,0.0,0,0
2024-09-18 21:00:00,99.51725,45.4845,99.49625,28.801,Amber,-0.26647998468597894,0,0.0,0.0,0,0
2024-09-18 22:00:00,99.4135,47.62375,99.547,38.06575,Amber,-1.5049246221028985,0,0.0,0.0,0,0
2024-09-18 23:00:00,99.59075,43.77275,99.6735,44.22925,Amber,0.23336710620704135,0,0.0,0.0,0,0
2024-09-19 00:00:00,99.6755,40.84375,99.64875,46.22625,Amber,0.9011311287646003,0,0.0,0.0,0,0
2024-09-19 01:00:00,99.31425,49.10675,99.58025,49.911500000000004,Green,-1.4470414375726413,0,0.0,0.0837,0,0
2024-09-19 02:00:00,99.28,39.507999999999996,99.451,53.675,Red,-1.1834654745721154,0,0.0,0.2016,0,1
2024-09-19 03:00:00,99.8455,51.545,99.612,53.8405,Green,1.4666173164283771,0,0.0354,0.0,0,0
2024-09-19 04:00:00,99.92675,63.31675,99.64325,55.1305,Green,1.2029161956640275,0,0.152,0.0,0,0
2024-09-19 05:00:00,99.58425,70.187,99.48725,55.41225,Green,-0.07532410964546528,0,0.0,0.0,0,0
2024-09-19 06:00:00,99.836,82.27674999999999,99.60075,58.523250000000004,Amber,0.7232400717115259,0,0.0259,0.0,0,0
2024-09-19 07:00:00,99.8785,90.166,99.48875,58.727500000000006,Amber,0.6168550351785913,0,0.0943,0.0,0,0
2024-09-19 08:00:00,99.83275,105.61975,99.56775,59.50425,Amber,0.12934083256765366,0,0.1169,0.0,0,0
2024-09-19 09:00:00,99.72625,107.924,99.3125,54.81325,Amber,-0.5751849997163635,0,0.0331,0.0,0,0
2024-09-19 10:00:00,99.5895,119.62675,99.376,52.05675,Amber,-1.169832571242083,0,0.0,0.0,0,0
2024-09-19 11:00:00,99.49799999999999,113.0315,99.703,44.09225,Green,-1.4936088780269305,0,0.0,0.0,0,0
2024-09-19 12:00:00,99.42,123.22749999999999,99.606,41.84025,Amber,-1.2851903076089612,0,0.0,0.0,0,0
2024-09-19 13:00:00,99.456,116.39825,99.47825,43.57325,Amber,-0.804447056989723,0,0.0,0.0,0,0
2024-09-19 14:00:00,99.46525,120.2975,99.54575,35.776,Amber,-0.5324057010757742,0,0.0,0.0,0,0
2024-09-19 15:00:00,99.47375,109.47675000000001,99.6805,32.65175,Green,-0.17322670541792726,0,0.0,0.0,0,0
2024-09-19 16:00:00,99.19325,103.33075,99.45750000000001,28.24775,Amber,-1.9886056694516785,0,0.0,0.2047,0,0
2024-09-19 17:00:00,99.574,91.615,99.58,23.74275,Amber,1.1303915142124212,0,0.0,0.0286,0,0
2024-09-19 18:00:00,99.40375,77.41425,99.3295,22.9095,Amber,-0.1875882237647197,0,0.0,0.0228,0,0
2024-09-19 19:00:00,99.255,66.6765,99.42875000000001,32.6855,Amber,-0.9670271774617549,0,0.0,0.1657,0,0
2024-09-19 20:00:00,99.44125,61.24525,99.64925,32.708749999999995,Green,0.3600971677854742,0,0.0,0.1224,0,0
2024-09-19 21:00:00,99.7075,61.123999999999995,99.23925,33.743,Amber,1.4463083774261094,0,0.0,0.0,0,0
2024-09-19 22:00:00,99.776,49.3605,99.7235,38.573750000000004,Green,1.2701595026428734,0,0.0,0.0,0,0
2024-09-19 23:00:00,99.481,47.68775,99.605,42.24375,Amber,-0.1519596562292451,0,0.0,0.0,0,0
2024-09-20 00:00:00,99.7115,50.119749999999996,99.24025,46.29925,Amber,0.7386500193836761,0,0.0,0.0,0,0
2024-09-20 01:00:00,99.85425000000001,47.107749999999996,99.33175,50.54025,Amber,1.16632892550723,0,0.0441,0.0,0,0
2024-09-20 02:00:00,99.679,42.550749999999994,99.626,56.2765,Green,-0.18030989215863147,0,0.0,0.0,0,0
2024-09-20 03:00:00,99.53025,54.356,99.5415,57.645,Amber,-0.991407158958966,0,0.0,0.0,0,0
2024-09-20 04:00:00,99.88825,65.82525,99.6335,60.10025,Amber,1.1974974095613924,0,0.0781,0.0,0,0
2024-09-20 05:00:00,99.894,63.85525,99.68425,60.1405,Amber,0.9279205048077886,0,0.162,0.0,0,0
2024-09-20 06:00:00,99.934,77.8835,99.14274999999999,61.169,Amber,0.8693197519836404,0,0.2859,0.0,0,0
2024-09-20 07:00:00,99.846,82.6705,99.64625000000001,59.07125,Amber,0.3223060170856058,0,0.3218,0.0,0,0
2024-09-20 08:00:00,99.82675,91.33275,99.536,57.369,Amber,0.04682038849100103,0,0.3385,0.0,0,0
2024-09-20 09:00:00,99.7195,106.293,99.48525000000001,58.0865,Amber,-1.7618720060367077,0,0.2478,0.0,0,0
2024-09-20 10:00:00,99.54075,116.93825000000001,99.4435,45.67625,Amber,-1.7604724110699135,0,0.0,0.0,0,0
2024-09-20 11:00:00,99.746,114.0475,99.44375,43.74275,Amber,-0.16872781069047596,0,0.0,0.0,0,0
2024-09-20 12:00:00,99.8625,119.1405,99.4215,45.3575,Amber,0.8785954094113092,0,0.0524,0.0,0,0
2024-09-20 13:00:00,99.5275,122.18674999999999,99.6755,41.22,Amber,-1.2468853911134703,0,0.0,0.0,0,0
2024-09-20 14:00:00,99.26124999999999,117.75425,99.75425,40.27825,Amber,-1.6331200579019878,0,0.0,0.1367,0,0
2024-09-20 15:00:00,99.2115,108.65899999999999,99.37275,30.15925,Amber,-1.2184085143337031,0,0.0,0.3231,0,0
2024-09-20 16:00:00,99.33675,98.12975,99.384,33.35675,Amber,-0.5752905203338646,0,0.0,0.3843,0,0
2024-09-20 17:00:00,99.37925,84.26125,99.3145,29.36975,Amber,-0.21204863540203078,0,0.0,0.403,0,0
2024-09-20 18:00:00,99.23925,81.606,99.36875,27.32125,Amber,-0.7410833996451943,0,0.0,0.5616,0,0
2024-09-20 19:00:00,99.37,70.83324999999999,99.6665,30.292749999999998,Amber,0.9838063366988716,0,0.0,0.5896,0,0
2024-09-20 20:00:00,99.318,64.9565,99.45875000000001,33.3835,Amber,0.128425481010505,0,0.0,0.6695,0,0
2024-09-20 21:00:00,99.679,47.41825,99.212,35.695499999999996,Amber,1.9273869316974253,0,0.0,0.3884,0,0
2024-09-20 22:00:00,99.82525,44.931,99.4375,39.8215,Amber,1.551401706218228,0,0.0151,0.0,0,0
2024-09-20 23:00:00,99.445,43.943,99.461,41.072,Amber,-0.15200482993495137,0,0.0,0.0,0,0
2024-09-21 00:00:00,99.81025,45.721000000000004,99.47200000000001,49.74,Amber,1.046103085049722,0,0.0001,0.0,0,0
2024-09-21 01:00:00,99.479,42.24675,99.501,48.566500000000005,Amber,-0.5434462293666813,0,0.0,0.0,0,0
2024-09-21 02:00:00,99.571,42.97625,99.4935,54.18625,Amber,-0.391346025534328,0,0.0,0.0,0,0
2024-09-21 03:00:00,99.16875,46.1825,99.55425,57.06075,Amber,-1.5422425534853403,0,0.0,0.2292,0,0
2024-09-21 04:00:00,99.9135,51.65475,99.632,59.0535,Amber,1.2995329585952293,0,0.1034,0.0,0,0
2024-09-21 05:00:00,99.7435,66.8785,99.53875,53.3175,Green,0.4791808756114793,0,0.0368,0.0,0,0
2024-09-21 06:00:00,99.6875,82.8755,99.836,65.066,Amber,0.365675652876069,0,0.0,0.0,0,0
2024-09-21 07:00:00,99.928,91.35249999999999,99.45824999999999,58.677,Amber,0.9253251356517045,0,0.1179,0.0,0,0
2024-09-21 08:00:00,99.8755,97.9745,99.413,57.366749999999996,Amber,0.5446755365846593,0,0.1833,0.0,0,0
2024-09-21 09:00:00,99.79625,107.2305,99.408,52.597,Amber,-0.28555441489166067,0,0.1694,0.0,0,0
2024-09-21 10:00:00,99.786,115.17525,99.35675,49.571,Amber,-0.1923706316088037,0,0.1453,0.0,0,0
2024-09-21 11:00:00,99.61175,114.49775,99.2645,48.429500000000004,Amber,-1.4479150042028734,0,0.0,0.0,0,0
2024-09-21 12:00:00,99.333,126.3825,99.4845,43.7795,Red,-1.7777923619865326,0,0.0,0.0649,0,1
2024-09-21 13:00:00,99.67725,116.8995,99.49825,35.1415,Amber,-0.01396549339515519,0,0.0,0.0,0,0
2024-09-21 14:00:00,99.49675,113.76325,99.47175,36.31175,Amber,-0.6724111564712861,0,0.0,0.0,0,0
2024-09-21 15:00:00,99.6,113.534,99.39975,34.2175,Amber,0.10198975488788875,0,0.0,0.0,0,0
2024-09-21 16:00:00,99.6445,110.21925,99.36925,27.1,Amber,0.6608897613211904,0,0.0,0.0,0,0
2024-09-21 17:00:00,99.35275,93.06625,99.48375,31.874499999999998,Amber,-1.109555554587875,0,0.0,0.0452,0,0
2024-09-21 18:00:00,99.44675,78.92575000000001,99.51725,31.127499999999998,Green,-0.7131118123333419,0,0.0,0.0,0,0
2024-09-21 19:00:00,99.3055,72.3555,99.4965,27.3355,Amber,-1.2636482435118257,0,0.0,0.0924,0,0
2024-09-21 20:00:00,99.10175000000001,61.584,99.386,36.03725,Red,-1.5276925680305156,0,0.0,0.3886,0,1
2024-09-21 21:00:00,99.59125,55.93599999999999,99.57375,36.04675,Amber,0.9246385887704074,0,0.0,0.1953,0,0
2024-09-21 22:00:00,99.59925,50.893,99.3535,35.66075,Amber,1.056739734739497,0,0.0,0.0,0,0
2024-09-21 23:00:00,99.349,41.093,99.52025,45.16325,Amber,-0.2638620240968145,0,0.0,0.0489,0,0
2024-09-22 00:00:00,99.79225,41.29975,99.25450000000001,43.8615,Amber,1.345223015306509,0,0.0,0.0,0,0
2024-09-22 01:00:00,99.96075,48.735749999999996,99.3485,47.26625,Amber,1.2866014021181311,0,0.1506,0.0,0,0
2024-09-22 02:00:00,99.57775,46.5645,99.58500000000001,52.571749999999994,Amber,-0.3218987214184479,0,0.0,0.0,0,0
2024-09-22 03:00:00,99.50025,54.73625,99.43425,58.7865,Amber,-0.5976711284058298,0,0.0,0.0,0,0
2024-09-22 04:00:00,99.772,62.149499999999996,99.51599999999999,59.3285,Green,0.5073699069289316,0,0.0,0.0,0,0
2024-09-22 05:00:00,99.95875,63.54475,99.4185,56.744749999999996,Green,1.0411462815196422,0,0.1486,0.0,0,0
2024-09-22 06:00:00,99.87875,83.7715,99.39274999999999,59.875,Amber,0.5289626090347177,0,0.2173,0.0,0,0
2024-09-22 07:00:00,99.72325000000001,93.934,99.483,61.22425,Amber,-0.06809206581090325,0,0.1304,0.0,0,0
2024-09-22 08:00:00,99.9045,94.98125,99.5375,59.32,Amber,0.691223912539582,0,0.2248,0.0,0,0
2024-09-22 09:00:00,99.60825,104.22625,99.4965,52.21775,Amber,-1.525045069288837,0,0.023,0.0,0,0
2024-09-22 10:00:00,99.74175,110.68625,99.58625,47.26775,Amber,-0.4573612984643431,0,0.0,0.0,0,0
2024-09-22 11:00:00,99.86725,115.561,99.2515,47.868,Amber,0.6921460236432502,0,0.0571,0.0,0,0
2024-09-22 12:00:00,99.993,113.5015,99.44375,41.9425,Amber,1.3299257109253344,0,0.24,0.0,0,0
2024-09-22 13:00:00,99.263,116.64475,99.58,42.11825,Amber,-1.7598941980157703,0,0.0,0.1349,0,0
2024-09-22 14:00:00,99.602,112.71125,99.64375,35.686,Amber,-0.30426143104554326,0,0.0,0.0,0,0
2024-09-22 15:00:00,99.8095,111.23474999999999,99.31925,36.95825,Amber,0.3782342365048734,0,0.0,0.0,0,0
2024-09-22 16:00:00,99.16875,92.17125,99.20075,29.74375,Red,-1.331234472950268,0,0.0,0.2292,0,1
2024-09-22 17:00:00,99.3605,87.39475,99.43775,27.53775,Amber,-0.5301169958309045,0,0.0,0.2666,0,0
2024-09-22 18:00:00,99.6845,79.9475,99.38674999999999,31.86,Amber,0.7985556757416444,0,0.0,0.0,0,0
2024-09-22 19:00:00,99.33924999999999,70.6915,99.38875,34.032,Amber,-0.6373827257864868,0,0.0,0.0587,0,0
2024-09-22 20:00:00,99.23775,58.23425,99.41675000000001,33.22675,Amber,-0.7649547284821023,0,0.0,0.2189,0,0
2024-09-22 21:00:00,99.4485,55.476749999999996,99.72475,34.457,Amber,0.4156802798906241,0,0.0,0.1683,0,0
2024-09-22 22:00:00,99.64675,52.53325,99.47175,37.935249999999996,Amber,1.08726758043165,0,0.0,0.0,0,0
2024-09-22 23:00:00,99.83725,37.34125,99.68375,39.746,Green,1.3363551825793398,0,0.0271,0.0,0,0
2024-09-23 00:00:00,99.61425,38.82825,99.41075,51.52075,Amber,0.4246551538383571,0,0.0,0.0,0,0
2024-09-23 01:00:00,99.54375,42.3285,99.594,50.103750000000005,Amber,-0.05429049363673872,0,0.0,0.0,0,0
2024-09-23 02:00:00,99.84025,42.58325,99.6475,54.4795,Amber,1.174220014030155,0,0.0301,0.0,0,0
2024-09-23 03:00:00,99.773,53.433,99.38525,57.5025,Green,0.5109695732005755,0,0.0,0.0,0,0
2024-09-23 04:00:00,99.86325,59.1245,99.5925,57.3945,Green,0.8794718453075628,0,0.0531,0.0,0,0
2024-09-23 05:00:00,99.929,69.28675,99.63475,59.65475,Amber,1.116171126164951,0,0.172,0.0,0,0
2024-09-23 06:00:00,99.78275,84.26599999999999,99.375,58.93725,Amber,-0.04455260740863776,0,0.1447,0.0,0,0
2024-09-23 07:00:00,99.97125,85.389,99.56425,58.3675,Amber,1.4122338879278495,0,0.3058,0.0,0,0
2024-09-23 08:00:00,99.56375,91.033,99.74125000000001,57.71325,Amber,-1.7203357706597355,0,0.0595,0.0,0,0
2024-09-23 09:00:00,99.866,102.9,99.308,56.5985,Amber,0.25269562976681503,0,0.1153,0.0,0,0
2024-09-23 10:00:00,99.90299999999999,113.11975,99.43074999999999,52.277,Amber,0.45346853516393126,0,0.2082,0.0,0,0
2024-09-23 11:00:00,99.79225,110.14225,99.86575,46.6305,Green,-0.1483316518230827,0,0.1904,0.0,0,0
2024-09-23 12:00:00,99.77175,119.307,99.40725,41.08425,Amber,-0.2796265884543663,0,0.152,0.0,0,0
2024-09-23 13:00:00,99.786,113.30175,99.75375,39.366,Green,0.04698962768097303,0,0.1279,0.0,0,0
2024-09-23 14:00:00,99.77375,114.268,99.48475,35.169,Amber,-0.7546147580519644,0,0.0916,0.0,0,0
2024-09-23 15:00:00,99.22675,104.48725,99.6495,32.3935,Green,-1.9979904635518237,0,0.0,0.1712,0,0
2024-09-23 16:00:00,99.78675,95.71,99.6165,33.373000000000005,Amber,0.4284941665160855,0,0.0,0.0,0,0
2024-09-23 17:00:00,99.737,88.09100000000001,99.636,32.963,Amber,0.2541731783488771,0,0.0,0.0,0,0
2024-09-23 18:00:00,99.0695,81.0325,99.29575,31.44675,Red,-1.5151111999790878,0,0.0,0.3284,0,1
2024-09-23 19:00:00,99.5745,73.19925,99.54124999999999,33.16075,Amber,0.1508639201685162,0,0.0,0.1519,0,0
2024-09-23 20:00:00,99.26825,59.62375,99.65424999999999,37.75425,Amber,-0.592632051940109,0,0.0,0.2815,0,0
2024-09-23 21:00:00,99.76625,50.004,99.629,35.72875,Green,0.7776880883588414,0,0.0,0.0,0,0
2024-09-23 22:00:00,99.5675,48.235749999999996,99.16,39.78575,Amber,0.25642651837597713,0,0.0,0.0,0,0
2024-09-23 23:00:00,99.588,42.23775,99.505,44.5165,Amber,0.4549539786420154,0,0.0,0.0,0,0
2024-09-24 00:00:00,99.4645,44.62675,99.599,46.50475,Amber,-0.44837465729484793,0,0.0,0.0,0,0
2024-09-24 01:00:00,99.60325,33.30725,99.60175,50.98225,Amber,0.36324803724603705,0,0.0,0.0,0,0
2024-09-24 02:00:00,99.57050000000001,43.3025,99.36525,50.06325,Amber,-0.2334952555811028,0,0.0,0.0,0,0
2024-09-24 03:00:00,99.99674999999999,47.3635,99.39824999999999,55.30275,Green,1.9690731019664485,0,0.1866,0.0,0,0
2024-09-24 04:00:00,99.72475,68.768,99.711,55.85475,Amber,0.3599040050224705,0,0.1013,0.0,0,0
2024-09-24 05:00:00,99.92125,73.6245,99.62950000000001,63.512,Amber,0.9946631517034461,0,0.2124,0.0,0,0
2024-09-24 06:00:00,99.9305,83.818,99.41624999999999,58.41675,Amber,0.762357904746789,0,0.3328,0.0,0,0
2024-09-24 07:00:00,99.90424999999999,93.312,99.6025,60.0505,Amber,0.3911073601480359,0,0.427,0.0,0,0
2024-09-24 08:00:00,99.66875,93.344,99.56725,59.01075,Red,-1.4559565758646726,0,0.2856,0.0,0,1
2024-09-24 09:00:00,99.83025,109.63275,99.36,51.86225,Green,0.002640213411501492,0,0.3057,0.0,0,0
2024-09-24 10:00:00,99.811,113.25175,99.55725,48.349999999999994,Amber,-0.33647779716540616,0,0.3066,0.0,0,0
2024-09-24 11:00:00,99.7345,114.98949999999999,99.47524999999999,46.99225,Green,-0.7918132064665745,0,0.231,0.0,0,0
2024-09-24 12:00:00,99.70575,121.60725,99.55775,45.5095,Amber,-0.7948836965822031,0,0.1267,0.0,0,0
2024-09-24 13:00:00,99.511,123.76724999999999,99.69,39.447,Amber,-1.7262953528947675,0,0.0,0.0,0,0
2024-09-24 14:00:00,99.7205,115.30075,99.7695,35.92775,Green,0.014671626436263185,0,0.0,0.0,0,0
2024-09-24 15:00:00,99.3555,102.13550000000001,99.51425,39.473,Amber,-1.6600494194522888,0,0.0,0.0424,0,0
2024-09-24 16:00:00,99.1205,102.89375,99.679,31.30725,Amber,-1.6300485609230242,0,0.0,0.3199,0,0
2024-09-24 17:00:00,99.6095,85.76175,99.84225,30.296750000000003,Green,0.456693714919697,0,0.0,0.1083,0,0
2024-09-24 18:00:00,99.06625,81.34575,99.56475,34.65725,Red,-1.2502365287868076,0,0.0,0.44,0,1
2024-09-24 19:00:00,99.156,74.72675,99.62725,34.247,Amber,-0.6650742502890981,0,0.0,0.6819,0,0
2024-09-24 20:00:00,99.3335,62.49475,99.151,31.91,Red,0.2972843733678334,0,0.0,0.7463,0,1
2024-09-24 21:00:00,99.5385,53.97,99.476,33.29375,Green,1.0256225401204007,0,0.0,0.6058,0,0
2024-09-24 22:00:00,99.295,43.60525,99.517,37.68725,Amber,-0.18068467141740413,0,0.0,0.7087,0,0
2024-09-24 23:00:00,99.544,49.36175,99.5205,42.16575,Amber,1.1378231729980022,0,0.0,0.5626,0,0
2024-09-25 00:00:00,99.69,48.813,99.5235,47.04825,Amber,1.3363374914034756,0,0.0,0.2705,0,0
2024-09-25 01:00:00,99.81425,46.73575,99.3985,52.9195,Green,1.3908444573829728,0,0.0041,0.0,0,0
2024-09-25 02:00:00,99.82875,48.289,99.417,58.95675,Amber,1.040698642120967,0,0.0228,0.0,0,0
2024-09-25 03:00:00,99.83375,47.29,99.5315,55.347,Amber,0.7750828621264503,0,0.0464,0.0,0,0
2024-09-25 04:00:00,99.84675,61.8185,99.4325,58.2635,Amber,0.7254362691676467,0,0.0831,0.0,0,0
2024-09-25 05:00:00,99.9105,74.295,99.53225,60.08775,Amber,1.2433315400052811,0,0.1835,0.0,0,0
2024-09-25 06:00:00,99.71125,83.343,99.51,61.21375,Amber,-1.7461137464650336,0,0.0846,0.0,0,0
2024-09-25 07:00:00,99.614,96.6405,99.59025,61.24225,Amber,-1.637207508402863,0,0.0,0.0,0,0
2024-09-25 08:00:00,99.938,102.63825,99.61925,54.1425,Green,1.0421513293518658,0,0.1279,0.0,0,0
2024-09-25 09:00:00,99.906,104.54025,99.5155,56.817499999999995,Amber,0.6532772387706868,0,0.2238,0.0,0,0
2024-09-25 10:00:00,99.97675,119.25925000000001,99.458,54.052,Amber,0.9236415844715237,0,0.3904,0.0,0,0
2024-09-25 11:00:00,99.5055,112.4325,99.40525,47.7885,Amber,-1.3946649886716056,0,0.0858,0.0,0,0
2024-09-25 12:00:00,99.229,126.12,99.63225,41.40175,Amber,-1.565879699293606,0,0.0,0.1689,0,0
2024-09-25 13:00:00,99.57875,119.05499999999999,99.45425,38.4245,Amber,-0.3677790437953963,0,0.0,0.0,0,0
2024-09-25 14:00:00,99.52275,107.61,99.48225,41.84275,Green,-0.34916260251089665,0,0.0,0.0,0,0
2024-09-25 15:00:00,99.5505,109.46475000000001,99.77799999999999,36.5805,Green,-0.04183741236977472,0,0.0,0.0,0,0
2024-09-25 16:00:00,99.203,102.8655,99.5025,30.02875,Red,-1.3522819418446737,0,0.0,0.1949,0,1
2024-09-25 17:00:00,99.333,93.92925,99.08375,30.452,Amber,-0.4141510086098487,0,0.0,0.2599,0,0
2024-09-25 18:00:00,99.66525,74.836,99.72775,29.359,Amber,1.0986349849496926,0,0.0,0.0,0,0
2024-09-25 19:00:00,99.4625,68.8445,99.509,31.73225,Amber,0.0383519480548667,0,0.0,0.0,0,0
2024-09-25 20:00:00,99.47125,55.6205,99.3775,31.6205,Amber,0.14582207499378722,0,0.0,0.0,0,0
2024-09-25 21:00:00,99.57225,48.085750000000004,99.4735,34.16075,Amber,0.7323771394995894,0,0.0,0.0,0,0
2024-09-25 22:00:00,99.16775,47.3335,99.5425,41.0625,Red,-1.5760140995447756,0,0.0,0.2302,0,1
2024-09-25 23:00:00,99.70125,38.8195,99.43275,40.57775,Amber,1.0103312106234614,0,0.0,0.0,0,0
2024-09-26 00:00:00,99.34625,38.797,99.50525,44.7835,Amber,-0.5835322087469764,0,0.0,0.0517,0,0
2024-09-26 01:00:00,99.39175,40.2375,99.495,47.7455,Amber,-0.2696313031411949,0,0.0,0.0579,0,0
2024-09-26 02:00:00,99.7385,54.3385,99.63325,54.69825,Amber,1.1342257267361167,0,0.0,0.0,0,0
2024-09-26 03:00:00,99.55799999999999,47.5975,99.69875,59.973,Green,0.3347133373483897,0,0.0,0.0,0,0
2024-09-26 04:00:00,99.55375,58.10975,99.393,59.32725,Amber,0.0347814871416059,0,0.0,0.0,0,0
2024-09-26 05:00:00,99.85925,67.31575000000001,99.473,60.926,Amber,1.444517305697811,0,0.0491,0.0,0,0
2024-09-26 06:00:00,99.65975,92.49575,99.48474999999999,59.0545,Amber,0.20189043013735608,0,0.0,0.0,0,0
2024-09-26 07:00:00,99.72575,91.05199999999999,99.6105,58.30875,Amber,0.368592008176988,0,0.0,0.0,0,0
2024-09-26 08:00:00,99.82300000000001,100.45325,99.17224999999999,55.2705,Amber,0.9738445461704616,0,0.0129,0.0,0,0
2024-09-26 09:00:00,99.727,107.67025,99.26525,53.99275,Amber,0.02033467444758912,0,0.0,0.0,0,0
2024-09-26 10:00:00,99.94800000000001,111.80875,99.6875,50.70225,Green,1.489833981173039,0,0.1379,0.0,0,0
2024-09-26 11:00:00,99.75775,124.07724999999999,99.23175,53.014250000000004,Amber,-0.15708640162250648,0,0.0855,0.0,0,0
2024-09-26 12:00:00,99.459,118.71325,99.468,44.15325,Amber,-1.7445399199615954,0,0.0,0.0,0,0
2024-09-26 13:00:00,99.8605,115.14975,99.45875000000001,35.9215,Amber,0.5831895320499482,0,0.0504,0.0,0,0
2024-09-26 14:00:00,99.74025,114.00274999999999,99.25775,33.50375,Amber,-0.051393533506246245,0,0.0,0.0,0,0
2024-09-26 15:00:00,99.58875,107.26474999999999,99.3055,31.951249999999998,Amber,-0.7687220557802646,0,0.0,0.0,0,0
2024-09-26 16:00:00,99.646,103.6905,99.63325,29.27475,Green,-0.20724620787889422,0,0.0,0.0,0,0
2024-09-26 17:00:00,99.30475,100.42775,99.5755,29.678,Amber,-1.4874739469485092,0,0.0,0.0932,0,0
2024-09-26 18:00:00,99.47825,81.85975,99.67725,24.04075,Green,-0.6375166208885339,0,0.0,0.0129,0,0
2024-09-26 19:00:00,99.04575,69.1085,99.53575000000001,31.1515,Amber,-1.6523238219608796,0,0.0,0.365,0,0
2024-09-26 20:00:00,99.219,57.793499999999995,99.587,36.166,Amber,-0.6981375874885537,0,0.0,0.544,0,0
2024-09-26 21:00:00,99.235,46.786249999999995,99.65325,36.84125,Amber,-0.40831507696756864,0,0.0,0.7069,0,0
2024-09-26 22:00:00,99.75425,48.16875,99.73525,35.83875,Amber,1.6814629912570818,0,0.0,0.3506,0,0
2024-09-26 23:00:00,99.46325,45.76075,99.53275,43.0065,Amber,0.3883245441570773,0,0.0,0.2853,0,0
2024-09-27 00:00:00,99.806,42.2805,99.53425,48.74025,Amber,1.247605289648245,0,0.0,0.0,0,0
2024-09-27 01:00:00,99.60725,34.977000000000004,99.56025,51.45225,Amber,0.36861543363777444,0,0.0,0.0,0,0
2024-09-27 02:00:00,99.78725,52.88075,99.3925,50.730000000000004,Amber,0.7934699962219587,0,0.0,0.0,0,0
2024-09-27 03:00:00,99.858,53.09475,99.3445,57.85975,Amber,0.9778563217412728,0,0.0479,0.0,0,0
2024-09-27 04:00:00,99.996,56.0965,99.7125,61.35175,Amber,1.2836040290808162,0,0.2338,0.0,0,0
2024-09-27 05:00:00,99.7765,69.52975,99.6985,62.79575,Amber,-0.2273082600536119,0,0.2002,0.0,0,0
2024-09-27 06:00:00,99.7915,82.25775,99.731,62.46,Amber,-0.08912068136202915,0,0.1816,0.0,0,0
2024-09-27 07:00:00,99.8345,93.7445,99.29475,61.533,Amber,-0.07443545265916454,0,0.206,0.0,0,0
2024-09-27 08:00:00,99.52525,103.43775,99.4205,54.52525,Amber,-1.761025115117272,0,0.0,0.0,0,0
2024-09-27 09:00:00,99.832,108.014,99.47375,57.957750000000004,Amber,0.2580472660952407,0,0.0219,0.0,0,0
2024-09-27 10:00:00,99.60125,114.207,99.25175,47.65475,Amber,-0.9591952815803713,0,0.0,0.0,0,0
2024-09-27 11:00:00,99.792,119.36,99.614,50.6335,Amber,0.47322726032764684,0,0.0,0.0,0,0
2024-09-27 12:00:00,99.20925,124.27625,99.49425,40.43075,Amber,-1.734165113728207,0,0.0,0.1887,0,0
2024-09-27 13:00:00,99.48675,114.71175,99.565,39.7035,Amber,-0.386034811713493,0,0.0,0.0999,0,0
2024-09-27 14:00:00,99.22874999999999,105.21075,99.322,38.85475,Amber,-1.1036336289553201,0,0.0,0.269,0,0
2024-09-27 15:00:00,99.43225,109.695,99.489,32.33825,Red,-0.11730530626674818,0,0.0,0.2347,0,1
2024-09-27 16:00:00,99.85374999999999,90.7255,99.6285,32.361999999999995,Amber,1.293008201686005,0,0.0436,0.0,0,0
2024-09-27 17:00:00,99.10575,87.43625,99.60849999999999,28.3675,Amber,-1.0367256892224428,0,0.0,0.2922,0,0
2024-09-27 18:00:00,99.25725,76.329,99.45025,34.698750000000004,Amber,-0.516788880235795,0,0.0,0.4329,0,0
2024-09-27 19:00:00,99.36975,66.78725,99.3455,34.4475,Amber,-0.018528030731570062,0,0.0,0.461,0,0
2024-09-27 20:00:00,99.29475,67.5275,99.408,29.0305,Amber,-0.3564776807677082,0,0.0,0.5642,0,0
2024-09-27 21:00:00,99.59125,51.65375,99.05125000000001,36.91375,Amber,0.6672118733887514,0,0.0,0.3709,0,0
2024-09-27 22:00:00,99.88374999999999,49.9915,99.42349999999999,35.204499999999996,Amber,1.6756830556790103,0,0.0736,0.0,0,0
2024-09-27 23:00:00,99.83250000000001,41.90975,99.60425000000001,41.45475,Green,1.0740173662229764,0,0.096,0.0,0,0
2024-09-28 00:00:00,100.0,49.33825,99.61975,45.0435,Green,1.1693114533386095,0,0.2859,0.0,0,0
2024-09-28 01:00:00,99.9285,39.885,99.6455,52.549,Green,0.6540319294683518,0,0.4043,0.0,0,0
2024-09-28 02:00:00,100.0,47.99575,99.45875,58.95925,Amber,0.8342726446661883,0,0.5942,0.0,0,0
2024-09-28 03:00:00,99.93575,49.47125,99.48775,59.423249999999996,Amber,0.08645489088212924,0,0.7198,0.0,0,0
2024-09-28 04:00:00,100.0,65.602,99.65375,58.54,Amber,0.762467652301328,0,0.9097,0.0,0,0
2024-09-28 05:00:00,99.74925,75.90825,99.53425,61.47025000000001,Amber,-1.9174227873391372,0,0.8489,0.0,0,0
2024-09-28 06:00:00,99.9855,76.5235,99.475,59.737750000000005,Amber,0.5484459149480625,0,1.0243,0.0,0,0
2024-09-28 07:00:00,99.84875,88.61025000000001,99.26175,60.19475,Amber,-0.7003372486154239,0,1.0629,0.0,0,0
2024-09-28 08:00:00,100.0,101.9345,99.2635,59.4825,Amber,0.788956373220391,0,1.2528,0.0,0,0
2024-09-28 09:00:00,99.7585,110.94925,99.46925,51.191,Amber,-1.0976665307011346,0,1.2012,0.0,0,0
2024-09-28 10:00:00,99.56325,118.31575000000001,99.479,51.59975,Amber,-1.5459163047595397,0,0.9543,0.0,0,0
2024-09-28 11:00:00,99.533,125.8635,99.33024999999999,46.932249999999996,Amber,-1.2308764944482165,0,0.6772,0.0,0,0
2024-09-28 12:00:00,99.49275,128.1815,99.65425,45.02475,Green,-1.020227659795303,0,0.3599,0.0,0,0
2024-09-28 13:00:00,99.38875,118.945,99.39475,38.371249999999996,Amber,-1.0590862336506455,0,0.0,0.0092,0,0
2024-09-28 14:00:00,99.662,115.915,99.53925000000001,32.254,Amber,0.7371002089371599,0,0.0,0.0,0,0
2024-09-28 15:00:00,99.33225,117.74975,99.44025,32.54075,Red,-1.3611837919097929,0,0.0,0.0657,0,1
2024-09-28 16:00:00,99.112,105.9915,99.45,29.556,Red,-1.6232125231334513,0,0.0,0.3516,0,1
2024-09-28 17:00:00,99.26050000000001,81.964,99.33275,32.418499999999995,Red,-0.6010474669184388,0,0.0,0.489,0,1
2024-09-28 18:00:00,99.57225,74.952,99.60775,31.755000000000003,Amber,0.9111189734785008,0,0.0,0.3147,0,0
2024-09-28 19:00:00,99.66475,64.617,99.27425,31.262999999999998,Amber,0.9959730308181839,0,0.0,0.0479,0,0
2024-09-28 20:00:00,99.207,58.16175,99.49475,38.10875,Amber,-0.6993457641392411,0,0.0,0.2388,0,0
2024-09-28 21:00:00,99.68825,52.50175,99.55725,35.8065,Amber,1.0692705575447443,0,0.0,0.0,0,0
2024-09-28 22:00:00,99.68875,40.615500000000004,99.544,38.5555,Amber,0.7904686406546342,0,0.0,0.0,0,0
2024-09-28 23:00:00,99.3905,43.191,99.5135,48.46725,Amber,-0.7352147329230289,0,0.0,0.0074,0,0
2024-09-29 00:00:00,99.771,35.991,99.42175,46.05075,Green,0.9220966889942931,0,0.0,0.0,0,0
2024-09-29 01:00:00,99.291,33.00925,99.4435,42.0725,Red,-0.8996171327697958,0,0.0,0.1069,0,1
2024-09-29 02:00:00,99.8595,47.8065,99.5585,51.091499999999996,Amber,1.0935332731877796,0,0.0494,0.0,0,0
2024-09-29 03:00:00,99.45725,56.5405,99.018,54.98375,Red,-0.5213674453182708,0,0.0,0.0,0,1
2024-09-29 04:00:00,99.42925,57.83125,99.35374999999999,59.41475,Amber,-0.45655375089104616,0,0.0,0.0,0,0
2024-09-29 05:00:00,99.727,71.18675,99.31625,61.11025,Amber,0.6079328432360215,0,0.0,0.0,0,0
2024-09-29 06:00:00,99.917,80.98125,99.69475,58.08925,Green,1.1851872273185036,0,0.1069,0.0,0,0
2024-09-29 07:00:00,99.83075,88.83324999999999,99.58275,54.5135,Amber,0.6033997630931803,0,0.1275,0.0,0,0
2024-09-29 08:00:00,99.69825,92.48525,99.72874999999999,59.437250000000006,Amber,0.11003562245478721,0,0.0157,0.0,0,0
2024-09-29 09:00:00,99.48400000000001,109.19975,99.5215,52.63125,Amber,-1.0307373544878466,0,0.0,0.0,0,0
2024-09-29 10:00:00,99.96825,119.95224999999999,99.74925,47.96175,Green,1.1268783841101384,0,0.1581,0.0,0,0
2024-09-29 11:00:00,99.62575,123.277,99.51375,49.93775,Amber,-0.693864363120627,0,0.0,0.0,0,0
2024-09-29 12:00:00,99.3325,121.66325,99.33375000000001,40.331,Amber,-1.4078024693727007,0,0.0,0.0654,0,0
2024-09-29 13:00:00,99.4825,115.564,99.708,39.7295,Amber,-0.524511965361081,0,0.0,0.0,0,0
2024-09-29 14:00:00,99.58,108.58825,99.51975,38.72125,Amber,0.005406782798204327,0,0.0,0.0,0,0
2024-09-29 15:00:00,99.46825,105.72200000000001,99.503,31.600250000000003,Green,-0.4969232988145595,0,0.0,0.0,0,0
2024-09-29 16:00:00,99.63875,100.05125000000001,99.491,29.81175,Green,1.0063449094832457,0,0.0,0.0,0,0
2024-09-29 17:00:00,99.63,89.0325,99.34875,36.4775,Amber,0.9192362498409768,0,0.0,0.0,0,0
2024-09-29 18:00:00,99.1305,82.08324999999999,99.43075,32.623,Amber,-1.888154137850017,0,0.0,0.2674,0,0
2024-09-29 19:00:00,99.2005,73.054,99.68175,26.61875,Amber,-1.0788978346565943,0,0.0,0.4649,0,0
2024-09-29 20:00:00,99.35125,62.385999999999996,99.49275,27.99975,Amber,-0.2426238558510505,0,0.0,0.5115,0,0
2024-09-29 21:00:00,99.249,44.17825,99.77525,35.6075,Amber,-0.5361316627907572,0,0.0,0.6605,0,0
2024-09-29 22:00:00,99.5665,47.39725,99.40975,35.527,Amber,1.0441450012703173,0,0.0,0.4919,0,0
2024-09-29 23:00:00,99.74675,35.51875,99.3055,37.832499999999996,Amber,1.5705027212991107,0,0.0,0.1431,0,0
2024-09-30 00:00:00,99.5095,38.029,99.5605,44.98775,Amber,0.3471307649379024,0,0.0,0.0315,0,0
2024-09-30 01:00:00,99.73175,42.564750000000004,99.384,56.859,Amber,1.0291680585699188,0,0.0,0.0,0,0
2024-09-30 02:00:00,99.61325,39.9735,99.30775,46.52475,Amber,0.2403481692414679,0,0.0,0.0,0,0
2024-09-30 03:00:00,99.883,49.78825,99.3685,56.657250000000005,Amber,1.5112039734065248,0,0.0729,0.0,0,0
2024-09-30 04:00:00,99.9055,59.2505,99.3995,57.78775,Amber,1.1379806702134176,0,0.1683,0.0,0,0
2024-09-30 05:00:00,99.8895,71.80125,99.3285,59.81725,Amber,0.8070068577905064,0,0.2477,0.0,0,0
2024-09-30 06:00:00,99.78975,86.0545,99.52225,58.5295,Amber,-0.10800460362468876,0,0.2273,0.0,0,0
2024-09-30 07:00:00,99.92625,89.101,99.58375000000001,56.40275,Amber,0.7762396780183779,0,0.3435,0.0,0,0
2024-09-30 08:00:00,99.67275000000001,100.38725,99.37325,55.74575,Amber,-1.7823168953286779,0,0.2061,0.0,0,0
2024-09-30 09:00:00,99.851,107.30975,99.28875,51.3545,Amber,0.1254615420341296,0,0.247,0.0,0,0
2024-09-30 10:00:00,99.44975,114.02074999999999,99.14375,50.655,Amber,-1.7665599704570667,0,0.0,0.0,0,0
2024-09-30 11:00:00,99.86275,115.52250000000001,99.49074999999999,48.49925,Amber,0.5982562262867908,0,0.0526,0.0,0,0
2024-09-30 12:00:00,99.2745,126.3235,99.446,44.526,Amber,-1.526489816875307,0,0.0,0.1234,0,0
2024-09-30 13:00:00,99.667,119.59025,99.69675,44.261250000000004,Amber,0.1623222434611154,0,0.0,0.0,0,0
2024-09-30 14:00:00,99.26474999999999,110.208,99.507,37.730000000000004,Amber,-1.0933904994693215,0,0.0,0.1332,0,0
2024-09-30 15:00:00,99.79275,108.514,99.40599999999999,35.948750000000004,Amber,0.926659118797809,0,0.0,0.0,0,0
2024-09-30 16:00:00,99.07025,97.87225000000001,99.549,32.05375,Amber,-1.2787948734195576,0,0.0,0.3277,0,0
2024-09-30 17:00:00,99.4345,84.164,99.305,26.670250000000003,Amber,0.06345527391779864,0,0.0,0.2911,0,0
2024-09-30 18:00:00,99.76925,76.034,99.31825,31.2865,Amber,0.9185552678157702,0,0.0,0.0,0,0
2024-09-30 19:00:00,99.50775,67.27475,99.374,28.94125,Amber,0.1223882878039107,0,0.0,0.0,0,0
2024-09-30 20:00:00,99.55225,66.85275,99.56825,32.45375,Green,0.11810022561218071,0,0.0,0.0,0,0
2024-09-30 21:00:00,99.70575,46.511,99.354,34.858,Amber,0.8044804571767006,0,0.0,0.0,0,0
2024-09-30 22:00:00,99.55375000000001,46.489999999999995,99.48575,37.21925,Green,-0.2659004618117179,0,0.0,0.0,0,0
2024-09-30 23:00:00,99.84075,38.73725,99.44550000000001,44.21925,Amber,1.3653637996458785,0,0.0306,0.0,0,0
2024-10-01 00:00:00,99.80275,42.7685,99.4365,49.1345,Amber,0.9997847169383218,0,0.0233,0.0,0,0
2024-10-01 01:00:00,99.70375,47.6745,99.3015,48.88625,Amber,0.08737655625799427,0,0.0,0.0,0,0
2024-10-01 02:00:00,99.81775,45.76375,99.411,50.14325,Amber,0.7506192287831465,0,0.0076,0.0,0,0
2024-10-01 03:00:00,99.92325,44.986999999999995,99.64625000000001,51.530249999999995,Green,1.1615782146556863,0,0.1208,0.0,0,0
2024-10-01 04:00:00,100.0,55.357,99.56,56.1305,Green,1.481694651496707,0,0.3107,0.0,0,0
2024-10-01 05:00:00,99.89725,67.86375,99.60175,58.213499999999996,Amber,0.3813938396239618,0,0.3978,0.0,0,0
2024-10-01 06:00:00,99.69375,77.7835,99.465,65.23649999999999,Amber,-1.1785363531539246,0,0.2815,0.0,0,0
2024-10-01 07:00:00,99.832,89.69525,99.58675,58.480000000000004,Amber,-0.2728461700705088,0,0.3033,0.0,0,0
2024-10-01 08:00:00,99.5965,97.35499999999999,99.39225,60.29975,Amber,-1.498865508696657,0,0.0897,0.0,0,0
2024-10-01 09:00:00,99.9095,103.087,99.5335,54.81225,Amber,0.5869285212867654,0,0.1891,0.0,0,0
2024-10-01 10:00:00,99.74575,115.26599999999999,99.717,53.4085,Green,-0.2715990093882984,0,0.1248,0.0,0,0
2024-10-01 11:00:00,99.84175,123.695,99.34775,48.582499999999996,Amber,0.6305959835649807,0,0.1564,0.0,0,0
2024-10-01 12:00:00,99.53575000000001,114.272,99.42150000000001,45.097,Amber,-1.402107853517965,0,0.0,0.0,0,0
2024-10-01 13:00:00,99.744,118.3975,99.40825,37.85825,Amber,0.10657747268877911,0,0.0,0.0,0,0
2024-10-01 14:00:00,99.57125,112.9675,99.595,37.53425,Amber,-1.0442727000618743,0,0.0,0.0,0,0
2024-10-01 15:00:00,99.21074999999999,106.5,99.3665,34.27325,Amber,-1.7548622045049431,0,0.0,0.1872,0,0
2024-10-01 16:00:00,99.46625,96.02074999999999,99.55975,31.3355,Amber,-0.43112217148494875,0,0.0,0.1189,0,0
2024-10-01 17:00:00,99.6175,88.82075,99.4225,31.6735,Amber,0.5197052820898744,0,0.0,0.0,0,0
2024-10-01 18:00:00,99.48275,76.7185,99.38025,29.0685,Amber,-0.18142830594975873,0,0.0,0.0,0,0
2024-10-01 19:00:00,98.747,66.1815,99.592,29.9485,Red,-1.8417505984738138,0,0.0,0.6509,0,1
2024-10-01 20:00:00,99.48825,58.8115,99.553,32.411500000000004,Green,0.48160460625820783,0,0.0,0.5606,0,0
2024-10-01 21:00:00,99.41925,52.216,99.488,39.04625,Amber,0.15714890010758073,0,0.0,0.5393,0,0
2024-10-01 22:00:00,99.31575000000001,45.1815,99.46175,39.7915,Red,-0.0948981327570131,0,0.0,0.6215,0,1
2024-10-01 23:00:00,99.76325,48.64475,99.64725,41.48075,Green,1.1616391734504663,0,0.0,0.2561,0,0
2024-10-02 00:00:00,99.88725,44.979,99.60475,48.93325,Amber,1.1241052619458751,0,0.0771,0.0,0,0
2024-10-02 01:00:00,99.95425,47.93325,99.5435,47.0685,Green,1.1919985560586583,0,0.2213,0.0,0,0
2024-10-02 02:00:00,99.8685,47.252,99.5725,51.5385,Amber,0.6240912295279529,0,0.2797,0.0,0,0
2024-10-02 03:00:00,99.95075,51.241,99.645,56.1035,Amber,0.663018027642259,0,0.4203,0.0,0,0
2024-10-02 04:00:00,99.7765,60.9565,99.36475,55.238,Amber,-1.0945565681431846,0,0.3867,0.0,0,0
2024-10-02 05:00:00,99.68675,63.6045,99.596,55.78725,Amber,-1.5989562596023779,0,0.2633,0.0,0,0
2024-10-02 06:00:00,99.8175,83.82825,99.3755,63.9155,Amber,-0.23909184723681304,0,0.2707,0.0,0,0
2024-10-02 07:00:00,99.65,91.19149999999999,99.55975,55.19075,Amber,-1.2602158222278854,0,0.1106,0.0,0,0
2024-10-02 08:00:00,99.6885,105.55175,99.404,56.9645,Amber,-0.654290567566825,0,0.0,0.0,0,0
2024-10-02 09:00:00,99.862,109.913,99.27674999999999,56.3375,Amber,1.365768351944973,0,0.0519,0.0,0,0
2024-10-02 10:00:00,99.5415,122.60025,99.45025,49.417,Amber,-1.4291834122819909,0,0.0,0.0,0,0
2024-10-02 11:00:00,99.28025,121.81975,99.5335,47.244749999999996,Amber,-1.7056992505136763,0,0.0,0.1177,0,0
2024-10-02 12:00:00,99.476,119.33125,99.74625,44.8215,Amber,-0.5375123839643181,0,0.0,0.0396,0,0
2024-10-02 13:00:00,99.85025,117.6125,99.5135,39.512,Amber,1.0283528598829463,0,0.0401,0.0,0,0
2024-10-02 14:00:00,99.7445,114.405,99.5185,38.6135,Amber,0.5117685726913312,0,0.0,0.0,0,0
2024-10-02 15:00:00,99.1975,109.861,99.2005,33.1205,Amber,-1.2488006688011393,0,0.0,0.2004,0,0
2024-10-02 16:00:00,99.3425,95.456,99.2645,30.0645,Red,-0.5299310936262854,0,0.0,0.2559,0,1
2024-10-02 17:00:00,99.471,88.97775,99.574,32.33325,Amber,-0.1742858976850102,0,0.0,0.1828,0,0
2024-10-02 18:00:00,99.39725,81.712,99.67725,33.874,Green,-0.4145517358746397,0,0.0,0.1835,0,0
2024-10-02 19:00:00,99.89625,66.221,99.449,31.3065,Green,1.4793275810392275,0,0.0861,0.0,0,0
2024-10-02 20:00:00,99.48275,56.79775,99.231,30.45075,Amber,0.07729300207508495,0,0.0,0.0,0,0
2024-10-02 21:00:00,99.1615,48.098,99.63475,34.863,Amber,-1.2171672894531769,0,0.0,0.2364,0,0
2024-10-02 22:00:00,99.389,45.77225,99.548,39.61175,Amber,-0.3216045054765741,0,0.0,0.2454,0,0
2024-10-02 23:00:00,100.0,40.585499999999996,99.45775,44.594,Amber,1.372388273355339,0,0.1899,0.0,0,0
2024-10-03 00:00:00,99.65725,36.09925,99.4535,48.75025,Amber,0.18773052622089345,0,0.037,0.0,0,0
2024-10-03 01:00:00,99.27925,38.43,99.55675,51.967999999999996,Red,-0.7186235004089727,0,0.0,0.1187,0,1
2024-10-03 02:00:00,100.0,47.057,99.72425,51.9405,Amber,1.1520737965048238,0,0.1899,0.0,0,0
2024-10-03 03:00:00,99.96000000000001,49.64925,99.711,55.9665,Amber,0.7606057285132168,0,0.3398,0.0,0,0
2024-10-03 04:00:00,99.9135,53.06375,99.5695,57.920500000000004,Amber,0.3905276357370558,0,0.4432,0.0,0,0
2024-10-03 05:00:00,99.62950000000001,67.19525,99.1835,56.6705,Amber,-0.4018736840316447,0,0.2626,0.0,0,0
2024-10-03 06:00:00,99.958,83.0385,99.23825000000001,60.9775,Amber,0.5915330831651499,0,0.4105,0.0,0,0
2024-10-03 07:00:00,99.81475,91.753,99.47550000000001,59.84125,Amber,-0.46820719482262646,0,0.4151,0.0,0,0
2024-10-03 08:00:00,99.62375,104.79124999999999,99.544,58.560249999999996,Amber,-1.2337403097663828,0,0.2287,0.0,0,0
2024-10-03 09:00:00,99.74275,110.49925,99.5005,54.28675,Amber,-0.2671668770499061,0,0.1614,0.0,0,0
2024-10-03 10:00:00,99.8565,116.35825,99.36425,55.060500000000005,Green,0.6502581268705728,0,0.2078,0.0,0,0
2024-10-03 11:00:00,99.6855,123.775,99.47225,52.403,Amber,-0.7812717137142773,0,0.0832,0.0,0,0
2024-10-03 12:00:00,99.45575,120.11525,99.42975,44.851,Amber,-1.6605717984120751,0,0.0,0.0,0,0
2024-10-03 13:00:00,99.41274999999999,120.79925,99.57075,37.381,Green,-1.2741482057498934,0,0.0,0.0,0,0
2024-10-03 14:00:00,99.1615,118.97375,99.54875,35.0055,Red,-1.5262690249416395,0,0.0,0.2364,0,1
2024-10-03 15:00:00,99.354,102.4505,99.5335,36.08525,Amber,-0.540263629657585,0,0.0,0.2804,0,0
2024-10-03 16:00:00,99.54325,93.66499999999999,99.342,34.44775,Amber,0.6087769201844863,0,0.0,0.135,0,0
2024-10-03 17:00:00,99.331,89.00725,99.49325,31.37975,Amber,-0.3496563750338798,0,0.0,0.202,0,0
2024-10-03 18:00:00,99.576,81.42224999999999,99.5125,29.74675,Amber,1.182383929319575,0,0.0,0.0239,0,0
2024-10-03 19:00:00,99.69375,68.50399999999999,99.49125000000001,32.98125,Amber,1.2839519882880628,0,0.0,0.0,0,0
2024-10-03 20:00:00,99.34325,67.9905,99.4225,33.36625,Amber,-0.8575051932494078,0,0.0,0.0547,0,0
2024-10-03 21:00:00,99.725,53.747749999999996,99.38325,39.704,Amber,1.1274671522483468,0,0.0,0.0,0,0
2024-10-03 22:00:00,99.5195,54.6385,99.242,38.626,Amber,-0.0708297599851284,0,0.0,0.0,0,0
2024-10-03 23:00:00,99.36625,48.015,99.45125,46.0595,Amber,-1.0671946326808983,0,0.0,0.0317,0,0
2024-10-04 00:00:00,99.49924999999999,39.401,99.739,44.724000000000004,Green,-0.15818180615721172,0,0.0,0.0,0,0
2024-10-04 01:00:00,99.7405,40.0575,99.64525,49.07725,Green,1.222434082151342,0,0.0,0.0,0,0
2024-10-04 02:00:00,99.8135,47.57475,99.7555,55.559,Amber,1.1651135320998012,0,0.0034,0.0,0,0
2024-10-04 03:00:00,99.91325,52.09125,99.47625,53.7475,Amber,1.2810160100349073,0,0.1065,0.0,0,0
2024-10-04 04:00:00,99.953,63.708749999999995,99.41925,59.1,Amber,1.018835788028811,0,0.2494,0.0,0,0
2024-10-04 05:00:00,99.77625,66.71275,99.443,55.730000000000004,Amber,-0.03966437068399863,0,0.2156,0.0,0,0
2024-10-04 06:00:00,99.793,79.486,99.3755,62.21275,Amber,-0.4639169939588848,0,0.1985,0.0,0,0
2024-10-04 07:00:00,99.878,93.97,99.4425,62.5055,Amber,0.33041366266294714,0,0.2663,0.0,0,0
2024-10-04 08:00:00,99.77850000000001,97.37700000000001,99.385,59.505250000000004,Amber,-0.9184367920270158,0,0.2347,0.0,0,0
2024-10-04 09:00:00,99.848,106.35975,99.3955,52.29125,Amber,0.14642302460369225,0,0.2726,0.0,0,0
2024-10-04 10:00:00,99.62125,117.61675,99.31675,57.59775,Amber,-1.812429755894336,0,0.0838,0.0,0,0
2024-10-04 11:00:00,99.84375,111.23349999999999,99.63550000000001,46.6315,Amber,0.5421315910231325,0,0.1174,0.0,0,0
2024-10-04 12:00:00,99.94325,120.97375,99.754,42.7935,Green,1.1257074077682536,0,0.2506,0.0,0,0
2024-10-04 13:00:00,99.58,116.45275000000001,99.51425,39.272,Amber,-1.3384347117338014,0,0.0204,0.0,0,0
2024-10-04 14:00:00,99.33825,119.3925,99.3165,38.808,Amber,-1.588983375382478,0,0.0,0.0597,0,0
2024-10-04 15:00:00,99.166,105.20725,99.48225,28.6405,Amber,-1.4138609897721952,0,0.0,0.2916,0,0
2024-10-04 16:00:00,99.28,97.2115,99.635,31.378,Amber,-0.7728391098162872,0,0.0,0.4095,0,0
2024-10-04 17:00:00,99.39875,92.548,99.523,29.455,Amber,-0.18848043049654079,0,0.0,0.4087,0,0
2024-10-04 18:00:00,99.11225,77.14175,99.34,28.72175,Amber,-1.1873550904525005,0,0.0,0.6944,0,0
2024-10-04 19:00:00,99.38275,66.346,99.461,35.4345,Amber,0.8763131689148485,0,0.0,0.7096,0,0
2024-10-04 20:00:00,99.638,64.86475,99.4665,35.1455,Green,1.6289783913284774,0,0.0,0.4695,0,0
2024-10-04 21:00:00,99.69200000000001,45.4815,99.90625,30.7985,Amber,1.2601480034005754,0,0.0,0.1754,0,0
2024-10-04 22:00:00,99.33525,51.176,99.32875,43.0375,Red,-0.43016974921550766,0,0.0,0.2381,0,1
2024-10-04 23:00:00,98.95474999999999,45.46425,99.41900000000001,44.994,Amber,-1.3824299495521255,0,0.0,0.6813,0,0
2024-10-05 00:00:00,99.60974999999999,43.1045,99.68299999999999,48.951,Amber,0.6314479616880425,0,0.0,0.4695,0,0
2024-10-05 01:00:00,99.4505,33.91125,99.48175,54.766,Amber,0.013793744915322696,0,0.0,0.4169,0,0
2024-10-05 02:00:00,99.8555,48.173500000000004,99.58425,49.75375,Amber,1.1775654605859875,0,0.0454,0.0,0,0
2024-10-05 03:00:00,99.99549999999999,45.88975,99.49475,55.455,Green,1.2310481548529146,0,0.2308,0.0,0,0
2024-10-05 04:00:00,99.63300000000001,57.7555,99.53325,53.1845,Green,0.13717397338067935,0,0.0537,0.0,0,0
2024-10-05 05:00:00,100.0,65.2005,99.39875,61.29675,Amber,1.070936903848142,0,0.2436,0.0,0,0
2024-10-05 06:00:00,99.82175,87.9755,99.3935,60.1285,Amber,0.1349698715027694,0,0.2552,0.0,0,0
2024-10-05 07:00:00,99.7615,91.70025,99.5615,58.6725,Amber,-0.5894342240162092,0,0.2066,0.0,0,0
2024-10-05 08:00:00,99.65775,91.20224999999999,99.37825000000001,56.07775,Amber,-0.9633621045594953,0,0.0542,0.0,0,0
2024-10-05 09:00:00,100.0,105.8845,99.39625000000001,50.50275,Green,1.167607347269669,0,0.2441,0.0,0,0
2024-10-05 10:00:00,99.70224999999999,114.7765,99.5975,52.169,Amber,-0.8263095802342942,0,0.1363,0.0,0,0
2024-10-05 11:00:00,99.71950000000001,123.26775,99.43925,46.8255,Green,-0.47023629771441744,0,0.0457,0.0,0,0
2024-10-05 12:00:00,99.569,120.82549999999999,99.24199999999999,40.94925,Amber,-1.1413659086718486,0,0.0,0.0,0,0
2024-10-05 13:00:00,99.475,118.74325,99.33125,41.4715,Amber,-1.1903099515627915,0,0.0,0.0,0,0
2024-10-05 14:00:00,99.2385,113.44175,99.4125,36.37075,Red,-1.4743395550208185,0,0.0,0.1594,0,1
2024-10-05 15:00:00,99.54775000000001,109.175,99.32225,32.3165,Amber,0.03270535325268286,0,0.0,0.0096,0,0
2024-10-05 16:00:00,99.35725000000001,99.73525000000001,99.4145,32.058749999999996,Red,-0.7520122367425703,0,0.0,0.0503,0,1
2024-10-05 17:00:00,99.637,87.114,99.4945,33.952,Amber,1.1205439965634305,0,0.0,0.0,0,0
2024-10-05 18:00:00,99.28475,88.92025,99.68075,30.8505,Amber,-0.8891403579375835,0,0.0,0.1132,0,0
2024-10-05 19:00:00,99.408,71.3135,99.56524999999999,26.76025,Amber,-0.027352086942270842,0,0.0,0.1031,0,0
2024-10-05 20:00:00,99.592,60.1015,99.39375,35.45375,Amber,0.8560663708368653,0,0.0,0.0,0,0
2024-10-05 21:00:00,99.47475,53.918,99.654,34.92125,Amber,0.11582861506919666,0,0.0,0.0,0,0
2024-10-05 22:00:00,99.662,51.069,99.5085,39.51225,Amber,1.0342995961358834,0,0.0,0.0,0,0
2024-10-05 23:00:00,99.88,35.881750000000004,99.484,38.8755,Amber,1.5741990264449977,0,0.0699,0.0,0,0
2024-10-06 00:00:00,99.6975,44.192750000000004,99.45375,44.18575,Amber,0.46525287582217834,0,0.0,0.0,0,0
2024-10-06 01:00:00,99.8825,45.1575,99.1265,49.32525,Amber,1.1454869437479878,0,0.0724,0.0,0,0
2024-10-06 02:00:00,99.94800000000001,49.9425,99.351,56.15375,Amber,1.066529935482488,0,0.2103,0.0,0,0
2024-10-06 03:00:00,99.741,57.15025,99.574,55.866,Amber,-0.5211767209351338,0,0.1412,0.0,0,0
2024-10-06 04:00:00,99.661,66.1185,99.67475,59.76125,Amber,-1.202658403564273,0,0.0,0.0,0,0
2024-10-06 05:00:00,99.941,72.82825,99.7005,56.1255,Amber,1.014457614657584,0,0.1309,0.0,0,0
2024-10-06 06:00:00,99.301,76.31475,99.483,61.235749999999996,Amber,-1.8074612561598635,0,0.0,0.0969,0,0
2024-10-06 07:00:00,99.54525,95.30924999999999,99.337,54.38425,Amber,-0.5839525434033477,0,0.0,0.0,0,0
2024-10-06 08:00:00,99.4165,94.051,99.6055,57.0895,Amber,-0.7998059904432996,0,0.0,0.0,0,0
2024-10-06 09:00:00,99.62675,112.35624999999999,99.35175,53.383,Amber,0.2026081672210133,0,0.0,0.0,0,0
2024-10-06 10:00:00,99.7205,112.6495,99.39625000000001,52.89025,Amber,0.5673174468075143,0,0.0,0.0,0,0
2024-10-06 11:00:00,99.36425,118.98725,99.5445,43.893,Amber,-0.8102242971982025,0,0.0,0.0337,0,0
2024-10-06 12:00:00,99.30075,115.26175,99.62325,51.77925,Amber,-1.2008962258973217,0,0.0,0.1309,0,0
2024-10-06 13:00:00,99.77325,120.221,99.37925,40.13225,Green,1.2050121737738302,0,0.0,0.0,0,0
2024-10-06 14:00:00,99.19425,118.42824999999999,99.4155,38.321,Amber,-1.2536114415254382,0,0.0,0.2037,0,0
2024-10-06 15:00:00,99.7495,106.0745,99.769,32.416,Green,0.897372704911313,0,0.0,0.0,0,0
2024-10-06 16:00:00,99.64975,103.82499999999999,99.5995,28.094,Amber,0.5794258585172981,0,0.0,0.0,0,0
2024-10-06 17:00:00,99.85775000000001,84.5425,99.54475,32.51775,Green,0.9872824206920702,0,0.0476,0.0,0,0
2024-10-06 18:00:00,99.47749999999999,78.61775,99.28,27.419,Amber,-0.5702850751051517,0,0.0,0.0,0,0
2024-10-06 19:00:00,99.2995,66.03825,99.70975,31.41525,Green,-0.9172414436999375,0,0.0,0.0984,0,0
2024-10-06 20:00:00,99.6185,63.92575,99.52674999999999,28.5635,Amber,0.04918853134334401,0,0.0,0.0,0,0
2024-10-06 21:00:00,99.611,55.61875,99.38425000000001,34.731750000000005,Amber,0.1360171464252426,0,0.0,0.0,0,0
2024-10-06 22:00:00,99.32025,47.287,99.5995,39.74025,Amber,-0.9996835845220597,0,0.0,0.0777,0,0
2024-10-06 23:00:00,99.7865,42.8245,99.406,43.880250000000004,Amber,1.413161779901577,0,0.0,0.0,0,0
2024-10-07 00:00:00,99.27775,38.58625,99.352,43.09275,Amber,-0.9709212516094924,0,0.0,0.1202,0,0
2024-10-07 01:00:00,99.63725,36.9775,99.32225,47.92875,Green,0.47871306045247264,0,0.0,0.0,0,0
2024-10-07 02:00:00,99.96375,41.688500000000005,99.30275,54.15925,Green,1.3756599143155959,0,0.1536,0.0,0,0
2024-10-07 03:00:00,99.7265,49.94875,99.122,58.54175,Amber,0.399382381675672,0,0.07,0.0,0,0
2024-10-07 04:00:00,99.816,55.786,99.50325,60.79,Amber,0.490522704296556,0,0.0759,0.0,0,0
2024-10-07 05:00:00,99.79075,71.0795,99.622,57.166000000000004,Green,0.3790060576932361,0,0.0566,0.0,0,0
2024-10-07 06:00:00,100.0,73.81375,99.3985,56.63875,Amber,1.2816203144108995,0,0.2465,0.0,0,0
2024-10-07 07:00:00,99.82075,94.10025,99.27974999999999,63.8465,Amber,-0.3039037640909162,0,0.2571,0.0,0,0
2024-10-07 08:00:00,99.74725000000001,99.021,99.68350000000001,54.80275,Green,-0.7162371955579587,0,0.1942,0.0,0,0
2024-10-07 09:00:00,99.95075,111.187,99.32875,58.40675,Amber,0.9785801908565538,0,0.3349,0.0,0,0
2024-10-07 10:00:00,99.667,117.33500000000001,99.61975,53.61275,Amber,-1.2960509462468002,0,0.1918,0.0,0,0
2024-10-07 11:00:00,99.3255,115.3005,99.54575,43.899,Amber,-1.7557096656141964,0,0.0,0.0724,0,0
2024-10-07 12:00:00,99.73625,124.20775,99.6445,42.09975,Amber,0.13447435361517954,0,0.0,0.0,0,0
2024-10-07 13:00:00,99.69375,118.0525,99.41625,41.28925,Amber,0.034424154425475036,0,0.0,0.0,0,0
2024-10-07 14:00:00,99.73475,117.46175,99.838,36.5415,Green,0.247124138403413,0,0.0,0.0,0,0
2024-10-07 15:00:00,99.62925,109.30525,99.50675,34.836,Amber,-0.011814025692554034,0,0.0,0.0,0,0
2024-10-07 16:00:00,99.539,105.469,99.34425,31.03175,Amber,-0.4477002765557407,0,0.0,0.0,0,0
2024-10-07 17:00:00,99.36099999999999,92.3115,99.46275,27.16,Amber,-1.7512433266221257,0,0.0,0.0369,0,0
2024-10-07 18:00:00,99.24325,82.2415,99.40625,30.78875,Amber,-1.4913813878478543,0,0.0,0.1916,0,0
2024-10-07 19:00:00,99.00625,66.3225,99.49725,32.258250000000004,Red,-1.531723220151769,0,0.0,0.5833,0,1
2024-10-07 20:00:00,98.89675,59.09675,99.45725,35.0815,Red,-1.3216643991571906,0,0.0,1.0845,0,1
2024-10-07 21:00:00,99.3665,56.282250000000005,99.78525,37.74375,Amber,0.541891865567487,0,0.0,1.1159,0,0
2024-10-07 22:00:00,99.5445,45.96025,99.59175,39.37575,Amber,1.2669106527545175,0,0.0,0.9693,0,0
2024-10-07 23:00:00,99.37825,35.414500000000004,99.6945,43.216,Amber,0.5671793378203419,0,0.0,0.989,0,0
2024-10-08 00:00:00,99.74025,34.29775,99.289,45.14625,Amber,1.3091775851040228,0,0.0,0.6467,0,0
2024-10-08 01:00:00,99.86325,44.99075,99.34375,50.0755,Amber,1.1687193110718306,0,0.0531,0.1814,0,0
2024-10-08 02:00:00,99.644,46.844750000000005,99.428,54.474999999999994,Amber,0.27476617493333994,0,0.0,0.0,0,0
2024-10-08 03:00:00,99.7125,55.59075,99.423,55.7025,Amber,0.38725947851283954,0,0.0,0.0,0,0
2024-10-08 04:00:00,99.68025,55.8025,99.48375,60.054500000000004,Green,0.06512183220465996,0,0.0,0.0,0,0
2024-10-08 05:00:00,99.8255,71.253,99.61475,57.281,Amber,0.9579454104301922,0,0.0154,0.0,0,0
2024-10-08 06:00:00,99.898,84.08675,99.5815,56.01575,Amber,1.2105300931036795,0,0.1033,0.0,0,0
2024-10-08 07:00:00,99.88725,92.92150000000001,99.69125,56.51825,Green,1.025743189840204,0,0.1804,0.0,0,0
2024-10-08 08:00:00,99.872,100.126,99.47,57.5955,Amber,0.6326861201562669,0,0.2423,0.0,0,0
2024-10-08 09:00:00,99.7575,97.38374999999999,99.53275,49.426,Green,-0.7297179015013909,0,0.1897,0.0,0,0
2024-10-08 10:00:00,99.666,118.36325,99.53625,53.74025,Amber,-1.6767383010999468,0,0.0456,0.0,0,0
2024-10-08 11:00:00,99.89725,117.1465,99.5935,44.444500000000005,Green,0.70201746570032,0,0.1327,0.0,0,0
2024-10-08 12:00:00,99.77375,118.4515,99.54775000000001,37.9255,Amber,-0.38313436779110444,0,0.0964,0.0,0,0
2024-10-08 13:00:00,99.7185,125.32075,99.6665,42.559,Green,-0.7010300484593178,0,0.0048,0.0,0,0
2024-10-08 14:00:00,99.55574999999999,115.03425,99.377,39.60175,Green,-1.509356541656893,0,0.0,0.0,0,0
2024-10-08 15:00:00,99.68,105.65975,99.39175,30.767000000000003,Amber,-0.307229469953757,0,0.0,0.0,0,0
2024-10-08 16:00:00,99.501,101.01425,99.2995,30.01175,Amber,-1.2909238661919258,0,0.0,0.0,0,0
2024-10-08 17:00:00,98.8995,88.47525,99.651,29.63375,Red,-1.9358695872794753,0,0.0,0.4984,0,1
2024-10-08 18:00:00,98.80525,72.74924999999999,99.63825,26.76425,Red,-1.3791994210337744,0,0.0,1.0911,0,1
2024-10-08 19:00:00,98.93925,77.01625,99.685,33.76975,Amber,-0.7479348390663482,0,0.0,1.5498,0,0
2024-10-08 20:00:00,99.47075000000001,63.0775,99.65775,29.338749999999997,Amber,0.6776292800522176,0,0.0,1.477,0,0
2024-10-08 21:00:00,99.08425,52.91925,99.59525000000001,34.82475,Amber,-0.10808481887868732,0,0.0,1.7906,0,0
2024-10-08 22:00:00,99.22200000000001,45.98625,99.521,35.08425,Red,0.6196857118029555,0,0.0,1.9666,0,1
2024-10-08 23:00:00,99.019,39.426,99.48225,41.38825,Red,-0.30517328674121735,0,0.0,0.0,1,1
2024-10-09 00:00:00,99.67875000000001,38.632000000000005,99.37325,47.0705,Amber,1.5482431309719213,0,0.0,0.0,0,0
2024-10-09 01:00:00,99.70224999999999,36.1935,99.38925,51.095749999999995,Amber,1.141172493541007,0,0.0,0.0,0,0
2024-10-09 02:00:00,99.88325,47.828,99.42,56.602000000000004,Amber,1.2309733520305013,0,0.0731,0.0,0,0
2024-10-09 03:00:00,99.799,49.0845,99.67225,52.16175,Green,0.7153536702106379,0,0.062,0.0,0,0
2024-10-09 04:00:00,99.75975,56.35425,99.3335,54.62375,Amber,0.38153706712219393,0,0.0117,0.0,0,0
2024-10-09 05:00:00,99.95725,76.27825,99.562,52.43325,Amber,1.4974388615888348,0,0.1588,0.0,0,0
2024-10-09 06:00:00,99.58075,79.25675,99.4505,61.118,Amber,-1.4996773078362138,0,0.0,0.0,0,0
2024-10-09 07:00:00,99.87675,95.16725,99.57900000000001,55.971999999999994,Green,0.5110081292855703,0,0.0666,0.0,0,0
2024-10-09 08:00:00,99.71375,98.28725,99.44625,58.7655,Amber,-0.5154748393140662,0,0.0,0.0,0,0
2024-10-09 09:00:00,99.7895,108.35075,99.42150000000001,52.346000000000004,Amber,0.0755747130728563,0,0.0,0.0,0,0
2024-10-09 10:00:00,99.5595,114.172,99.55825,50.252,Green,-1.1729570095396524,0,0.0,0.0,0,0
2024-10-09 11:00:00,99.52975,122.974,99.43875,43.39975,Amber,-1.0341509534757398,0,0.0,0.0,0,0
2024-10-09 12:00:00,99.792,120.79175000000001,99.37225000000001,44.90425,Green,0.5902683940109816,0,0.0,0.0,0,0
2024-10-09 13:00:00,99.16,120.54175000000001,99.39425,37.3125,Amber,-1.803026532423655,0,0.0,0.2379,0,0
2024-10-09 14:00:00,99.6545,121.65725,99.53075,36.06675,Amber,0.31466822159405283,0,0.0,0.0,0,0
2024-10-09 15:00:00,99.1475,106.29125,99.5415,38.057500000000005,Amber,-1.234780317078374,0,0.0,0.2504,0,0
2024-10-09 16:00:00,99.209,97.94749999999999,99.7435,31.67875,Red,-0.7376590861963594,0,0.0,0.4394,0,1
2024-10-09 17:00:00,99.197,97.74925,99.52475,30.796,Green,-0.5706976968202142,0,0.0,0.6403,0,0
2024-10-09 18:00:00,99.165,76.56075,99.22175,32.278000000000006,Amber,-0.45972857257161304,0,0.0,0.8732,0,0
2024-10-09 19:00:00,99.39175,75.07974999999999,99.68075,28.312,Amber,0.4952936425564554,0,0.0,0.8794,0,0
2024-10-09 20:00:00,99.2615,58.622,99.34100000000001,36.578,Amber,0.3689155134860206,0,0.0,1.0158,0,0
2024-10-09 21:00:00,99.27674999999999,51.592,99.45175,38.179,Amber,0.3289385935617687,0,0.0,1.137,0,0
2024-10-09 22:00:00,99.3965,44.8955,99.55925,39.12425,Amber,1.1931649521606709,0,0.0,1.1384,0,0
2024-10-09 23:00:00,99.46424999999999,41.10975,99.574,41.457750000000004,Amber,1.2529257865810204,0,0.0,1.0721,0,0
2024-10-10 00:00:00,99.697,45.57325,99.19325,48.014,Amber,1.7822864881706015,0,0.0,0.773,0,0
2024-10-10 01:00:00,99.7755,37.045249999999996,99.55,50.2385,Amber,1.3823680469117492,0,0.0,0.3955,0,0
2024-10-10 02:00:00,99.78675,48.06,99.57075,55.205,Amber,1.0230565835576624,0,0.0,0.0066,0,0
2024-10-10 03:00:00,99.55199999999999,56.02825,99.40299999999999,53.337,Amber,-0.36331603739015567,0,0.0,0.0,0,0
2024-10-10 04:00:00,99.88825,69.57900000000001,99.689,53.41275,Amber,1.224233689857334,0,0.0781,0.0,0,0
2024-10-10 05:00:00,99.98025,75.2815,99.6715,56.9805,Green,1.3457438520873177,0,0.2483,0.0,0,0
2024-10-10 06:00:00,99.3555,82.55975000000001,99.43025,63.083999999999996,Amber,-1.5976970994635902,0,0.0,0.0424,0,0
2024-10-10 07:00:00,99.69675000000001,87.674,99.685,61.4285,Amber,-0.05757287985638642,0,0.0,0.0,0,0
2024-10-10 08:00:00,99.47525,97.39775,99.65575,55.82675,Green,-0.7530063079796305,0,0.0,0.0,0,0
2024-10-10 09:00:00,99.84575,110.4335,99.54375,55.67375,Amber,0.5627504505970182,0,0.0356,0.0,0,0
2024-10-10 10:00:00,99.79075,116.639,99.3235,52.28025,Amber,0.42526353264145544,0,0.0163,0.0,0,0
2024-10-10 11:00:00,99.7425,123.12075,99.16425,45.33475,Amber,0.4738062255562248,0,0.0,0.0,0,0
2024-10-10 12:00:00,99.8995,126.55675,99.40425,44.0745,Amber,1.0580345545406418,0,0.0894,0.0,0,0
2024-10-10 13:00:00,99.58924999999999,120.33775,99.365,36.68175,Amber,-0.8331932686120108,0,0.0,0.0,0,0
2024-10-10 14:00:00,99.6585,109.13425,99.52775,35.5695,Green,-0.8261826243185281,0,0.0,0.0,0,0
2024-10-10 15:00:00,99.34774999999999,106.678,99.546,37.49625,Amber,-1.6916444950706706,0,0.0,0.0502,0,0
2024-10-10 16:00:00,99.38575,102.343,99.72425,29.977,Red,-1.0328810718728307,0,0.0,0.0624,0,1
2024-10-10 17:00:00,99.38825,93.7815,99.42775,29.5635,Amber,-0.7311088004611542,0,0.0,0.072,0,0
2024-10-10 18:00:00,99.32875,80.029,99.5015,32.601,Amber,-0.8731231985691388,0,0.0,0.1412,0,0
2024-10-10 19:00:00,99.286,61.21675,99.62675,29.7315,Amber,-0.8532108253702905,0,0.0,0.2531,0,0
2024-10-10 20:00:00,99.41225,60.0865,99.55875,35.118249999999996,Green,1.166058011293158,0,0.0,0.2388,0,0
2024-10-10 21:00:00,99.227,55.43575,99.52674999999999,37.16175,Amber,-1.5564866997441078,0,0.0,0.4098,0,0
2024-10-10 22:00:00,99.2425,50.8425,99.50925,43.549,Amber,-0.9429428552758379,0,0.0,0.5652,0,0
2024-10-10 23:00:00,99.31925,37.22,99.405,40.9975,Amber,0.24735256271436976,0,0.0,0.6439,0,0
2024-10-11 00:00:00,99.86075,40.52375,99.30775,45.00575,Amber,1.9620895596350467,0,0.0506,0.181,0,0
2024-10-11 01:00:00,99.59925,35.5625,99.60725,48.1285,Amber,0.633692099700644,0,0.0,0.0,0,0
2024-10-11 02:00:00,99.6835,49.0325,99.373,51.76275,Amber,0.7400546623410208,0,0.0,0.0,0,0
2024-10-11 03:00:00,99.93975,40.19975,99.21875,58.84475,Amber,1.1795824941979338,0,0.1296,0.0,0,0
2024-10-11 04:00:00,99.61975000000001,55.256,99.65475,59.46725,Amber,-0.23112427333103777,0,0.0,0.0,0,0
2024-10-11 05:00:00,99.8245,76.66475,99.46825,59.6395,Amber,0.49989540434749263,0,0.0144,0.0,0,0
2024-10-11 06:00:00,99.78225,78.94175,99.54375,62.36,Amber,0.31022066709856616,0,0.0,0.0,0,0
2024-10-11 07:00:00,99.83500000000001,91.1465,99.4205,59.33075,Amber,0.47355195140649425,0,0.0249,0.0,0,0
2024-10-11 08:00:00,99.655,100.11375,99.5185,56.15925,Amber,-1.010496596749216,0,0.0,0.0,0,0
2024-10-11 09:00:00,100.0,119.08625,99.6675,50.01125,Amber,1.556069565090138,0,0.1899,0.0,0,0
2024-10-11 10:00:00,99.4255,112.6965,99.43525,47.839,Amber,-1.6812060001265612,0,0.0,0.0,0,0
2024-10-11 11:00:00,99.922,116.60425000000001,99.59475,49.293,Green,0.7378849671152653,0,0.1119,0.0,0,0
2024-10-11 12:00:00,99.6485,117.869,99.535,44.10025,Green,-0.4686190426905419,0,0.0,0.0,0,0
2024-10-11 13:00:00,99.6195,115.0825,99.78175,38.4415,Green,-0.4349060478830219,0,0.0,0.0,0,0
2024-10-11 14:00:00,99.11,117.96875,99.37825,35.62475,Amber,-1.5628795971960625,0,0.0,0.2879,0,0
2024-10-11 15:00:00,99.64825,108.44275,99.52199999999999,37.48975,Green,0.3156636702377317,0,0.0,0.0376,0,0
2024-10-11 16:00:00,99.59325,100.734,99.44925,29.27225,Amber,0.011366249642427564,0,0.0,0.0,0,0
2024-10-11 17:00:00,99.417,86.55199999999999,99.42675,30.7115,Amber,-0.41922324841022196,0,0.0,0.0,0,0
2024-10-11 18:00:00,99.40775,76.1255,99.265,28.9215,Red,-0.287120571049075,0,0.0,0.0,0,1
2024-10-11 19:00:00,99.515,69.8115,99.344,37.08225,Amber,0.3478493365099467,0,0.0,0.0,0,0
2024-10-11 20:00:00,99.60875,56.27325,99.282,30.71225,Amber,0.7550835003562728,0,0.0,0.0,0,0
2024-10-11 21:00:00,98.76075,51.62325,99.4735,40.80075,Red,-1.9670476909038996,0,0.0,0.6372,0,1
2024-10-11 22:00:00,99.565,43.7815,99.484,36.963,Amber,0.5937914760504812,0,0.0,0.4701,0,0
2024-10-11 23:00:00,99.28175,40.7145,99.62725,35.333,Green,-0.2374855242703161,0,0.0,0.5863,0,0
2024-10-12 00:00:00,99.84975,41.06575,99.406,46.782,Amber,1.1186183684069166,0,0.0396,0.1345,0,0
2024-10-12 01:00:00,99.66675000000001,41.76175,99.5375,51.777249999999995,Green,0.5461348302590372,0,0.0,0.0,0,0
2024-10-12 02:00:00,99.8755,43.213,99.55325,55.07725,Amber,0.890478303675776,0,0.0654,0.0,0,0
2024-10-12 03:00:00,99.76575,49.9835,99.585,54.66775,Green,0.44382456910530654,0,0.021,0.0,0,0
2024-10-12 04:00:00,99.93424999999999,68.44925,99.73175,55.36875,Green,0.8622525857260652,0,0.1452,0.0,0,0
2024-10-12 05:00:00,99.95425,74.4175,99.33324999999999,66.5845,Amber,1.0438176929175453,0,0.2893,0.0,0,0
2024-10-12 06:00:00,99.55725,79.10725,99.628,61.304500000000004,Amber,-1.4864384906965118,0,0.0365,0.0,0,0
2024-10-12 07:00:00,99.89125,89.2675,99.497,58.64425,Amber,0.4136969701371612,0,0.1176,0.0,0,0
2024-10-12 08:00:00,99.6525,98.16325,99.53075,57.83575,Amber,-0.8629899767250139,0,0.0,0.0,0,0
2024-10-12 09:00:00,99.36225,112.01849999999999,99.521,55.28925,Amber,-1.5101494291037596,0,0.0,0.0357,0,0
2024-10-12 10:00:00,99.70725,113.85300000000001,99.4875,51.955,Green,0.09089897842778032,0,0.0,0.0,0,0
2024-10-12 11:00:00,99.53775,121.2475,99.11875,46.02425,Amber,-0.44974435323569983,0,0.0,0.0,0,0
2024-10-12 12:00:00,99.67325,118.02375,99.4005,45.384,Amber,0.2027970981763783,0,0.0,0.0,0,0
2024-10-12 13:00:00,99.6845,119.1605,99.40899999999999,43.89175,Amber,0.6180778274100365,0,0.0,0.0,0,0
2024-10-12 14:00:00,99.41799999999999,105.3455,99.50725,38.177,Amber,-0.9846218645646146,0,0.0,0.0,0,0
2024-10-12 15:00:00,99.531,107.97,99.19999999999999,31.43425,Amber,-0.5330821884995052,0,0.0,0.0,0,0
2024-10-12 16:00:00,99.61775,106.34649999999999,99.36225,27.30575,Amber,0.40142913325952717,0,0.0,0.0,0,0
2024-10-12 17:00:00,99.06225,89.75925000000001,99.52025,30.856250000000003,Red,-1.8497658855676054,0,0.0,0.3357,0,1
2024-10-12 18:00:00,99.622,79.83,99.372,30.39825,Green,0.5805795535833757,0,0.0,0.1116,0,0
2024-10-12 19:00:00,99.25775,69.92325,99.43825,29.227,Amber,-0.722258808902806,0,0.0,0.2518,0,0
2024-10-12 20:00:00,99.5505,62.3275,99.50025,30.8885,Amber,0.48262239106326776,0,0.0,0.0992,0,0
2024-10-12 21:00:00,99.4965,49.39375,99.33875,35.8775,Amber,0.2742697508923593,0,0.0,0.0006,0,0
2024-10-12 22:00:00,99.43525,49.638999999999996,99.64475,36.4405,Amber,0.1499080386826611,0,0.0,0.0,0,0
2024-10-12 23:00:00,99.53825,37.446,99.51225,39.8985,Amber,0.43347600594229285,0,0.0,0.0,0,0
2024-10-13 00:00:00,99.89925,41.20825,99.503,47.25625,Amber,1.7581152976585754,0,0.0891,0.0,0,0
2024-10-13 01:00:00,99.96975,36.247,99.548,47.35675,Amber,1.4196913263316362,0,0.2488,0.0,0,0
2024-10-13 02:00:00,99.7345,43.51775,99.3665,54.32475,Amber,0.24924673639967862,0,0.1732,0.0,0,0
2024-10-13 03:00:00,99.7875,45.525999999999996,99.356,55.969,Amber,0.29106526042850384,0,0.1506,0.0,0,0
2024-10-13 04:00:00,99.48675,51.063,99.40299999999999,56.39075,Amber,-1.2951774161774965,0,0.0,0.0,0,0
2024-10-13 05:00:00,99.84025,71.0,99.432,59.5075,Amber,0.32023313365651096,0,0.0301,0.0,0,0
2024-10-13 06:00:00,99.971,76.05525,99.48425,64.78575,Amber,0.9588082910929597,0,0.191,0.0,0,0
2024-10-13 07:00:00,99.755,97.30225,99.457,58.53375,Amber,-0.04705536165439656,0,0.1359,0.0,0,0
2024-10-13 08:00:00,99.72149999999999,104.0315,99.69725,57.06375,Amber,-0.2428131883552077,0,0.0473,0.0,0,0
2024-10-13 09:00:00,99.638,112.53625,99.578,53.94025,Amber,-0.5855486848019649,0,0.0,0.0,0,0
2024-10-13 10:00:00,99.17999999999999,121.31275,99.25425,49.51175,Red,-1.85541382188841,0,0.0,0.2179,0,1
2024-10-13 11:00:00,99.787,125.14375,99.71025,46.4005,Green,0.41869683773141303,0,0.0,0.0,0,0
2024-10-13 12:00:00,99.509,116.025,99.7,38.33375,Amber,-0.3922189332431809,0,0.0,0.0,0,0
2024-10-13 13:00:00,99.53875,120.22025000000001,99.74975,36.13475,Green,-0.10988633820442868,0,0.0,0.0,0,0
2024-10-13 14:00:00,99.815,106.73875,99.3275,33.68775,Amber,1.023567007300801,0,0.0049,0.0,0,0
2024-10-13 15:00:00,99.39325,103.47,99.61,33.8285,Amber,-0.5989419742971419,0,0.0,0.0047,0,0
2024-10-13 16:00:00,99.6105,104.8785,99.843,30.15275,Green,0.00961432824506507,0,0.0,0.0,0,0
2024-10-13 17:00:00,99.47525,85.33500000000001,99.4545,31.03425,Amber,-0.562342302664473,0,0.0,0.0,0,0
2024-10-13 18:00:00,99.59825,77.2195,99.33775,30.81575,Amber,0.18348637708590496,0,0.0,0.0,0,0
2024-10-13 19:00:00,99.16325,73.711,99.7325,31.79,Red,-1.5599403172406967,0,0.0,0.2347,0,1
2024-10-13 20:00:00,99.51175,61.24225,99.75975,33.900999999999996,Green,0.32022604839890145,0,0.0,0.1209,0,0
2024-10-13 21:00:00,99.3815,53.05375,99.1185,37.667,Amber,-0.45159023222477934,0,0.0,0.1373,0,0
2024-10-13 22:00:00,99.25775,50.085,99.43925,37.201750000000004,Amber,-0.8562779879107735,0,0.0,0.2775,0,0
2024-10-13 23:00:00,99.3825,43.71825,99.44425000000001,44.358999999999995,Amber,-8.920625883101531e-14,0,0.0,0.2929,0,0
2024-10-14 00:00:00,99.55875,41.669,99.3085,46.886250000000004,Amber,1.226303333192298,0,0.0,0.1321,0,0
2024-10-14 01:00:00,100.0,39.736,99.30825,53.955,Amber,1.8620017969624119,0,0.1899,0.0,0,0
2024-10-14 02:00:00,99.856,47.61875,99.233,52.34325,Amber,0.9603452118763338,0,0.2358,0.0,0,0
2024-10-14 03:00:00,99.75625,50.783249999999995,99.56925,56.54975,Amber,0.42339076347966953,0,0.1819,0.0,0,0
2024-10-14 04:00:00,99.51175,57.613,99.54475,58.66375,Amber,-0.7125705650934104,0,0.0,0.0,0,0
2024-10-14 05:00:00,99.94525,66.12950000000001,99.47675,55.31825,Amber,0.8641847743490254,0,0.1351,0.0,0,0
2024-10-14 06:00:00,99.79825,77.43350000000001,99.44,56.914500000000004,Amber,-0.07543888552851484,0,0.1233,0.0,0,0
2024-10-14 07:00:00,99.80799999999999,92.72,99.5685,57.67025,Amber,0.19678916586879935,0,0.1212,0.0,0,0
2024-10-14 08:00:00,99.9805,93.008,99.49625,57.971,Amber,1.0835535555498659,0,0.2916,0.0,0,0
2024-10-14 09:00:00,99.6235,107.5335,99.6925,55.660250000000005,Amber,-0.8496825368657243,0,0.105,0.0,0,0
2024-10-14 10:00:00,99.58675,110.52875,99.13475,50.59925,Amber,-1.2637191001876384,0,0.0,0.0,0,0
2024-10-14 11:00:00,99.98075,116.83675,99.5625,45.22725,Amber,1.0950864763720534,0,0.1706,0.0,0,0
2024-10-14 12:00:00,99.62049999999999,122.83275,99.279,45.69725,Amber,-0.7986028050652314,0,0.0,0.0,0,0
2024-10-14 13:00:00,99.58175,111.90675,99.413,40.46275,Amber,-0.752296785189657,0,0.0,0.0,0,0
2024-10-14 14:00:00,99.613,113.2585,99.72375,36.01675,Green,-0.3544514285598201,0,0.0,0.0,0,0
2024-10-14 15:00:00,99.272,110.27875,99.5505,32.25875,Green,-1.4982508651970958,0,0.0,0.1259,0,0
2024-10-14 16:00:00,99.4475,102.52275,99.54375,27.27825,Amber,-0.5896286981222251,0,0.0,0.0764,0,0
2024-10-14 17:00:00,99.41925,85.18775,99.1775,30.83275,Amber,-0.5305360883142894,0,0.0,0.055,0,0
2024-10-14 18:00:00,99.23225,80.372,99.33825,29.722250000000003,Amber,-1.2560524546653808,0,0.0,0.2207,0,0
2024-10-14 19:00:00,99.68,74.72874999999999,99.4385,27.68,Amber,1.3221593811851844,0,0.0,0.0,0,0
2024-10-14 20:00:00,99.642,62.677499999999995,99.6475,34.289249999999996,Green,1.0481893492882097,0,0.0,0.0,0,0
2024-10-14 21:00:00,99.2825,50.868,99.52250000000001,31.293750000000003,Red,-0.9219632515710042,0,0.0,0.1154,0,1
2024-10-14 22:00:00,99.48925,56.4075,99.7975,40.772999999999996,Amber,0.17330312021535463,0,0.0,0.0241,0,0
2024-10-14 23:00:00,99.32275,42.481,99.57275,46.90675,Amber,-0.6212955665345873,0,0.0,0.0993,0,0
2024-10-15 00:00:00,99.25625,42.18325,99.57575,40.935,Amber,-1.0172823443911683,0,0.0,0.241,0,0
2024-10-15 01:00:00,99.47575,38.846000000000004,99.44749999999999,51.46625,Amber,0.429992090409954,0,0.0,0.1631,0,0
2024-10-15 02:00:00,99.35575,52.06425,99.47975,51.064750000000004,Amber,-0.08105817947470224,0,0.0,0.2053,0,0
2024-10-15 03:00:00,99.804,54.941500000000005,99.745,58.0555,Amber,1.8121461837653163,0,0.0,0.0,0,0
2024-10-15 04:00:00,99.4465,55.00375,99.55125000000001,57.795500000000004,Amber,0.015456833900906379,0,0.0,0.0,0,0
2024-10-15 05:00:00,99.81975,73.0395,99.46074999999999,57.222,Amber,1.2530301260211971,0,0.0096,0.0,0,0
2024-10-15 06:00:00,99.809,78.499,99.4185,60.207499999999996,Amber,0.8880167785798119,0,0.0085,0.0,0,0
2024-10-15 07:00:00,100.0,82.459,99.36925,57.433749999999996,Amber,1.1821585232564433,0,0.1984,0.0,0,0
2024-10-15 08:00:00,99.81575,95.8875,99.29599999999999,60.77875,Amber,0.18367088482822588,0,0.2041,0.0,0,0
2024-10-15 09:00:00,99.6285,106.16925,99.22375,57.017250000000004,Amber,-0.6539031132165021,0,0.0225,0.0,0,0
2024-10-15 10:00:00,99.58,111.64150000000001,99.5385,51.29675,Amber,-1.2894819522158687,0,0.0,0.0,0,0
2024-10-15 11:00:00,99.90975,115.376,99.43475,49.66375,Amber,0.7405692687154596,0,0.0996,0.0,0,0
2024-10-15 12:00:00,99.4485,118.76474999999999,99.56675,42.951750000000004,Amber,-1.330131237133776,0,0.0,0.0,0,0
2024-10-15 13:00:00,99.30875,118.7965,99.675,41.74025,Amber,-1.3702590352271868,0,0.0,0.0892,0,0
2024-10-15 14:00:00,99.55725,118.69575,99.46325,37.90075,Green,-0.07398728412024758,0,0.0,0.0,0,0
2024-10-15 15:00:00,99.63,103.6265,99.5795,34.74275,Amber,0.28650182796007395,0,0.0,0.0,0,0
2024-10-15 16:00:00,99.3435,99.11449999999999,99.18075,31.62,Red,-0.8554034760923187,0,0.0,0.0544,0,1
2024-10-15 17:00:00,99.6355,94.7,99.45375,30.74875,Amber,1.0416224301768628,0,0.0,0.0,0,0
2024-10-15 18:00:00,99.26375,89.297,99.2785,30.98925,Amber,-1.1353656067520794,0,0.0,0.1342,0,0
2024-10-15 19:00:00,99.07875,75.41499999999999,99.35825,32.01,Red,-1.4996212425870923,0,0.0,0.4534,0,1
2024-10-15 20:00:00,99.6095,56.904999999999994,99.63025,36.36,Amber,0.7819012408971647,0,0.0,0.2418,0,0
2024-10-15 21:00:00,99.57675,48.76525,99.47475,32.192,Amber,0.7050601036166806,0,0.0,0.063,0,0
2024-10-15 22:00:00,99.84625,46.8005,99.35575,42.47325,Green,1.234493638656585,0,0.0361,0.0,0,0
2024-10-15 23:00:00,99.4185,47.53575,99.39325,43.53625,Amber,-0.1729484380659995,0,0.0,0.0,0,0
2024-10-16 00:00:00,99.44975,44.542,99.6675,51.5225,Green,-0.18388828133298746,0,0.0,0.0,0,0
2024-10-16 01:00:00,99.6905,42.28175,99.428,55.17675,Amber,0.5816777215535055,0,0.0,0.0,0,0
2024-10-16 02:00:00,99.70125,51.4265,99.26050000000001,52.13425,Amber,0.5340010105022657,0,0.0,0.0,0,0
2024-10-16 03:00:00,99.87425,47.474000000000004,99.46725,57.1755,Amber,1.094057828152376,0,0.0641,0.0,0,0
2024-10-16 04:00:00,99.7415,62.87575,99.4445,64.733,Amber,0.5399964331408617,0,0.0,0.0,0,0
2024-10-16 05:00:00,99.90375,66.69775,99.65575000000001,58.817750000000004,Green,1.088862901251769,0,0.0936,0.0,0,0
2024-10-16 06:00:00,100.0,80.259,99.689,59.23,Amber,1.4401596567616395,0,0.2835,0.0,0,0
2024-10-16 07:00:00,99.81475,90.266,99.55924999999999,60.12175,Amber,-0.22286520450781794,0,0.2882,0.0,0,0
2024-10-16 08:00:00,99.75999999999999,97.1865,99.30725,55.16275,Amber,-0.9175513301056908,0,0.2381,0.0,0,0
2024-10-16 09:00:00,99.67675,108.977,99.56675,51.509,Amber,-1.1810223114073006,0,0.1047,0.0,0,0
2024-10-16 10:00:00,99.89725,114.429,99.43100000000001,48.1205,Amber,0.47798305727325224,0,0.1918,0.0,0,0
2024-10-16 11:00:00,99.9465,120.021,99.46775,48.306,Amber,0.8029990178184186,0,0.3282,0.0,0,0
2024-10-16 12:00:00,99.91025,125.773,99.6785,42.77775,Green,0.7378666141564543,0,0.4284,0.0,0,0
2024-10-16 13:00:00,99.5035,120.481,99.49475,40.79675,Red,-1.6324741424502227,0,0.1218,0.0,0,1
2024-10-16 14:00:00,99.41024999999999,118.4725,99.46000000000001,35.323,Amber,-1.367072386924723,0,0.0,0.0,0,0
2024-10-16 15:00:00,99.49425,105.09649999999999,99.546,34.09075,Green,-0.8027762433531105,0,0.0,0.0,0,0
2024-10-16 16:00:00,99.3645,98.23925,99.48275,32.545,Amber,-0.9383130940194087,0,0.0,0.0334,0,0
2024-10-16 17:00:00,99.69375,87.956,99.33449999999999,30.09425,Green,0.6412339573416267,0,0.0,0.0,0,0
2024-10-16 18:00:00,99.43275,86.17075,99.51,30.0215,Amber,-0.4361130549354852,0,0.0,0.0,0,0
2024-10-16 19:00:00,99.269,63.6835,99.39725,27.7155,Amber,-1.2192067730292253,0,0.0,0.1289,0,0
2024-10-16 20:00:00,99.58525,63.729749999999996,99.3045,33.0305,Amber,0.7328244230912285,0,0.0,0.0,0,0
2024-10-16 21:00:00,99.642,45.20025,99.50575,39.421,Amber,0.8576822312153822,0,0.0,0.0,0,0
2024-10-16 22:00:00,99.70575,45.449,99.2675,39.9705,Amber,0.8800457565780668,0,0.0,0.0,0,0
2024-10-16 23:00:00,99.48325,42.03725,99.73875000000001,47.703500000000005,Green,-0.22976103097846465,0,0.0,0.0,0,0
2024-10-17 00:00:00,99.41175,43.33925,99.28175,45.05825,Amber,-0.6484979396902184,0,0.0,0.0,0,0
2024-10-17 01:00:00,99.97,45.57925,99.3085,54.33175,Amber,1.7170683578086412,0,0.1599,0.0,0,0
2024-10-17 02:00:00,99.54675,38.689499999999995,99.5305,54.938500000000005,Amber,-0.40167367557565686,0,0.0,0.0,0,0
2024-10-17 03:00:00,99.81475,49.598749999999995,99.7365,55.28375,Amber,0.7468226748375216,0,0.0046,0.0,0,0
2024-10-17 04:00:00,99.84625,57.21675,99.44475,53.815,Green,0.7367487586177535,0,0.0408,0.0,0,0
2024-10-17 05:00:00,99.6315,70.45025,99.50150000000001,59.2665,Amber,-0.3443053175417493,0,0.0,0.0,0,0
2024-10-17 06:00:00,99.977,84.694,99.551,60.591750000000005,Amber,1.018039168032285,0,0.1669,0.0,0,0
2024-10-17 07:00:00,99.81225,87.939,99.32124999999999,59.21375,Green,0.26198749517781855,0,0.169,0.0,0,0
2024-10-17 08:00:00,99.767,104.53375,99.30975000000001,58.498999999999995,Amber,-0.36660096643337325,0,0.1259,0.0,0,0
2024-10-17 09:00:00,99.8295,109.753,99.5945,56.99325,Amber,0.168126437290306,0,0.1453,0.0,0,0
2024-10-17 10:00:00,99.4605,117.11725,99.42875000000001,53.37375,Amber,-1.5987068764899353,0,0.0,0.0,0,0
2024-10-17 11:00:00,99.7285,117.51875,99.65625,47.0555,Amber,-0.19916683645508987,0,0.0,0.0,0,0
2024-10-17 12:00:00,99.75375,125.12825000000001,99.3435,48.41975,Amber,0.21114527538061587,0,0.0,0.0,0,0
2024-10-17 13:00:00,99.682,112.7345,99.5955,38.42825,Amber,-0.16763098826756803,0,0.0,0.0,0,0
2024-10-17 14:00:00,99.2985,110.19749999999999,99.382,39.31075,Amber,-1.6107325528929792,0,0.0,0.0994,0,0
2024-10-17 15:00:00,99.5225,102.36225,99.309,32.02175,Amber,-0.2901791573401592,0,0.0,0.0,0,0
2024-10-17 16:00:00,99.09775,96.20225,99.237,27.3455,Red,-1.5693086960907892,0,0.0,0.3002,0,1
2024-10-17 17:00:00,99.255,91.4695,99.49425,32.16675,Amber,-0.6950407471753209,0,0.0,0.4431,0,0
2024-10-17 18:00:00,99.34075,78.6315,99.58425,30.537,Amber,-0.12250450390614294,0,0.0,0.5003,0,0
2024-10-17 19:00:00,99.55075,73.73175,99.6425,30.5925,Green,1.211816704611113,0,0.0,0.3475,0,0
2024-10-17 20:00:00,99.64725,64.911,99.60249999999999,30.1665,Amber,1.1818564025935179,0,0.0,0.0981,0,0
2024-10-17 21:00:00,99.33175,50.13075,99.43625,31.438250000000004,Amber,-0.19434738249656072,0,0.0,0.1643,0,0
2024-10-17 22:00:00,99.66550000000001,48.78,99.79475,36.74125,Green,1.126742530129603,0,0.0,0.0,0,0
2024-10-17 23:00:00,99.70975,39.25075,99.4645,42.317,Amber,1.011448448268865,0,0.0,0.0,0,0
2024-10-18 00:00:00,99.84325,37.39425,99.17325,47.194,Amber,1.2682821674838083,0,0.0331,0.0,0,0
2024-10-18 01:00:00,99.68475,44.08425,99.12174999999999,52.35125,Amber,0.22250652289660033,0,0.0,0.0,0,0
2024-10-18 02:00:00,99.79175000000001,43.890249999999995,99.521,53.13175,Amber,0.6720874759753032,0,0.0,0.0,0,0
2024-10-18 03:00:00,99.5475,49.98275,99.35,56.198,Amber,-1.544024751424948,0,0.0,0.0,0,0
2024-10-18 04:00:00,99.956,65.51825,99.6745,56.94825,Green,1.4207570814227597,0,0.1459,0.0,0,0
2024-10-18 05:00:00,99.87950000000001,76.985,99.49625,60.58975,Amber,0.6510396137481917,0,0.2153,0.0,0,0
2024-10-18 06:00:00,99.9105,77.602,99.41075000000001,56.42475,Amber,0.7460985300461253,0,0.3157,0.0,0,0
2024-10-18 07:00:00,99.552,83.6275,99.406,59.7885,Amber,-1.22039611729995,0,0.0576,0.0,0,0
2024-10-18 08:00:00,99.80825,105.86775,99.57225,57.2525,Amber,0.1797964244005592,0,0.0557,0.0,0,0
2024-10-18 09:00:00,99.5975,116.83,99.537,54.6855,Amber,-1.0990948354966543,0,0.0,0.0,0,0
2024-10-18 10:00:00,99.669,111.95375,99.496,50.1985,Amber,-0.4449567097038985,0,0.0,0.0,0,0
2024-10-18 11:00:00,99.775,122.756,99.50550000000001,49.681,Amber,0.41291802308852993,0,0.0,0.0,0,0
2024-10-18 12:00:00,99.85075,119.4095,99.4615,40.39925,Amber,1.1753572576279032,0,0.0406,0.0,0,0
2024-10-18 13:00:00,99.4025,117.71975,99.5395,38.103,Amber,-1.690527012107876,0,0.0,0.0,0,0
2024-10-18 14:00:00,99.477,114.17750000000001,99.6445,35.83925,Amber,-0.8828345761305574,0,0.0,0.0,0,0
2024-10-18 15:00:00,99.21225,112.39275,99.3945,33.973749999999995,Red,-1.4494791071530158,0,0.0,0.1857,0,1
2024-10-18 16:00:00,99.6245,102.229,99.311,32.14675,Amber,0.2814983025644117,0,0.0,0.0,0,0
2024-10-18 17:00:00,99.536,86.058,99.36325,31.616,Amber,0.0876416595993388,0,0.0,0.0,0,0
2024-10-18 18:00:00,99.4185,84.93325,99.26825,27.9235,Red,-0.18997877929211313,0,0.0,0.0,0,1
2024-10-18 19:00:00,99.275,80.36225,99.65549999999999,30.26325,Amber,-0.9506523391896335,0,0.0,0.1229,0,0
2024-10-18 20:00:00,99.3515,67.59375,99.19925,33.0535,Amber,-0.32887160947107047,0,0.0,0.1694,0,0
2024-10-18 21:00:00,99.58525,56.499,99.459,35.3215,Amber,0.8665406686809028,0,0.0,0.0,0,0
2024-10-18 22:00:00,99.53225,44.95925,99.7945,38.26375,Amber,0.6791894457080918,0,0.0,0.0,0,0
2024-10-18 23:00:00,99.66325,41.71875,99.7995,42.598,Amber,1.3010679022400715,0,0.0,0.0,0,0
2024-10-19 00:00:00,99.701,40.92425,99.5415,46.01625,Green,1.0703768256434962,0,0.0,0.0,0,0
2024-10-19 01:00:00,99.7955,46.474000000000004,99.43875,54.2405,Amber,1.2369898827993093,0,0.0,0.0,0,0
2024-10-19 02:00:00,99.46875,42.626999999999995,99.58175,47.2175,Amber,-1.3065159354564675,0,0.0,0.0,0,0
2024-10-19 03:00:00,99.76825,47.0265,99.78025,56.73675,Green,0.8724031373031185,0,0.0,0.0,0,0
2024-10-19 04:00:00,99.945,63.36775,99.293,57.05025,Amber,1.3985183878024454,0,0.1349,0.0,0,0
2024-10-19 05:00:00,100.0,68.018,99.4565,59.9265,Amber,1.1636657443226663,0,0.3248,0.0,0,0
2024-10-19 06:00:00,99.56425,84.257,99.47125,61.5265,Amber,-0.9266484914135898,0,0.0789,0.0,0,0
2024-10-19 07:00:00,100.0,85.48675,99.51375,60.9975,Amber,0.9044947469445689,0,0.2688,0.0,0,0
2024-10-19 08:00:00,99.681,102.10325,99.6075,56.30225,Green,-0.7942943692500929,0,0.1397,0.0,0,0
2024-10-19 09:00:00,99.535,101.96424999999999,99.45525,56.08925,Amber,-1.1525508939225761,0,0.0,0.0,0,0
2024-10-19 10:00:00,99.62075,115.38925,99.43625,49.585750000000004,Amber,-0.5308470475690894,0,0.0,0.0,0,0
2024-10-19 11:00:00,99.393,117.37625,99.4885,49.518,Red,-1.1704188711153853,0,0.0,0.0049,0,1
2024-10-19 12:00:00,99.3045,117.92725,99.589,47.231,Green,-1.1603505156303056,0,0.0,0.0984,0,0
2024-10-19 13:00:00,99.80175,123.76625,99.06725,39.02125,Amber,1.3309166628278182,0,0.0,0.0,0,0
2024-10-19 14:00:00,99.66675,116.14275,99.70349999999999,36.09875,Green,0.6188449699731686,0,0.0,0.0,0,0
2024-10-19 15:00:00,99.65050000000001,105.64875,99.66799999999999,34.902,Amber,0.41624034826542555,0,0.0,0.0,0,0
2024-10-19 16:00:00,99.19075000000001,92.274,99.47825,29.88225,Amber,-1.2962686020527536,0,0.0,0.2072,0,0
2024-10-19 17:00:00,99.08125,84.13175,99.6345,29.58275,Amber,-1.24725999522947,0,0.0,0.5239,0,0
2024-10-19 18:00:00,99.344,81.675,99.56975,36.849000000000004,Green,-0.3835274804233776,0,0.0,0.5778,0,0
2024-10-19 19:00:00,99.676,72.52975,99.52250000000001,29.9375,Amber,0.9096694551502059,0,0.0,0.2997,0,0
2024-10-19 20:00:00,99.37,54.36925,99.38925,34.113,Amber,-0.06433970130000582,0,0.0,0.3276,0,0
2024-10-19 21:00:00,99.22675,52.88425,99.531,32.37775,Red,-0.42751575544190756,0,0.0,0.4988,0,1
2024-10-19 22:00:00,99.67875000000001,38.72225,99.66,35.21,Green,1.1746698968139069,0,0.0,0.218,0,0
2024-10-19 23:00:00,99.67225,38.302749999999996,99.51050000000001,43.6565,Amber,0.8701968304113906,0,0.0,0.0,0,0
2024-10-20 00:00:00,99.26474999999999,39.90325,99.4135,46.42725,Amber,-0.9942735730415938,0,0.0,0.1332,0,0
2024-10-20 01:00:00,99.703,42.29,99.53450000000001,45.4375,Amber,0.9736563688982487,0,0.0,0.0,0,0
2024-10-20 02:00:00,99.53925,43.95525,99.4195,54.816,Amber,0.11634382485293757,0,0.0,0.0,0,0
2024-10-20 03:00:00,99.95325,46.01775,99.359,55.38775,Amber,1.4070393081530133,0,0.1431,0.0,0,0
2024-10-20 04:00:00,99.95025,61.6,99.416,58.41,Amber,1.0337959766689702,0,0.2833,0.0,0,0
2024-10-20 05:00:00,99.59425,71.67125,99.613,61.94725,Amber,-0.2779422638868667,0,0.0674,0.0,0,0
2024-10-20 06:00:00,99.643,77.47425,99.24775,59.99825,Amber,-0.4869221693937468,0,0.0,0.0,0,0
2024-10-20 07:00:00,100.0,91.061,99.35175,60.99,Amber,1.0520819189463615,0,0.1899,0.0,0,0
2024-10-20 08:00:00,99.6315,92.0935,99.481,58.6255,Amber,-0.8605792784367015,0,0.0113,0.0,0,0
2024-10-20 09:00:00,99.55324999999999,113.381,99.61475,51.34875,Green,-0.9040402787313726,0,0.0,0.0,0,0
2024-10-20 10:00:00,99.88550000000001,110.87575,99.5995,54.0005,Green,0.9277482389287862,0,0.0754,0.0,0,0
2024-10-20 11:00:00,99.53625,120.6505,99.3925,45.0115,Green,-0.9057832694860943,0,0.0,0.0,0,0
2024-10-20 12:00:00,99.4075,120.14975,99.34775,41.0625,Amber,-1.1528834928409601,0,0.0,0.0,0,0
2024-10-20 13:00:00,99.477,122.2135,99.48875000000001,43.3095,Amber,-0.6288453167668779,0,0.0,0.0,0,0
2024-10-20 14:00:00,99.654,114.85725,99.5365,35.4065,Green,0.4065309966054107,0,0.0,0.0,0,0
2024-10-20 15:00:00,99.08,108.84825000000001,99.61975,32.49675,Amber,-1.5927817665812611,0,0.0,0.3179,0,0
2024-10-20 16:00:00,99.5315,94.9995,99.24825,35.01075,Amber,0.42418568022205816,0,0.0,0.1844,0,0
2024-10-20 17:00:00,99.35625,87.10575,99.6835,31.59875,Amber,-0.3150872001736138,0,0.0,0.226,0,0
2024-10-20 18:00:00,98.8885,77.5845,99.544,29.85,Red,-1.5179595534353671,0,0.0,0.7355,0,1
2024-10-20 19:00:00,99.6555,75.30625,99.39225,32.2445,Amber,0.9278209175766248,0,0.0,0.4779,0,0
2024-10-20 20:00:00,99.499,61.94225,99.39275,37.6395,Amber,0.5568266808289453,0,0.0,0.3768,0,0
2024-10-20 21:00:00,99.277,47.525,99.51050000000001,38.5925,Amber,-0.3367031754493907,0,0.0,0.4978,0,0
2024-10-20 22:00:00,99.515,45.19175,99.63575,41.056,Amber,0.5584587112110283,0,0.0,0.3807,0,0
2024-10-20 23:00:00,99.5295,38.1335,99.3005,37.659,Amber,0.49015919718080936,0,0.0,0.2491,0,0
2024-10-21 00:00:00,99.7855,37.967,99.649,46.94975,Green,1.4200023540924775,0,0.0,0.0,0,0
2024-10-21 01:00:00,99.49074999999999,36.76175,99.507,50.21575,Amber,-0.15685051924020296,0,0.0,0.0,0,0
2024-10-21 02:00:00,99.433,41.579,99.62049999999999,51.820499999999996,Amber,-0.4361187938637187,0,0.0,0.0,0,0
2024-10-21 03:00:00,99.91875,44.740750000000006,99.46075,56.19575,Amber,1.585076248867544,0,0.1086,0.0,0,0
2024-10-21 04:00:00,99.971,60.85875,99.36375,59.9565,Amber,1.2132280413923113,0,0.2695,0.0,0,0
2024-10-21 05:00:00,99.77025,72.696,99.5795,58.569,Amber,0.19037681445463958,0,0.2297,0.0,0,0
2024-10-21 06:00:00,99.714,84.18724999999999,99.47375,56.951750000000004,Amber,-0.010462034974682366,0,0.1336,0.0,0,0
2024-10-21 07:00:00,99.75575,95.40125,99.37475,61.527249999999995,Amber,-0.024892002984385805,0,0.0792,0.0,0,0
2024-10-21 08:00:00,99.7045,96.001,99.4345,64.8505,Amber,-0.9051882313191059,0,0.0,0.0,0,0
2024-10-21 09:00:00,99.369,112.64574999999999,99.8385,56.6755,Amber,-1.769907842826089,0,0.0,0.0289,0,0
2024-10-21 10:00:00,99.715,112.7005,99.34025,48.93325,Amber,0.2897283088263425,0,0.0,0.0,0,0
2024-10-21 11:00:00,99.753,119.694,99.15475,50.00575,Amber,0.5694656828367595,0,0.0,0.0,0,0
2024-10-21 12:00:00,99.78049999999999,126.2435,99.619,41.1395,Amber,0.6519261095393856,0,0.0,0.0,0,0
2024-10-21 13:00:00,99.662,121.629,99.62425,38.13675,Amber,-0.013317745007941495,0,0.0,0.0,0,0
2024-10-21 14:00:00,99.0545,109.99425,99.39075,34.76675,Amber,-1.7454798484112861,0,0.0,0.3434,0,0
2024-10-21 15:00:00,99.46175,107.553,99.43025,34.3035,Amber,-0.39429381462475194,0,0.0,0.2796,0,0
2024-10-21 16:00:00,99.34725,100.65,99.30975000000001,28.469,Amber,-0.580937158350389,0,0.0,0.3303,0,0
2024-10-21 17:00:00,99.23925,89.49025,99.3805,32.569500000000005,Amber,-0.6876635007155585,0,0.0,0.489,0,0
2024-10-21 18:00:00,99.229,83.605,99.348,29.7155,Amber,-0.4899964910465848,0,0.0,0.6579,0,0
2024-10-21 19:00:00,99.76525000000001,71.15625,99.55175,29.0635,Amber,1.6996918741213634,0,0.0,0.2906,0,0
2024-10-21 20:00:00,99.56675,59.099000000000004,99.51675,33.432249999999996,Amber,0.6350828853934513,0,0.0,0.1218,0,0
2024-10-21 21:00:00,99.123,56.600500000000004,99.63725,41.349000000000004,Amber,-1.0550963006513876,0,0.0,0.3967,0,0
2024-10-21 22:00:00,99.5095,40.9105,99.4855,37.1305,Green,0.42136624721053306,0,0.0,0.2851,0,0
2024-10-21 23:00:00,99.83475,42.41725,99.32575,42.0145,Green,1.1633915123268699,0,0.0246,0.0,0,0
2024-10-22 00:00:00,99.58725,39.48525,99.656,50.54325,Amber,0.09143499485707848,0,0.0,0.0,0,0
2024-10-22 01:00:00,99.6135,44.283,99.725,50.6375,Amber,0.3200337842306514,0,0.0,0.0,0,0
2024-10-22 02:00:00,99.74875,41.385999999999996,99.53625,57.158,Amber,0.7227370750848889,0,0.0,0.0,0,0
2024-10-22 03:00:00,99.7255,52.11425,99.51225,58.5135,Amber,0.4628211400630027,0,0.0,0.0,0,0
2024-10-22 04:00:00,99.96075,59.425,99.703,60.60775,Amber,1.5470037771108949,0,0.1506,0.0,0,0
2024-10-22 05:00:00,99.574,63.271249999999995,99.537,62.11750000000001,Amber,-0.8721317011407932,0,0.0,0.0,0,0
2024-10-22 06:00:00,99.4845,78.4815,99.8,58.9585,Amber,-1.1979081105933698,0,0.0,0.0,0,0
2024-10-22 07:00:00,99.917,84.44550000000001,99.49924999999999,62.743,Amber,0.9778837920071247,0,0.1069,0.0,0,0
2024-10-22 08:00:00,99.85275,100.13425000000001,99.5145,56.45725,Amber,0.5217582210913573,0,0.1495,0.0,0,0
2024-10-22 09:00:00,99.707,113.05,99.61625000000001,55.519999999999996,Amber,-0.21938508818140828,0,0.0464,0.0,0,0
2024-10-22 10:00:00,99.634,117.5885,99.202,51.5465,Amber,-0.3677791428994037,0,0.0,0.0,0,0
2024-10-22 11:00:00,99.69525,110.11525,99.37875,44.1125,Amber,-0.1280639899937344,0,0.0,0.0,0,0
2024-10-22 12:00:00,99.21275,122.34675,99.6555,39.555,Amber,-1.8451118948897844,0,0.0,0.1852,0,0
2024-10-22 13:00:00,99.34425,124.40425,99.579,39.92975,Amber,-0.9440781469591005,0,0.0,0.2389,0,0
2024-10-22 14:00:00,99.60325,111.2145,99.5975,37.238,Amber,0.34406753649374117,0,0.0,0.0335,0,0
2024-10-22 15:00:00,99.74825,106.304,99.32775,34.964999999999996,Amber,0.9819044466002418,0,0.0,0.0,0,0
2024-10-22 16:00:00,99.4475,103.3515,99.744,30.305000000000003,Green,-0.29133576530996,0,0.0,0.0,0,0
2024-10-22 17:00:00,99.35300000000001,91.82625,99.45125,29.78775,Amber,-0.5062129901171923,0,0.0,0.0449,0,0
2024-10-22 18:00:00,99.24725000000001,86.57075,99.622,29.175250000000002,Green,-1.1262712588719537,0,0.0,0.1956,0,0
2024-10-22 19:00:00,99.306,72.493,99.44775,34.94325,Amber,-0.7558442432766791,0,0.0,0.2875,0,0
2024-10-22 20:00:00,99.18,65.33775,99.551,37.8815,Red,-0.9918191119179245,0,0.0,0.5055,0,1
2024-10-22 21:00:00,99.40825,43.30075,99.55199999999999,32.792500000000004,Amber,0.844641385721822,0,0.0,0.4951,0,0
2024-10-22 22:00:00,99.58525,46.679500000000004,99.81,37.25525,Green,1.6867444973107706,0,0.0,0.3078,0,0
2024-10-22 23:00:00,99.71175,42.1375,99.41725,43.00175,Amber,1.4831962953271645,0,0.0,0.0,0,0
2024-10-23 00:00:00,99.36175,40.97275,99.6435,45.774,Amber,-0.3301989665988623,0,0.0,0.0362,0,0
2024-10-23 01:00:00,99.58975,45.1025,99.70375,46.65725,Amber,0.6069719379271821,0,0.0,0.0,0,0
2024-10-23 02:00:00,99.781,41.62475,99.6365,55.187,Amber,1.267438325413688,0,0.0,0.0,0,0
2024-10-23 03:00:00,99.6165,46.69075,99.24125,57.939750000000004,Amber,0.0617687382658773,0,0.0,0.0,0,0
2024-10-23 04:00:00,99.837,56.6175,99.51375,63.39,Amber,1.1049521353501335,0,0.0269,0.0,0,0
2024-10-23 05:00:00,99.96275,72.45275000000001,99.45975,63.61725,Amber,1.2719182610743271,0,0.1795,0.0,0,0
2024-10-23 06:00:00,99.576,69.34325,99.36025000000001,64.50475,Amber,-0.9582002594370637,0,0.0,0.0,0,0
2024-10-23 07:00:00,99.96875,86.2935,99.486,59.206,Amber,1.0663131198816953,0,0.1586,0.0,0,0
2024-10-23 08:00:00,99.8325,94.92224999999999,99.7855,53.04625,Green,0.19982250542165678,0,0.181,0.0,0,0
2024-10-23 09:00:00,99.54525,104.81525,99.71125,51.79825,Green,-1.3057219031687834,0,0.0,0.0,0,0
2024-10-23 10:00:00,99.893,115.242,99.53875,54.041,Amber,0.5097342793340677,0,0.0829,0.0,0,0
2024-10-23 11:00:00,99.514,113.30375000000001,99.57024999999999,49.1335,Amber,-1.0427338762239706,0,0.0,0.0,0,0
2024-10-23 12:00:00,99.69125,120.27574999999999,99.45425,44.7095,Amber,-0.2643072308333233,0,0.0,0.0,0,0
2024-10-23 13:00:00,99.722,120.80475,99.41275,37.031,Amber,0.14796536090182194,0,0.0,0.0,0,0
2024-10-23 14:00:00,99.69175,111.56700000000001,99.48525000000001,39.366,Amber,0.11394175154590643,0,0.0,0.0,0,0
2024-10-23 15:00:00,99.85025,103.194,99.57575,32.589,Amber,0.9149858461409207,0,0.0401,0.0,0,0
2024-10-23 16:00:00,99.492,99.90525,99.50450000000001,27.47025,Amber,-1.2430009429706685,0,0.0,0.0,0,0
2024-10-23 17:00:00,99.0055,92.54,99.5145,30.728250000000003,Red,-1.8878709168382628,0,0.0,0.3924,0,1
2024-10-23 18:00:00,99.57625,78.8615,99.48599999999999,32.68425,Amber,0.06727012937437117,0,0.0,0.2141,0,0
2024-10-23 19:00:00,98.7875,74.43425,99.4855,32.85575,Red,-1.4797620381996426,0,0.0,0.8245,0,1
2024-10-23 20:00:00,99.45599999999999,58.45075,99.5255,32.31325,Green,0.24189086380061803,0,0.0,0.7665,0,0
2024-10-23 21:00:00,99.44775,58.389250000000004,99.33075,33.2325,Amber,0.4815842784761769,0,0.0,0.7166,0,0
2024-10-23 22:00:00,99.45224999999999,48.380250000000004,99.63375,37.666,Amber,0.5239457890007263,0,0.0,0.6623,0,0
2024-10-23 23:00:00,99.465,34.9095,99.58725,41.714,Amber,0.35189789223521434,0,0.0,0.5953,0,0
2024-10-24 00:00:00,99.81925,35.7765,99.625,46.205,Green,1.2354377697263181,0,0.0091,0.1739,0,0
2024-10-24 01:00:00,99.73875,44.468,99.41,48.329750000000004,Amber,1.0376906718975558,0,0.0,0.0,0,0
2024-10-24 02:00:00,99.94624999999999,52.6245,99.75375,56.37375,Amber,1.3802956824135304,0,0.1361,0.0,0,0
2024-10-24 03:00:00,99.94325,51.44625,99.5565,56.8635,Amber,0.9696899293484006,0,0.2693,0.0,0,0
2024-10-24 04:00:00,99.79475,67.872,99.46674999999999,61.73525,Amber,0.05763639306336673,0,0.2539,0.0,0,0
2024-10-24 05:00:00,99.83625,68.7315,99.38275,59.461,Amber,-0.12248757440416731,0,0.2801,0.0,0,0
2024-10-24 06:00:00,99.72675,80.0715,99.426,58.158,Amber,-1.079833995019819,0,0.1967,0.0,0,0
2024-10-24 07:00:00,99.753,96.84925,99.51625,58.9525,Amber,-0.8554165190824398,0,0.1396,0.0,0,0
2024-10-24 08:00:00,99.73225,95.53450000000001,99.4805,50.664,Amber,-0.7938536399697029,0,0.0617,0.0,0,0
2024-10-24 09:00:00,99.4635,108.30125,99.62175,59.2245,Amber,-1.9369705419910255,0,0.0,0.0,0,0
2024-10-24 10:00:00,99.69725,112.3535,99.3245,45.299,Amber,-0.0337994183140947,0,0.0,0.0,0,0
2024-10-24 11:00:00,99.66624999999999,122.1155,99.18299999999999,42.7285,Amber,-0.06459755637817853,0,0.0,0.0,0,0
2024-10-24 12:00:00,99.2265,115.79825,99.39175,39.99375,Amber,-1.7632403954250886,0,0.0,0.1714,0,0
2024-10-24 13:00:00,99.2765,115.91875,99.62375,38.233,Red,-1.0545450873288305,0,0.0,0.2929,0,1
2024-10-24 14:00:00,99.55975000000001,117.23175,99.401,35.94625,Amber,0.3964381611030069,0,0.0,0.131,0,0
2024-10-24 15:00:00,99.72200000000001,111.8185,99.4355,36.30775,Amber,0.8995871579774951,0,0.0,0.0,0,0
2024-10-24 16:00:00,99.7505,96.38625,99.70075,31.98475,Green,0.9489988525339567,0,0.0,0.0,0,0
2024-10-24 17:00:00,99.1045,85.29075,99.386,33.359,Red,-1.224677233661369,0,0.0,0.2934,0,1
2024-10-24 18:00:00,99.4675,79.48825,99.45824999999999,32.29825,Amber,-0.04985307683612534,0,0.0,0.2239,0,0
2024-10-24 19:00:00,99.51825,69.08275,99.61475,27.64825,Amber,-0.009308126916102182,0,0.0,0.1035,0,0
2024-10-24 20:00:00,99.13499999999999,65.8055,99.539,33.27075,Amber,-1.1296665100053696,0,0.0,0.3665,0,0
2024-10-24 21:00:00,99.1605,53.7455,99.357,33.87525,Red,-0.7447371074648681,0,0.0,0.6039,0,1
2024-10-24 22:00:00,99.71424999999999,41.65075,99.41375000000001,35.83525,Amber,1.4461702087110528,0,0.0,0.2876,0,0
2024-10-24 23:00:00,99.69525,40.19675,99.32925,46.93425,Amber,0.9786526999174555,0,0.0,0.0,0,0
2024-10-25 00:00:00,99.8315,42.581250000000004,99.25975,44.31575,Amber,1.0839743472895524,0,0.0214,0.0,0,0
2024-10-25 01:00:00,99.72825,41.9715,99.27725,50.84925,Amber,0.5925234321203352,0,0.0,0.0,0,0
2024-10-25 02:00:00,99.48875000000001,46.7655,99.51125,54.110749999999996,Amber,-0.468606207416544,0,0.0,0.0,0,0
2024-10-25 03:00:00,99.99674999999999,55.0095,99.38475,54.07775,Amber,1.518670441096372,0,0.1866,0.0,0,0
2024-10-25 04:00:00,99.43375,57.11625,99.58525,61.1565,Amber,-1.244380910332471,0,0.0,0.0,0,0
2024-10-25 05:00:00,99.88374999999999,66.41550000000001,99.5625,55.68175,Amber,0.699029318936101,0,0.0736,0.0,0,0
2024-10-25 06:00:00,99.8635,79.31700000000001,99.4085,59.68875,Amber,0.5762656145418863,0,0.127,0.0,0,0
2024-10-25 07:00:00,99.8745,89.937,99.30175,64.17475,Amber,0.5016023113482948,0,0.1914,0.0,0,0
2024-10-25 08:00:00,99.8815,103.50125,99.368,57.55925,Green,0.30127901985751204,0,0.2628,0.0,0,0
2024-10-25 09:00:00,99.773,108.67425,99.2895,54.88275,Amber,-0.06777240931731977,0,0.2257,0.0,0,0
2024-10-25 10:00:00,99.73925,129.17025,99.43525,56.567,Amber,-1.5315641020038782,0,0.1548,0.0,0,0
2024-10-25 11:00:00,99.44925,120.2355,99.29075,47.217749999999995,Amber,-1.9076915075167002,0,0.0,0.0,0,0
2024-10-25 12:00:00,99.59525,115.67025,99.4535,41.37225,Amber,-0.7331070067378831,0,0.0,0.0,0,0
2024-10-25 13:00:00,99.61825,121.8555,99.62275,40.6805,Green,-0.37821224714425494,0,0.0,0.0,0,0
2024-10-25 14:00:00,99.42750000000001,110.865,99.2835,35.40075,Red,-1.209734247362866,0,0.0,0.0,0,1
2024-10-25 15:00:00,99.19075,106.98325,99.7645,30.308749999999996,Amber,-1.6310217705767138,0,0.0,0.2072,0,0
2024-10-25 16:00:00,99.584,100.263,99.49975,31.17825,Amber,0.6591136164587641,0,0.0,0.0211,0,0
2024-10-25 17:00:00,99.33825,89.97125,99.667,29.1775,Amber,-0.7040355147340258,0,0.0,0.0808,0,0
2024-10-25 18:00:00,99.01575,87.98949999999999,99.6135,33.0155,Amber,-1.4945389538416176,0,0.0,0.463,0,0
2024-10-25 19:00:00,99.5095,76.58475,99.57225,31.45375,Amber,0.7818833027486266,0,0.0,0.3514,0,0
2024-10-25 20:00:00,98.83725,57.9845,99.263,32.902,Red,-1.417938229707507,0,0.0,0.9121,0,1
2024-10-25 21:00:00,99.0715,50.419,99.53,35.07625,Red,-0.5207597490604609,0,0.0,1.2385,0,1
2024-10-25 22:00:00,99.46125,49.348749999999995,99.21724999999999,38.8035,Amber,0.9462443906911393,0,0.0,1.1752,0,0
2024-10-25 23:00:00,99.50524999999999,47.66525,99.6065,41.9745,Amber,0.9241892257554543,0,0.0,1.0679,0,0
2024-10-26 00:00:00,99.6585,36.266999999999996,99.48725,52.329,Amber,1.008472453356838,0,0.0,0.8073,0,0
2024-10-26 01:00:00,99.85775,40.24625,99.73599999999999,50.311499999999995,Green,1.2135769548421869,0,0.0476,0.3475,0,0
2024-10-26 02:00:00,99.684,47.06425,99.5985,55.746,Amber,0.5357792397383726,0,0.0,0.0614,0,0
2024-10-26 03:00:00,99.8015,55.0235,99.57425,57.4005,Amber,0.8928841817476307,0,0.0,0.0,0,0
2024-10-26 04:00:00,99.71674999999999,55.30975,99.574,58.70625,Amber,0.1042493190274946,0,0.0,0.0,0,0
2024-10-26 05:00:00,99.7835,68.91,99.42425,59.7995,Amber,0.4338740708530417,0,0.0,0.0,0,0
2024-10-26 06:00:00,99.66225,78.94225,99.48925,59.25,Amber,-1.1741328215597782,0,0.0,0.0,0,0
2024-10-26 07:00:00,99.86449999999999,94.89375,99.41575,63.3405,Amber,1.450801161565407,0,0.0544,0.0,0,0
2024-10-26 08:00:00,99.5175,97.94975,99.60075,53.723749999999995,Amber,-1.6799184648157743,0,0.0,0.0,0,0
2024-10-26 09:00:00,99.70400000000001,106.21975,99.60325,57.139250000000004,Amber,-0.0348434817641688,0,0.0,0.0,0,0
2024-10-26 10:00:00,99.69425,117.61725,99.5435,49.057500000000005,Amber,-0.08602210432807994,0,0.0,0.0,0,0
2024-10-26 11:00:00,99.70525,120.85625,99.37575,47.44025,Amber,0.12594697633046215,0,0.0,0.0,0,0
2024-10-26 12:00:00,99.6335,122.429,99.20775,43.10825,Amber,-0.46929533830275233,0,0.0,0.0,0,0
2024-10-26 13:00:00,99.14525,121.77075,99.5685,38.208,Red,-1.9280531310462743,0,0.0,0.2527,0,1
2024-10-26 14:00:00,99.126,117.25875,99.47075,29.494500000000002,Amber,-1.3189151973562145,0,0.0,0.5246,0,0
2024-10-26 15:00:00,99.438,109.07650000000001,99.39675,34.76675,Amber,-0.07134383379069346,0,0.0,0.4845,0,0
2024-10-26 16:00:00,99.712,97.53125,99.69525,30.3105,Green,0.9328709767820423,0,0.0,0.1705,0,0
2024-10-26 17:00:00,99.16125,87.124,99.591,26.5445,Amber,-0.7925701917932059,0,0.0,0.4071,0,0
2024-10-26 18:00:00,99.62950000000001,83.24175,99.445,29.97625,Green,0.9965307710933609,0,0.0,0.1756,0,0
2024-10-26 19:00:00,99.40899999999999,69.514,99.442,29.902250000000002,Amber,-0.015246159447171151,0,0.0,0.1645,0,0
2024-10-26 20:00:00,99.60825,52.54525,99.1645,33.092,Amber,0.5762285430812379,0,0.0,0.0,0,0
2024-10-26 21:00:00,98.96825,49.21425,99.7295,40.2395,Green,-1.5126361833483444,0,0.0,0.4297,0,0
2024-10-26 22:00:00,99.2295,47.517250000000004,99.539,39.526250000000005,Amber,-0.40027520397858996,0,0.0,0.5981,0,0
2024-10-26 23:00:00,99.62774999999999,45.14975,99.5255,42.244,Amber,0.8010126975869589,0,0.0,0.3683,0,0
2024-10-27 00:00:00,99.55225,37.98425,99.66975,46.6145,Amber,0.592320822327939,0,0.0,0.214,0,0
2024-10-27 01:00:00,99.56,38.6965,99.61449999999999,51.37325,Amber,0.5084724227962587,0,0.0,0.0519,0,0
2024-10-27 02:00:00,99.648,45.289500000000004,99.4755,51.23675,Green,0.7958396371193996,0,0.0,0.0,0,0
2024-10-27 03:00:00,99.8425,54.4185,99.43625,60.6395,Amber,1.329951641853985,0,0.0324,0.0,0,0
2024-10-27 04:00:00,99.82375,58.073499999999996,99.336,59.239999999999995,Amber,1.1600220500513267,0,0.046,0.0,0,0
2024-10-27 05:00:00,99.47225,76.27924999999999,99.374,54.24025,Amber,-1.1631181623205207,0,0.0,0.0,0,0
2024-10-27 06:00:00,99.84875,76.65775,99.36475,57.492,Amber,0.9206541548544069,0,0.0386,0.0,0,0
2024-10-27 07:00:00,99.68975,91.0625,99.52799999999999,57.897,Amber,-0.20973369778717021,0,0.0,0.0,0,0
2024-10-27 08:00:00,99.729,93.90925,99.88374999999999,54.2815,Green,-0.03707095780036178,0,0.0,0.0,0,0
2024-10-27 09:00:00,99.66875,111.995,99.66475,55.384,Amber,-0.27139313316469277,0,0.0,0.0,0,0
2024-10-27 10:00:00,99.79724999999999,115.1735,99.36725,51.61475,Amber,0.7369155485536858,0,0.0,0.0,0,0
2024-10-27 11:00:00,99.66575,122.59225,99.62725,46.90725,Amber,-0.9004365183466142,0,0.0,0.0,0,0
2024-10-27 12:00:00,99.42325,117.81875,99.7805,44.48525,Amber,-1.8825993928094777,0,0.0,0.0,0,0
2024-10-27 13:00:00,99.798,119.4695,99.19775,40.2825,Amber,0.8477650100396298,0,0.0,0.0,0,0
2024-10-27 14:00:00,99.4915,118.59925000000001,99.38125,30.0225,Amber,-0.9625601687511606,0,0.0,0.0,0,0
2024-10-27 15:00:00,99.47675,109.23475,99.3015,36.505250000000004,Green,-0.7883480715132944,0,0.0,0.0,0,0
2024-10-27 16:00:00,99.22475,100.275,99.47999999999999,31.617250000000002,Amber,-1.4521072655807454,0,0.0,0.1732,0,0
2024-10-27 17:00:00,99.46625,91.76375,99.441,32.4585,Amber,-0.07505954849583131,0,0.0,0.1049,0,0
2024-10-27 18:00:00,99.033,87.0015,99.408,29.47225,Amber,-1.4626987938527818,0,0.0,0.4698,0,0
2024-10-27 19:00:00,99.396,74.04875,99.42675,27.3125,Amber,0.2617343174655801,0,0.0,0.4717,0,0
2024-10-27 20:00:00,99.251,61.5605,99.43225,33.6935,Amber,-0.33211072066260466,0,0.0,0.6186,0,0
2024-10-27 21:00:00,99.0365,47.16,99.4575,35.073,Red,-1.1074446058231475,0,0.0,0.9801,0,1
2024-10-27 22:00:00,99.41175,50.211749999999995,99.48275,41.446,Amber,0.758143383982326,0,0.0,0.9663,0,0
2024-10-27 23:00:00,99.42925,31.87025,99.68975,41.81575,Green,0.9154979320938429,0,0.0,0.9349,0,0
2024-10-28 00:00:00,99.41550000000001,36.3975,99.4685,43.99925,Green,0.5941503200081081,0,0.0,0.9174,0,0
2024-10-28 01:00:00,99.9125,43.19225,99.60025,50.4015,Green,1.740592808526073,0,0.1024,0.4028,0,0
2024-10-28 02:00:00,99.72149999999999,45.60725,99.37375,53.235749999999996,Amber,0.7762228395207829,0,0.0138,0.0792,0,0
2024-10-28 03:00:00,99.8605,56.56275,99.58425,54.571,Amber,1.0032595469836756,0,0.0642,0.0,0,0
2024-10-28 04:00:00,99.85,54.86825,99.29175,63.97025,Amber,0.6814200209355777,0,0.1041,0.0,0,0
2024-10-28 05:00:00,99.95575,72.58800000000001,99.29525,63.2545,Amber,0.8578092532867981,0,0.2497,0.0,0,0
2024-10-28 06:00:00,99.68875,88.622,99.626,62.7245,Amber,-1.3529756003240816,0,0.1283,0.0,0,0
2024-10-28 07:00:00,99.8985,85.59975,99.4265,63.7945,Amber,0.6699249983869808,0,0.2167,0.0,0,0
2024-10-28 08:00:00,99.734,104.39975,99.64225,58.369,Amber,-0.9629773979118919,0,0.1406,0.0,0,0
2024-10-28 09:00:00,99.95425,105.19125,99.716,54.26225,Green,0.950538745758862,0,0.2848,0.0,0,0
2024-10-28 10:00:00,99.80175,116.64975,99.575,50.66225,Amber,-0.3241449937832803,0,0.2764,0.0,0,0
2024-10-28 11:00:00,99.31875,119.1735,99.419,41.594,Amber,-1.8341854921095018,0,0.0,0.0792,0,0
2024-10-28 12:00:00,99.574,116.11500000000001,99.469,41.241,Amber,-0.594271548617406,0,0.0,0.0,0,0
2024-10-28 13:00:00,99.467,114.59325,99.58625,40.50775,Amber,-0.7497703637805538,0,0.0,0.0,0,0
2024-10-28 14:00:00,99.426,117.08225,99.6415,38.48125,Amber,-0.6782508044954482,0,0.0,0.0,0,0
2024-10-28 15:00:00,99.3245,103.05199999999999,99.03675,39.80275,Amber,-0.8841395533818552,0,0.0,0.0734,0,0
2024-10-28 16:00:00,99.3865,98.9765,99.4875,35.917500000000004,Amber,-0.30764391565264637,0,0.0,0.0849,0,0
2024-10-28 17:00:00,99.6345,93.389,99.57025,29.3555,Amber,1.4217714553972882,0,0.0,0.0,0,0
2024-10-28 18:00:00,99.45475,70.28649999999999,99.4085,26.50225,Amber,0.05616792444382632,0,0.0,0.0,0,0
2024-10-28 19:00:00,99.066,75.36025,99.20425,30.44775,Amber,-1.6933471846892472,0,0.0,0.3319,0,0
2024-10-28 20:00:00,99.37125,64.95625,99.50825,29.37675,Amber,-0.008989936902110338,0,0.0,0.3586,0,0
2024-10-28 21:00:00,99.1055,52.943,99.5155,33.048500000000004,Amber,-1.0696414570204806,0,0.0,0.651,0,0
2024-10-28 22:00:00,99.63275,44.419,99.382,38.29925,Amber,1.028224851570451,0,0.0,0.4162,0,0
2024-10-28 23:00:00,99.33525,40.6745,99.583,43.266,Green,0.035823161023675686,0,0.0,0.4789,0,0
2024-10-29 00:00:00,99.55825,44.44325,99.497,47.091499999999996,Amber,0.928318308101398,0,0.0,0.3186,0,0
2024-10-29 01:00:00,99.63475,39.33175,99.46775,50.8275,Amber,0.9373824710424368,0,0.0,0.0818,0,0
2024-10-29 02:00:00,99.83975,40.02675,99.39750000000001,55.92175,Amber,1.2432381111314885,0,0.0296,0.0,0,0
2024-10-29 03:00:00,99.78875,56.013999999999996,99.46325,55.95675,Amber,0.8752106967006361,0,0.0083,0.0,0,0
2024-10-29 04:00:00,99.84175,59.443999999999996,99.51775,60.8975,Green,0.8808032666802214,0,0.0399,0.0,0,0
2024-10-29 05:00:00,99.79925,64.89525,99.54375,58.22575,Amber,0.4683368813738231,0,0.0291,0.0,0,0
2024-10-29 06:00:00,99.69575,80.80449999999999,99.311,60.87325,Amber,-0.8481105577601024,0,0.0,0.0,0,0
2024-10-29 07:00:00,99.517,96.4805,99.43225000000001,59.74025,Amber,-1.8467884044453253,0,0.0,0.0,0,0
2024-10-29 08:00:00,99.81,93.44825,99.4635,56.4375,Amber,0.5628491765060811,0,0.0,0.0,0,0
2024-10-29 09:00:00,99.65875,105.884,99.562,53.8775,Amber,-0.5043433881283106,0,0.0,0.0,0,0
2024-10-29 10:00:00,99.809,110.72775,99.61525,46.90425,Green,0.8081991674268013,0,0.0,0.0,0,0
2024-10-29 11:00:00,99.521,119.61325,99.446,45.30325,Amber,-1.1298633438781742,0,0.0,0.0,0,0
2024-10-29 12:00:00,99.8325,126.28999999999999,99.5835,44.83425,Amber,0.9588035931724961,0,0.0224,0.0,0,0
2024-10-29 13:00:00,99.4815,113.23875,99.36500000000001,40.4355,Amber,-1.3070315002283608,0,0.0,0.0,0,0
2024-10-29 14:00:00,99.2445,113.97175,99.58924999999999,37.68775,Amber,-1.5586889750525492,0,0.0,0.1534,0,0
2024-10-29 15:00:00,99.5585,112.811,99.5855,30.646500000000003,Amber,-0.0726940090085065,0,0.0,0.0,0,0
2024-10-29 16:00:00,99.393,98.898,99.3945,34.33825,Amber,-0.5733981828182758,0,0.0,0.0049,0,0
2024-10-29 17:00:00,99.4175,97.4175,99.65575,32.9755,Green,-0.35477184534538175,0,0.0,0.0,0,0
2024-10-29 18:00:00,98.90575,77.41175,99.74775,31.2025,Amber,-1.8270250210733134,0,0.0,0.4922,0,0
2024-10-29 19:00:00,99.63625,73.90675,99.662,35.263999999999996,Green,1.0625723221884475,0,0.0,0.2539,0,0
2024-10-29 20:00:00,99.469,65.86625000000001,99.43425,31.313000000000002,Amber,0.2814424391934758,0,0.0,0.1828,0,0
2024-10-29 21:00:00,99.56725,51.68875,99.494,34.20575,Amber,0.6551838914693301,0,0.0,0.0135,0,0
2024-10-29 22:00:00,99.662,43.53575,99.29650000000001,38.5905,Amber,0.7835835906631518,0,0.0,0.0,0,0
2024-10-29 23:00:00,99.5515,43.4255,99.62925,41.5305,Amber,0.3052319714109037,0,0.0,0.0,0,0
2024-10-30 00:00:00,99.30825,42.104,99.19975,46.40975,Amber,-1.7351304258039997,0,0.0,0.0897,0,0
2024-10-30 01:00:00,99.58975000000001,46.683,99.4965,53.557,Amber,0.5297531249173658,0,0.0,0.0,0,0
2024-10-30 02:00:00,99.623,46.577,99.5415,57.7485,Amber,0.5814046207250646,0,0.0,0.0,0,0
2024-10-30 03:00:00,99.745,53.7085,99.6095,56.833,Amber,1.1102027061476472,0,0.0,0.0,0,0
2024-10-30 04:00:00,99.667,58.386,99.47775,59.53625,Amber,0.5778448245596649,0,0.0,0.0,0,0
2024-10-30 05:00:00,99.603,66.52074999999999,99.50800000000001,60.11325,Amber,0.09189350547917786,0,0.0,0.0,0,0
2024-10-30 06:00:00,99.8145,80.41475,99.4,57.49225,Amber,1.5826320789413701,0,0.0044,0.0,0,0
2024-10-30 07:00:00,99.84675,92.10025,99.65525,65.96525,Amber,1.2835284756773468,0,0.041,0.0,0,0
2024-10-30 08:00:00,99.79,100.4435,99.565,57.2795,Amber,0.4894103045148898,0,0.0209,0.0,0,0
2024-10-30 09:00:00,99.907,112.02250000000001,99.42725,56.4585,Amber,1.184721672635238,0,0.1178,0.0,0,0
2024-10-30 10:00:00,99.572,119.5655,99.6725,50.98825,Amber,-1.3466722876110568,0,0.0,0.0,0,0
2024-10-30 11:00:00,99.72025,121.006,99.42575,50.009,Amber,-0.46825461606288776,0,0.0,0.0,0,0
2024-10-30 12:00:00,99.35650000000001,117.26475,99.621,39.54025,Amber,-1.681005441118795,0,0.0,0.0414,0,0
2024-10-30 13:00:00,99.709,123.15899999999999,99.51375,42.147,Amber,0.1739156493930281,0,0.0,0.0,0,0
2024-10-30 14:00:00,99.4665,113.41825,99.382,35.024,Amber,-0.785529147458458,0,0.0,0.0,0,0
2024-10-30 15:00:00,99.6745,108.45824999999999,99.653,34.53975,Amber,0.6214944374806701,0,0.0,0.0,0,0
2024-10-30 16:00:00,99.43275,103.26975,99.64025000000001,29.573249999999998,Green,-0.7968538620901873,0,0.0,0.0,0,0
2024-10-30 17:00:00,99.3775,93.76425,99.508,28.51375,Amber,-0.8249737925889216,0,0.0,0.0204,0,0
2024-10-30 18:00:00,99.22975,85.316,99.4495,28.969250000000002,Amber,-1.3834029219513893,0,0.0,0.1886,0,0
2024-10-30 19:00:00,99.638,74.59875,99.46675,32.1325,Green,1.0132720338210757,0,0.0,0.0,0,0
2024-10-30 20:00:00,99.38125,52.864,99.30125,35.64425,Amber,-0.4377350454184374,0,0.0,0.0167,0,0
2024-10-30 21:00:00,99.749,51.273,99.58924999999999,36.5405,Amber,1.474313997941118,0,0.0,0.0,0,0
2024-10-30 22:00:00,99.5765,46.817750000000004,99.6765,35.256,Green,0.43501700482193434,0,0.0,0.0,0,0
2024-10-30 23:00:00,99.863,42.677,99.14175,45.98725,Red,1.2393965738382011,0,0.0529,0.0,0,1
2024-10-31 00:00:00,99.86925,35.4035,99.505,47.7925,Amber,1.0119693625105117,0,0.112,0.0,0,0
2024-10-31 01:00:00,99.7865,50.286,99.46175,48.47275,Amber,0.43129288495715695,0,0.0884,0.0,0,0
2024-10-31 02:00:00,99.5915,52.62125,99.4015,52.46675,Amber,-1.1480591908558206,0,0.0,0.0,0,0
2024-10-31 03:00:00,99.72775,46.6295,99.464,56.6,Amber,-0.06215834987870016,0,0.0,0.0,0,0
2024-10-31 04:00:00,99.721,63.296499999999995,99.78925,57.408,Amber,-0.3729839592755796,0,0.0,0.0,0,0
2024-10-31 05:00:00,99.6835,74.725,99.571,58.07825,Green,-0.4947283232768077,0,0.0,0.0,0,0
2024-10-31 06:00:00,100.0,82.4275,99.388,58.40225,Amber,1.8041926008332916,0,0.1899,0.0,0,0
2024-10-31 07:00:00,99.62475,92.34575,99.39375,57.964,Amber,-0.6892692093526519,0,0.0045,0.0,0,0
2024-10-31 08:00:00,99.5015,106.06025,99.413,58.94625,Amber,-1.262804324724769,0,0.0,0.0,0,0
2024-10-31 09:00:00,99.82025,109.02025,99.34225,53.90675,Green,0.5556003907932121,0,0.0101,0.0,0,0
2024-10-31 10:00:00,99.744,112.94275,99.31525,48.13875,Red,0.08757501845608194,0,0.0,0.0,0,1
2024-10-31 11:00:00,99.5595,123.285,99.69975,47.90675,Amber,-0.8053061464793598,0,0.0,0.0,0,0
2024-10-31 12:00:00,99.54575,114.71575,99.43325,39.616749999999996,Amber,-0.6966388339751795,0,0.0,0.0,0,0
2024-10-31 13:00:00,99.93925,121.94,99.4935,36.883500000000005,Amber,1.4427377110727873,0,0.1291,0.0,0,0
2024-10-31 14:00:00,99.39099999999999,110.3715,99.329,37.35225,Amber,-1.3580136645980012,0,0.0,0.0069,0,0
2024-10-31 15:00:00,99.31125,103.328,99.3415,30.4155,Amber,-1.1740990348244664,0,0.0,0.0936,0,0
2024-10-31 16:00:00,99.6815,90.64349999999999,99.24975,35.328,Amber,0.49402051623107396,0,0.0,0.0,0,0
2024-10-31 17:00:00,99.7355,88.65325,99.475,32.0895,Amber,0.5799535751119205,0,0.0,0.0,0,0
2024-10-31 18:00:00,99.64925,84.18275,99.22825,32.134,Amber,0.13524998109306727,0,0.0,0.0,0,0
2024-10-31 19:00:00,99.2905,60.286,99.52250000000001,27.236,Amber,-1.0925887367664213,0,0.0,0.1074,0,0
2024-10-31 20:00:00,99.62575,56.89425,99.57075,30.717750000000002,Amber,0.3922576050578517,0,0.0,0.0,0,0
2024-10-31 21:00:00,99.515,54.4195,99.4695,33.389250000000004,Amber,-0.42224952348680395,0,0.0,0.0,0,0
2024-10-31 22:00:00,99.52,46.16075,99.635,40.367000000000004,Green,-0.23311042450257852,0,0.0,0.0,0,0
2024-10-31 23:00:00,99.45125,43.9295,99.76475,44.7775,Green,-0.44125711046781596,0,0.0,0.0,0,0
2024-11-01 00:00:00,99.50225,37.53525,99.66175,48.27925,Amber,0.16383056081746258,0,0.0,0.0,0,0
2024-11-01 01:00:00,99.66525,37.6295,99.59325,50.769999999999996,Amber,1.4583185871090285,0,0.0,0.0,0,0
2024-11-01 02:00:00,99.6485,46.213499999999996,99.44225,51.1995,Amber,1.1385187841628694,0,0.0,0.0,0,0
2024-11-01 03:00:00,99.99825,46.30475,99.16575,57.5305,Amber,1.8479763407369634,0,0.1881,0.0,0,0
2024-11-01 04:00:00,99.62525,60.202,99.577,63.118,Amber,-0.12116539296222485,0,0.0033,0.0,0,0
2024-11-01 05:00:00,99.62975,69.75875,99.4475,58.8565,Amber,-0.29001754374182515,0,0.0,0.0,0,0
2024-11-01 06:00:00,100.0,80.644,99.42025,62.4795,Amber,1.2918883513177453,0,0.1899,0.0,0,0
2024-11-01 07:00:00,99.84975,92.29025,99.31925,62.6145,Amber,0.31946659826329943,0,0.2295,0.0,0,0
2024-11-01 08:00:00,99.96175,109.224,99.61,54.798249999999996,Amber,0.6663867732752087,0,0.3812,0.0,0,0
2024-11-01 09:00:00,99.5925,109.355,99.354,61.620000000000005,Amber,-1.0040906589401721,0,0.1636,0.0,0,0
2024-11-01 10:00:00,99.79599999999999,107.771,99.658,58.45425,Amber,-0.05343182057985457,0,0.1495,0.0,0,0
2024-11-01 11:00:00,99.51474999999999,122.1485,99.4795,45.22925,Amber,-1.383634117036138,0,0.0,0.0,0,0
2024-11-01 12:00:00,99.59100000000001,118.96625,99.39975,45.2455,Amber,-0.7167692685768686,0,0.0,0.0,0,0
2024-11-01 13:00:00,99.713,116.587,99.91024999999999,40.658249999999995,Green,0.11035760363298822,0,0.0,0.0,0,0
2024-11-01 14:00:00,99.85300000000001,113.2485,99.54775000000001,35.348,Amber,1.3342126319071999,0,0.0429,0.0,0,0
2024-11-01 15:00:00,99.17075,111.98925,99.62125,32.6005,Amber,-1.7594944037955575,0,0.0,0.2272,0,0
2024-11-01 16:00:00,99.40725,101.29525,99.6005,32.1645,Amber,-0.5627472092408957,0,0.0,0.2179,0,0
2024-11-01 17:00:00,98.9125,89.99075,99.43,27.8205,Amber,-1.5018955015219884,0,0.0,0.7033,0,0
2024-11-01 18:00:00,99.41975,78.167,99.518,27.49125,Amber,0.020449520181991962,0,0.0,0.6815,0,0
2024-11-01 19:00:00,99.5385,78.07675,99.27475,34.19925,Amber,0.4833066746875809,0,0.0,0.5409,0,0
2024-11-01 20:00:00,99.63775,60.774,99.71675,32.3375,Amber,1.0961260954623777,0,0.0,0.3011,0,0
2024-11-01 21:00:00,99.53825,54.6035,99.5355,33.48675,Amber,0.5012602996182752,0,0.0,0.1608,0,0
2024-11-01 22:00:00,99.31774999999999,42.68925,99.3595,35.55825,Amber,-0.2929742192899223,0,0.0,0.2409,0,0
2024-11-01 23:00:00,99.5455,40.07125,99.22675,43.26175,Amber,0.4069810296258912,0,0.0,0.0934,0,0
2024-11-02 00:00:00,99.831,34.65725,99.35549999999999,47.20125,Amber,1.5770699128005916,0,0.0209,0.0,0,0
2024-11-02 01:00:00,99.8515,39.32425,99.38075,52.1015,Green,1.1502583364721286,0,0.0623,0.0,0,0
2024-11-02 02:00:00,99.54675,51.629,99.7615,56.68275,Amber,-0.2877749156890265,0,0.0,0.0,0,0
2024-11-02 03:00:00,99.996,56.29625,99.47675,52.33825,Amber,1.2451973362323732,0,0.1859,0.0,0,0
2024-11-02 04:00:00,100.0,58.6265,99.429,57.2015,Amber,0.9978066694259693,0,0.3758,0.0,0,0
2024-11-02 05:00:00,99.39750000000001,62.729,99.5665,60.66825,Amber,-1.5152026293375005,0,0.0,0.0004,0,0
2024-11-02 06:00:00,99.68525,84.84275,99.49025,57.3745,Amber,-0.2474613375963473,0,0.0,0.0,0,0
2024-11-02 07:00:00,99.712,85.89699999999999,99.203,58.3145,Amber,-0.045343193750655895,0,0.0,0.0,0,0
2024-11-02 08:00:00,99.4585,98.02225,99.46525,57.15475,Amber,-0.9758374663407373,0,0.0,0.0,0,0
2024-11-02 09:00:00,99.5835,110.45975,99.71875,53.921,Amber,-0.25990858527708827,0,0.0,0.0,0,0
2024-11-02 10:00:00,99.93575,112.3045,99.59625,51.17,Green,1.5795348726221656,0,0.1256,0.0,0,0
2024-11-02 11:00:00,99.7715,116.211,99.47375,48.232749999999996,Green,0.4940528028083385,0,0.087,0.0,0,0
2024-11-02 12:00:00,99.638,120.89075,99.41575,47.5875,Amber,-0.2752504259888314,0,0.0,0.0,0,0
2024-11-02 13:00:00,99.42725,107.60575,99.438,38.296,Red,-1.0808681020196225,0,0.0,0.0,0,1
2024-11-02 14:00:00,99.03425,111.7545,99.6585,36.88975,Red,-1.701745411982814,0,0.0,0.3637,0,1
2024-11-02 15:00:00,99.83225,109.05475,99.48775,34.051500000000004,Green,0.682409495060599,0,0.0221,0.0,0,0
2024-11-02 16:00:00,99.29599999999999,107.56575000000001,99.61725,28.740499999999997,Amber,-0.6671151819212872,0,0.0,0.1019,0,0
2024-11-02 17:00:00,99.36475,89.74425,99.50825,36.3665,Amber,-0.24300550323602743,0,0.0,0.1351,0,0
2024-11-02 18:00:00,99.61149999999999,74.14375,99.6945,30.410249999999998,Green,0.6725625013761843,0,0.0,0.0,0,0
2024-11-02 19:00:00,99.80475,73.21575,99.4605,32.08675,Amber,1.0015323619252896,0,0.0,0.0,0,0
2024-11-02 20:00:00,99.4145,64.54575,99.48825,29.33775,Amber,-0.6052606550006858,0,0.0,0.0,0,0
2024-11-02 21:00:00,99.53975,51.843,99.54575,38.159,Amber,0.185194198447055,0,0.0,0.0,0,0
2024-11-02 22:00:00,99.50325000000001,42.7715,99.62174999999999,38.015,Amber,-0.23269857755709372,0,0.0,0.0,0,0
2024-11-02 23:00:00,99.68549999999999,47.186499999999995,99.71025,38.818,Amber,0.6643671624082333,0,0.0,0.0,0,0
2024-11-03 00:00:00,99.5035,41.2565,99.3965,48.466499999999996,Amber,-0.5014245312420921,0,0.0,0.0,0,0
2024-11-03 01:00:00,99.932,46.82525,99.4685,48.39475,Green,1.7980355366613376,0,0.1219,0.0,0,0
2024-11-03 02:00:00,99.334,42.55875,99.59375,55.438500000000005,Amber,-1.2183094163442143,0,0.0,0.0639,0,0
2024-11-03 03:00:00,99.87049999999999,48.307,99.22325000000001,55.44475,Red,0.9973777800900453,0,0.0604,0.0,0,1
2024-11-03 04:00:00,99.89875,62.484500000000004,99.41525,54.364,Amber,0.8014978422241346,0,0.149,0.0,0,0
2024-11-03 05:00:00,99.43275,64.2955,99.46925,62.023250000000004,Amber,-0.856813543629263,0,0.0,0.0,0,0
2024-11-03 06:00:00,99.893,79.065,99.39225,63.630250000000004,Amber,0.6186626411508136,0,0.0829,0.0,0,0
2024-11-03 07:00:00,99.74175,86.21375,99.33850000000001,62.402499999999996,Amber,0.18641058350621773,0,0.0145,0.0,0,0
2024-11-03 08:00:00,99.988,98.08875,99.47675,56.84575,Amber,0.9266349839382068,0,0.1924,0.0,0,0
2024-11-03 09:00:00,99.8245,111.39225,99.485,56.32775,Amber,0.14290050322720468,0,0.2068,0.0,0,0
2024-11-03 10:00:00,99.618,118.952,99.39875,52.32375,Amber,-0.6570496799816758,0,0.0147,0.0,0,0
2024-11-03 11:00:00,99.549,114.5035,99.62225000000001,44.85525,Amber,-1.3227670445138155,0,0.0,0.0,0,0
2024-11-03 12:00:00,99.1135,120.0505,99.2645,46.681,Amber,-1.7492479646719024,0,0.0,0.2844,0,0
2024-11-03 13:00:00,99.4225,119.0455,99.47975,37.91475,Green,-0.5325150442280991,0,0.0,0.2599,0,0
2024-11-03 14:00:00,99.32975,112.40875,99.31425,39.3695,Amber,-0.5953368687874652,0,0.0,0.328,0,0
2024-11-03 15:00:00,99.299,108.14775,99.55075,33.54675,Amber,-0.49088666637467016,0,0.0,0.427,0,0
2024-11-03 16:00:00,99.088,101.13625,99.42775,29.30475,Red,-1.1956761559135054,0,0.0,0.7369,0,1
2024-11-03 17:00:00,99.56675,87.70825,99.526,35.785250000000005,Amber,1.4430580281641483,0,0.0,0.5681,0,0
2024-11-03 18:00:00,99.1675,89.35275,99.26375,28.38275,Amber,-0.8395071115035738,0,0.0,0.7985,0,0
2024-11-03 19:00:00,99.39475,66.7845,99.4885,35.663,Amber,0.5148738732786198,0,0.0,0.8017,0,0
2024-11-03 20:00:00,99.7495,57.60975,99.3455,28.938,Green,1.4971112312857797,0,0.0,0.4501,0,0
2024-11-03 21:00:00,99.32525,47.17125,99.35249999999999,36.57375,Red,-0.22959847940069544,0,0.0,0.5228,0,1
2024-11-03 22:00:00,99.45824999999999,43.0405,99.52924999999999,36.78425,Amber,0.07263041264486098,0,0.0,0.4625,0,0
2024-11-03 23:00:00,99.50450000000001,40.03875,99.4965,44.0865,Amber,0.36578716821281687,0,0.0,0.3559,0,0
2024-11-04 00:00:00,99.84875,36.92975,99.3215,46.5025,Amber,1.4590451194880594,0,0.0386,0.0,0,0
2024-11-04 01:00:00,99.72525,42.10125,99.58275,49.1135,Amber,0.6097051222689976,0,0.0,0.0,0,0
2024-11-04 02:00:00,100.0,45.93675,99.295,54.56325,Amber,1.3852964228415414,0,0.1899,0.0,0,0
2024-11-04 03:00:00,99.8825,58.7825,99.232,54.31175,Green,0.6736542385789998,0,0.2623,0.0,0,0
2024-11-04 04:00:00,100.0,57.52975,99.30125,63.8035,Amber,0.9183737891253635,0,0.4522,0.0,0,0
2024-11-04 05:00:00,99.63725,81.0895,99.42225,60.751000000000005,Amber,-1.4480446795727284,0,0.2793,0.0,0,0
2024-11-04 06:00:00,99.543,81.614,99.418,60.336,Amber,-1.3260173841803433,0,0.0122,0.0,0,0
2024-11-04 07:00:00,99.53575000000001,94.88875,99.74549999999999,59.308,Amber,-1.0476110737343933,0,0.0,0.0,0,0
2024-11-04 08:00:00,99.79125,96.72075,99.445,57.5115,Amber,0.31321197407844736,0,0.0,0.0,0,0
2024-11-04 09:00:00,99.6425,103.4705,99.31450000000001,52.711,Amber,-0.27742585222575733,0,0.0,0.0,0,0
2024-11-04 10:00:00,99.80475,118.24175,99.56525,51.9645,Amber,1.247935164108013,0,0.0,0.0,0,0
2024-11-04 11:00:00,99.4985,119.6015,99.46275,48.99675,Amber,-1.0232660423031459,0,0.0,0.0,0,0
2024-11-04 12:00:00,99.50375,118.64675,99.6845,41.11475,Amber,-0.8939426405760668,0,0.0,0.0,0,0
2024-11-04 13:00:00,99.498,114.489,99.26825,43.585,Amber,-0.855068791683355,0,0.0,0.0,0,0
2024-11-04 14:00:00,99.72775,112.576,99.55125,42.2515,Amber,0.8631572185868747,0,0.0,0.0,0,0
2024-11-04 15:00:00,99.42575,116.06675,99.195,29.32075,Amber,-0.9924359589044807,0,0.0,0.0,0,0
2024-11-04 16:00:00,99.03775,94.599,99.3745,35.397999999999996,Red,-1.8184288682410001,0,0.0,0.3602,0,1
2024-11-04 17:00:00,99.863,90.32225,99.51025,32.67025,Amber,1.2467859811028998,0,0.0529,0.0,0,0
2024-11-04 18:00:00,99.22425,86.52374999999999,99.53275,25.80425,Amber,-0.7774515058145923,0,0.0,0.1737,0,0
2024-11-04 19:00:00,99.217,74.13875,99.66024999999999,33.35625,Red,-0.6188802411237477,0,0.0,0.3546,0,1
2024-11-04 20:00:00,99.81375,63.5785,99.54575,31.700499999999998,Green,1.1295713304828978,0,0.0036,0.0,0,0
2024-11-04 21:00:00,99.72625,54.787,99.47149999999999,35.557,Amber,0.6826392153855357,0,0.0,0.0,0,0
2024-11-04 22:00:00,99.51375,46.301500000000004,99.584,42.2665,Green,-0.15911997727415805,0,0.0,0.0,0,0
2024-11-04 23:00:00,99.74025,40.34625,99.69,44.66025,Green,0.7550911143061926,0,0.0,0.0,0,0
2024-11-05 00:00:00,99.34075,41.21275,99.43599999999999,39.88875,Amber,-0.9010094498198451,0,0.0,0.0572,0,0
2024-11-05 01:00:00,99.72800000000001,42.265249999999995,99.66375,47.8855,Green,0.4695291114447606,0,0.0,0.0,0,0
2024-11-05 02:00:00,99.92375,44.302,99.72200000000001,54.13875,Amber,1.2817988583937954,0,0.1136,0.0,0,0
2024-11-05 03:00:00,99.712,47.64975,99.38975,58.876,Amber,0.2570174640080413,0,0.0155,0.0,0,0
2024-11-05 04:00:00,99.9985,57.942,99.316,58.817499999999995,Amber,1.1292407424390378,0,0.2039,0.0,0,0
2024-11-05 05:00:00,99.90625,67.41749999999999,99.49275,61.494,Amber,0.5794347443313499,0,0.3001,0.0,0,0
2024-11-05 06:00:00,99.64025,80.43975,99.69225,61.973,Amber,-1.242439815311787,0,0.1302,0.0,0,0
2024-11-05 07:00:00,99.8135,94.3255,99.655,57.218,Amber,-0.138277195364412,0,0.1336,0.0,0,0
2024-11-05 08:00:00,99.91675000000001,106.5095,99.43425,56.20325,Amber,0.6308806568080928,0,0.2402,0.0,0,0
2024-11-05 09:00:00,99.8685,112.40549999999999,99.59825000000001,53.837,Amber,0.09150197117767024,0,0.2986,0.0,0,0
2024-11-05 10:00:00,99.6265,114.92775,99.346,54.429,Amber,-1.2924199355240438,0,0.115,0.0,0,0
2024-11-05 11:00:00,99.39725,119.9445,99.56575,48.685,Amber,-1.6142670916348227,0,0.0,0.0007,0,0
2024-11-05 12:00:00,99.3845,108.35675,99.45775,40.99025,Red,-1.200205192656256,0,0.0,0.0141,0,1
2024-11-05 13:00:00,99.44825,116.5,99.6215,39.26,Green,-0.6666176413069148,0,0.0,0.0,0,0
2024-11-05 14:00:00,99.38225,117.5445,99.58175,35.62,Amber,-0.695159410562722,0,0.0,0.0157,0,0
2024-11-05 15:00:00,99.33625,106.321,99.48125,32.455,Amber,-0.9011858212763327,0,0.0,0.0774,0,0
2024-11-05 16:00:00,99.4405,102.59275,99.48725,34.658,Amber,1.0222289796388617,0,0.0,0.0348,0,0
2024-11-05 17:00:00,99.452,90.40925,99.34425,30.7885,Amber,0.9543706840579376,0,0.0,0.0,0,0
2024-11-05 18:00:00,99.68075,82.566,99.74775,32.9685,Green,1.8857137505117403,0,0.0,0.0,0,0
2024-11-05 19:00:00,99.48725,65.245,99.31275,31.8795,Amber,0.2017956302422139,0,0.0,0.0,0,0
2024-11-05 20:00:00,99.626,59.426249999999996,99.101,29.90975,Amber,0.9584970867516867,0,0.0,0.0,0,0
2024-11-05 21:00:00,99.45824999999999,53.338499999999996,99.4845,31.7115,Green,-0.6410187948025947,0,0.0,0.0,0,0
2024-11-05 22:00:00,99.606,45.234,99.53524999999999,40.54675,Amber,0.5544026384021957,0,0.0,0.0,0,0
2024-11-05 23:00:00,99.77000000000001,38.98075,99.463,41.7195,Amber,1.4090466294927022,0,0.0,0.0,0,0
2024-11-06 00:00:00,99.8015,44.82,99.48275000000001,50.146,Amber,1.2534928713765603,0,0.0,0.0,0,0
2024-11-06 01:00:00,99.97125,41.4825,99.5695,48.4785,Green,1.479348753169772,0,0.1611,0.0,0,0
2024-11-06 02:00:00,99.86075,41.45725,99.37425,54.828,Amber,0.6298686620380712,0,0.2118,0.0,0,0
2024-11-06 03:00:00,99.79075,47.03675,99.6565,57.38275,Amber,-0.07762435214417299,0,0.1924,0.0,0,0
2024-11-06 04:00:00,99.72,62.4675,99.41225,58.86025,Green,-1.1326715642572815,0,0.1023,0.0,0,0
2024-11-06 05:00:00,99.46175,70.52175,99.67399999999999,63.6805,Amber,-1.7802387624449023,0,0.0,0.0,0,0
2024-11-06 06:00:00,99.8865,79.493,99.46575,62.53225,Amber,0.5861717983981506,0,0.0764,0.0,0,0
2024-11-06 07:00:00,99.357,90.97175,99.3685,59.88775,Amber,-1.4683349978237346,0,0.0,0.0409,0,0
2024-11-06 08:00:00,99.91275,103.15549999999999,99.59875,55.4555,Green,0.9808178304091856,0,0.1026,0.0,0,0
2024-11-06 09:00:00,99.88425000000001,109.32025,99.53399999999999,55.32475,Amber,0.7513151935226127,0,0.1768,0.0,0,0
2024-11-06 10:00:00,99.66375,115.638,99.4695,48.8655,Amber,-0.1270942103532489,0,0.0304,0.0,0,0
2024-11-06 11:00:00,99.44225,117.87475,99.4585,48.10675,Amber,-1.0177015685918078,0,0.0,0.0,0,0
2024-11-06 12:00:00,98.86925,126.02674999999999,99.53925000000001,38.18,Red,-1.669067656666566,0,0.0,0.5287,0,1
2024-11-06 13:00:00,99.52575,117.009,99.42699999999999,42.03425,Amber,-0.06251285714365439,0,0.0,0.4009,0,0
2024-11-06 14:00:00,99.65275,107.234,99.7955,36.00275,Green,0.4228807986355984,0,0.0,0.146,0,0
2024-11-06 15:00:00,99.21175,113.2895,99.701,34.3315,Amber,-0.5965326381043545,0,0.0,0.3322,0,0
2024-11-06 16:00:00,99.23675,100.54975,99.44624999999999,29.61875,Amber,-0.3092149609562959,0,0.0,0.4934,0,0
2024-11-06 17:00:00,99.22749999999999,94.807,99.366,29.7395,Amber,-0.21774347471634378,0,0.0,0.6638,0,0
2024-11-06 18:00:00,99.06175,83.09925,99.583,26.09675,Amber,-1.1592240974862766,0,0.0,1.0,0,0
2024-11-06 19:00:00,99.8025,70.3295,99.4935,32.40475,Green,1.4988883249156184,0,0.0,0.5954,0,0
2024-11-06 20:00:00,99.04175,54.048249999999996,99.4315,35.06875,Amber,-0.7996422141415128,0,0.0,0.9516,0,0
2024-11-06 21:00:00,99.378,53.58225,99.1665,36.8845,Amber,0.309827079949621,0,0.0,0.9715,0,0
2024-11-06 22:00:00,99.7955,47.55275,99.6705,37.729,Green,1.1964861080435476,0,0.0,0.574,0,0
2024-11-06 23:00:00,99.67025,40.59675,99.45725,40.311499999999995,Amber,0.6047003454053408,0,0.0,0.3016,0,0
2024-11-07 00:00:00,99.537,40.434,99.6125,48.28775,Amber,-0.0017137359771800629,0,0.0,0.1626,0,0
2024-11-07 01:00:00,100.0,40.3475,99.37375,49.2235,Amber,1.2804282276334384,0,0.1899,0.0,0,0
2024-11-07 02:00:00,99.49725000000001,48.97125,99.511,55.8665,Amber,-0.6613393829475018,0,0.0,0.0,0,0
2024-11-07 03:00:00,99.67699999999999,45.125249999999994,99.40575,58.277249999999995,Red,-0.10452456761063687,0,0.0,0.0,0,1
2024-11-07 04:00:00,99.77225,64.73325,99.596,58.15875,Amber,0.4415577059251713,0,0.0,0.0,0,0
2024-11-07 05:00:00,99.9365,72.35475,99.24025,59.77675,Amber,0.9721028141338164,0,0.1264,0.0,0,0
2024-11-07 06:00:00,99.994,77.91375000000001,99.1765,58.89725,Amber,0.8994768643455686,0,0.3103,0.0,0,0
2024-11-07 07:00:00,99.892,88.76375,99.6435,58.993,Amber,0.5236916245394957,0,0.3922,0.0,0,0
2024-11-07 08:00:00,99.86225,103.782,99.66275,60.1175,Amber,0.05733805232238341,0,0.4443,0.0,0,0
2024-11-07 09:00:00,99.66,104.74925,99.479,56.5645,Amber,-1.6043925888287303,0,0.2942,0.0,0,0
2024-11-07 10:00:00,99.78375,118.94225,99.515,48.978,Amber,-0.5979871911332866,0,0.2678,0.0,0,0
2024-11-07 11:00:00,99.753,124.15950000000001,99.56125,49.268,Amber,-0.6078228174229396,0,0.2107,0.0,0,0
2024-11-07 12:00:00,99.1635,116.09475,99.40225000000001,46.60975,Amber,-1.9430050691737513,0,0.0,0.2344,0,0
2024-11-07 13:00:00,99.51225,120.0145,99.45725,40.19825,Amber,-0.43243620449880743,0,0.0,0.1201,0,0
2024-11-07 14:00:00,99.833,114.40775,99.67325,36.02475,Green,0.8631326708587939,0,0.0229,0.0,0,0
2024-11-07 15:00:00,99.33025,108.76075,99.37875,32.543,Amber,-0.8495584245479583,0,0.0,0.0677,0,0
2024-11-07 16:00:00,99.186,102.4135,99.5475,28.87875,Amber,-0.9703155831388337,0,0.0,0.2796,0,0
2024-11-07 17:00:00,99.70425,83.23025,99.597,31.253,Amber,0.9031735834671166,0,0.0,0.0,0,0
2024-11-07 18:00:00,99.4225,77.06375,99.3425,28.8235,Amber,-0.3157719785628056,0,0.0,0.0,0,0
2024-11-07 19:00:00,99.2675,74.36725,99.2845,30.434749999999998,Amber,-0.7395929566744069,0,0.0,0.1304,0,0
2024-11-07 20:00:00,99.63025,59.58225,99.38875,32.75375,Amber,1.0066342811134172,0,0.0,0.0,0,0
2024-11-07 21:00:00,99.45375,54.873,99.56225,36.4535,Amber,0.048457822716048184,0,0.0,0.0,0,0
2024-11-07 22:00:00,99.56700000000001,36.546,99.55924999999999,36.130250000000004,Amber,0.3759987276284877,0,0.0,0.0,0,0
2024-11-07 23:00:00,99.54849999999999,44.5325,99.571,43.60275,Amber,0.5163567568141191,0,0.0,0.0,0,0
2024-11-08 00:00:00,99.52875,33.24125,99.3535,46.89375,Amber,0.23169667833991714,0,0.0,0.0,0,0
2024-11-08 01:00:00,99.783,43.2825,99.4965,55.1335,Amber,1.757912895730637,0,0.0,0.0,0,0
2024-11-08 02:00:00,99.74549999999999,42.581,99.6895,54.52825,Amber,1.0836603321532026,0,0.0,0.0,0,0
2024-11-08 03:00:00,99.744,59.56325,99.387,54.57525,Amber,0.7850468605706512,0,0.0,0.0,0,0
2024-11-08 04:00:00,100.0,56.10675,99.42999999999999,59.36,Amber,1.5909445703099665,0,0.1899,0.0,0,0
2024-11-08 05:00:00,99.47175,64.636,99.16499999999999,59.4035,Amber,-1.2620976435965896,0,0.0,0.0,0,0
2024-11-08 06:00:00,99.65825,79.244,99.5715,58.69325,Amber,-0.43898017283146307,0,0.0,0.0,0,0
2024-11-08 07:00:00,99.57775000000001,90.86275,99.2495,57.608000000000004,Amber,-0.6749741179727928,0,0.0,0.0,0,0
2024-11-08 08:00:00,99.87975,101.51225,99.59100000000001,57.43875,Amber,0.8093480146606216,0,0.0696,0.0,0,0
2024-11-08 09:00:00,99.94325,110.01125,99.753,54.89575,Green,0.8732839468476299,0,0.2028,0.0,0,0
2024-11-08 10:00:00,99.47725,113.05725000000001,99.6255,51.231,Amber,-0.9449546722302936,0,0.0,0.0,0,0
2024-11-08 11:00:00,99.4765,120.11725,99.32725,47.4785,Amber,-0.9569359607312558,0,0.0,0.0,0,0
2024-11-08 12:00:00,99.2365,121.714,99.68625,45.57175,Amber,-1.3509451391662155,0,0.0,0.1614,0,0
2024-11-08 13:00:00,99.582,115.429,99.444,40.3915,Amber,-0.0642340860811687,0,0.0,0.0,0,0
2024-11-08 14:00:00,99.2535,114.73075,99.4185,36.20875,Amber,-0.9333294025501753,0,0.0,0.1444,0,0
2024-11-08 15:00:00,98.96775,106.81425,99.42099999999999,33.82475,Amber,-1.622202812901628,0,0.0,0.5746,0,0
2024-11-08 16:00:00,99.3485,103.7695,99.56899999999999,35.59375,Red,0.17623244059760368,0,0.0,0.624,0,1
2024-11-08 17:00:00,99.53125,86.989,99.433,30.268,Amber,0.945949207596581,0,0.0,0.4907,0,0
2024-11-08 18:00:00,99.4005,83.783,99.66225,32.8055,Green,0.24075066246155932,0,0.0,0.4881,0,0
2024-11-08 19:00:00,99.321,73.093,99.39125,30.183999999999997,Amber,0.09121036137890622,0,0.0,0.5651,0,0
2024-11-08 20:00:00,99.40174999999999,72.59225,99.305,27.43975,Amber,0.3838849884531831,0,0.0,0.5613,0,0
2024-11-08 21:00:00,99.517,53.195499999999996,99.66325,39.275999999999996,Amber,1.1213740398751302,0,0.0,0.4422,0,0
2024-11-08 22:00:00,99.53475,40.94975,99.45375,36.72275,Amber,0.939583503988599,0,0.0,0.3054,0,0
2024-11-08 23:00:00,99.49549999999999,44.352000000000004,99.41525,44.404,Amber,0.6024559462986423,0,0.0,0.2078,0,0
2024-11-09 00:00:00,99.45175,46.55875,99.303,45.7425,Amber,-0.023208324498185454,0,0.0,0.154,0,0
2024-11-09 01:00:00,99.47775,35.332750000000004,99.3765,49.22775,Amber,-0.04164384506685524,0,0.0,0.0741,0,0
2024-11-09 02:00:00,99.74575,44.724000000000004,99.4125,53.308499999999995,Green,1.9632841784021733,0,0.0,0.0,0,0
2024-11-09 03:00:00,100.0,52.8555,99.4675,56.866,Amber,1.7772832720602598,0,0.1899,0.0,0,0
2024-11-09 04:00:00,100.0,58.5845,99.52825,61.20825,Amber,1.1781974188039586,0,0.3798,0.0,0,0
2024-11-09 05:00:00,99.83475,74.11775,99.52975,58.01925,Amber,0.34189971116174017,0,0.4044,0.0,0,0
2024-11-09 06:00:00,100.0,77.2235,99.765,61.955,Amber,0.753632172559228,0,0.5943,0.0,0,0
2024-11-09 07:00:00,99.67750000000001,90.49324999999999,99.83225,63.925999999999995,Amber,-1.3773623506811,0,0.4617,0.0,0,0
2024-11-09 08:00:00,99.7645,98.5615,99.63550000000001,55.9995,Green,-0.8145402405564979,0,0.4161,0.0,0,0
2024-11-09 09:00:00,99.35225,102.3945,99.455,56.27725,Amber,-1.7316674793821114,0,0.0,0.0457,0,0
2024-11-09 10:00:00,99.92875000000001,112.4815,99.38075,52.251999999999995,Amber,0.7349790104389641,0,0.1186,0.0,0,0
2024-11-09 11:00:00,99.7365,117.48925,99.69125,44.25975,Green,-0.029713374147340085,0,0.045,0.0,0,0
2024-11-09 12:00:00,99.207,120.23275,99.695,45.747,Amber,-1.4757647274342134,0,0.0,0.1909,0,0
2024-11-09 13:00:00,99.56025,108.27499999999999,99.4945,38.561,Amber,-0.11491420849169526,0,0.0,0.0286,0,0
2024-11-09 14:00:00,99.72874999999999,114.222,99.25450000000001,32.762,Amber,0.5339605735612233,0,0.0,0.0,0,0
2024-11-09 15:00:00,99.421,110.65475,99.4545,36.44475,Amber,-0.6838924675568574,0,0.0,0.0,0,0
2024-11-09 16:00:00,99.60775,94.49549999999999,99.49175,32.45425,Amber,0.31771225352395244,0,0.0,0.0,0,0
2024-11-09 17:00:00,99.101,96.22975,99.489,28.62925,Amber,-1.3846577325151035,0,0.0,0.2969,0,0
2024-11-09 18:00:00,99.69375,81.015,99.3175,27.8175,Green,0.7552673862882866,0,0.0,0.0011,0,0
2024-11-09 19:00:00,99.4525,69.03975,99.6535,27.55625,Green,-0.20813432437269352,0,0.0,0.0,0,0
2024-11-09 20:00:00,99.2675,62.38275,99.478,31.372999999999998,Amber,-0.719704450302369,0,0.0,0.1304,0,0
2024-11-09 21:00:00,99.8905,46.648250000000004,99.65,33.59,Green,1.344487286176146,0,0.0804,0.0,0,0
2024-11-09 22:00:00,99.4975,47.44775,99.2105,41.1595,Amber,0.04822737008009513,0,0.0,0.0,0,0
2024-11-09 23:00:00,99.45075,42.781,99.6435,45.1295,Amber,-0.41849589365729717,0,0.0,0.0,0,0
2024-11-10 00:00:00,99.5195,42.03625,99.49,42.71275,Amber,0.03146894107166254,0,0.0,0.0,0,0
2024-11-10 01:00:00,99.621,46.72525,99.27250000000001,51.7345,Amber,0.3862239720315513,0,0.0,0.0,0,0
2024-11-10 02:00:00,99.77425,47.361999999999995,99.63175000000001,54.394,Amber,0.8568168763345183,0,0.0,0.0,0,0
2024-11-10 03:00:00,99.86475,47.93425,99.33875,58.16175,Amber,1.4684363867681607,0,0.0546,0.0,0,0
2024-11-10 04:00:00,99.9135,59.29075,99.25525,62.1035,Amber,1.1790599809894586,0,0.158,0.0,0,0
2024-11-10 05:00:00,99.78275,65.5145,99.26474999999999,64.86075,Amber,0.24666997390763995,0,0.1307,0.0,0,0
2024-11-10 06:00:00,99.93775,81.2415,99.628,56.097750000000005,Green,1.0501129118704355,0,0.2583,0.0,0,0
2024-11-10 07:00:00,99.88925,91.10075,99.5535,61.47475,Amber,0.4247680950703753,0,0.3375,0.0,0,0
2024-11-10 08:00:00,99.849,105.22425,99.48975,51.834,Green,-0.4368005066787322,0,0.3763,0.0,0,0
2024-11-10 09:00:00,99.7985,108.07724999999999,99.52674999999999,48.83925,Amber,-1.0105170631559568,0,0.3647,0.0,0,0
2024-11-10 10:00:00,99.8905,120.93525,99.53425,48.6735,Amber,0.5472986880119326,0,0.4451,0.0,0,0
2024-11-10 11:00:00,99.6415,115.64825,99.60475,51.8745,Amber,-1.8302705201011018,0,0.2765,0.0,0,0
2024-11-10 12:00:00,99.70625,122.71975,99.31925,43.214,Amber,-0.875359830449941,0,0.1727,0.0,0,0
2024-11-10 13:00:00,99.64825,113.48325,99.613,44.411500000000004,Amber,-1.0173545658496674,0,0.0108,0.0,0,0
2024-11-10 14:00:00,99.0815,110.2,99.58500000000001,38.638999999999996,Amber,-1.9232395766401642,0,0.0,0.3164,0,0
2024-11-10 15:00:00,99.83675,114.94,99.74625,30.84525,Green,0.7010990722642945,0,0.0266,0.0,0,0
2024-11-10 16:00:00,99.1745,101.301,99.435,28.7055,Amber,-1.1009047282238458,0,0.0,0.2234,0,0
2024-11-10 17:00:00,99.4635,88.96575,99.81225,28.723,Green,-0.07137197898210504,0,0.0,0.1579,0,0
2024-11-10 18:00:00,99.8335,82.70949999999999,99.31675,36.12325,Amber,1.0060382465625242,0,0.0234,0.0,0,0
2024-11-10 19:00:00,99.314,68.40025,99.59475,31.3815,Amber,-0.4208265904065403,0,0.0,0.0839,0,0
2024-11-10 20:00:00,99.148,59.394,99.33075,32.116,Amber,-1.0107977968316177,0,0.0,0.3339,0,0
2024-11-10 21:00:00,99.54025,49.78875,99.3755,33.9695,Amber,0.4962247679552723,0,0.0,0.1915,0,0
2024-11-10 22:00:00,99.33275,46.817,99.6725,41.336,Amber,-0.4491249444601273,0,0.0,0.2567,0,0
2024-11-10 23:00:00,99.824,39.04125,99.69975,44.0025,Amber,1.1438270371164307,0,0.0139,0.0,0,0
2024-11-11 00:00:00,99.53175,39.0195,99.57475,46.1725,Amber,0.3531480558486692,0,0.0,0.0,0,0
2024-11-11 01:00:00,99.74275,39.525,99.3,48.45225,Amber,0.8863438124991433,0,0.0,0.0,0,0
2024-11-11 02:00:00,99.49725000000001,48.60125,99.58225,53.175,Amber,-0.4551148124237352,0,0.0,0.0,0,0
2024-11-11 03:00:00,99.673,49.717,99.46225,55.8015,Amber,0.40351907361504397,0,0.0,0.0,0,0
2024-11-11 04:00:00,99.61525,65.4375,99.48025,57.907,Green,-0.2570567085555025,0,0.0,0.0,0,0
2024-11-11 05:00:00,99.88725,71.065,99.549,55.838499999999996,Amber,1.5937258130408483,0,0.0771,0.0,0,0
2024-11-11 06:00:00,99.6625,77.5945,99.351,58.313,Amber,-0.1317904186713709,0,0.0,0.0,0,0
2024-11-11 07:00:00,99.90675,90.29599999999999,99.4155,61.580749999999995,Amber,1.248732567431738,0,0.0966,0.0,0,0
2024-11-11 08:00:00,99.74799999999999,98.717,99.5805,53.8005,Amber,-0.006457640740955952,0,0.0345,0.0,0,0
2024-11-11 09:00:00,99.772,108.3675,99.438,50.351749999999996,Amber,0.05739409671293554,0,0.0,0.0,0,0
2024-11-11 10:00:00,99.93375,119.106,99.413,48.1605,Green,1.0780770268610003,0,0.1236,0.0,0,0
2024-11-11 11:00:00,99.2915,110.26575,99.51275,50.95575,Amber,-1.8367425423446242,0,0.0,0.1064,0,0
2024-11-11 12:00:00,99.7485,114.101,99.668,45.8155,Amber,0.06522348186398833,0,0.0,0.0,0,0
2024-11-11 13:00:00,99.72525,118.92099999999999,99.3,39.027,Amber,0.10253499655569381,0,0.0,0.0,0,0
2024-11-11 14:00:00,99.60849999999999,109.97025,99.58675,35.64525,Amber,-0.3289747067056892,0,0.0,0.0,0,0
2024-11-11 15:00:00,99.54599999999999,100.0565,99.535,30.762999999999998,Amber,-0.44248405406511593,0,0.0,0.0,0,0
2024-11-11 16:00:00,99.41225,102.70025,99.101,33.9695,Amber,-0.8019183929171267,0,0.0,0.0,0,0
2024-11-11 17:00:00,99.34649999999999,88.875,99.44175,28.5535,Amber,-1.3382602514605844,0,0.0,0.0514,0,0
2024-11-11 18:00:00,99.37625,82.44225,99.78925,29.1865,Green,-0.8464224183225691,0,0.0,0.0731,0,0
2024-11-11 19:00:00,99.686,67.716,99.5175,29.8125,Green,1.3792955116620143,0,0.0,0.0,0,0
2024-11-11 20:00:00,99.55175,56.93525,99.5165,33.175,Amber,0.5011588499701937,0,0.0,0.0,0,0
2024-11-11 21:00:00,99.4965,49.194,99.7215,38.3675,Amber,0.14370098478851387,0,0.0,0.0,0,0
2024-11-11 22:00:00,99.3075,41.64775,99.265,34.68875,Amber,-1.0627226735256816,0,0.0,0.0904,0,0
2024-11-11 23:00:00,99.65899999999999,44.085750000000004,99.301,42.471000000000004,Amber,0.968226987999633,0,0.0,0.0,0,0
2024-11-12 00:00:00,99.69875,38.228,99.51275,47.0105,Amber,0.8810128412142577,0,0.0,0.0,0,0
2024-11-12 01:00:00,99.5915,42.817750000000004,99.52674999999999,48.399,Amber,0.2913736621725498,0,0.0,0.0,0,0
2024-11-12 02:00:00,99.92099999999999,44.64625,99.593,54.60175,Amber,1.4998930849658134,0,0.1109,0.0,0,0
2024-11-12 03:00:00,99.9825,49.05075,99.685,58.09525,Amber,1.1885072621341857,0,0.2833,0.0,0,0
2024-11-12 04:00:00,99.6465,63.8695,99.58725,57.39975,Amber,-0.6410078114496188,0,0.1197,0.0,0,0
2024-11-12 05:00:00,99.8405,71.80799999999999,99.388,62.836,Amber,0.38260566206174856,0,0.1501,0.0,0,0
2024-11-12 06:00:00,99.94525,80.71325,99.60149999999999,56.7005,Amber,0.7548353435582051,0,0.2852,0.0,0,0
2024-11-12 07:00:00,99.75375,100.84025,99.39925,63.37325,Amber,-0.7360473290598389,0,0.2288,0.0,0,0
2024-11-12 08:00:00,100.0,98.58075,99.51275,56.7255,Amber,0.9843055486721214,0,0.4187,0.0,0,0
2024-11-12 09:00:00,99.8775,113.51275,99.58375000000001,59.1795,Amber,0.26085632095137107,0,0.4861,0.0,0,0
2024-11-12 10:00:00,99.815,119.15825000000001,99.33625,51.70425,Amber,-0.6372464451156143,0,0.491,0.0,0,0
2024-11-12 11:00:00,99.72525,114.58075,99.53725,43.29125,Amber,-1.1808027970518074,0,0.4062,0.0,0,0
2024-11-12 12:00:00,99.635,118.661,99.45275000000001,43.774,Amber,-1.3034598037131935,0,0.2311,0.0,0,0
2024-11-12 13:00:00,99.4145,129.24675,99.78575000000001,38.56275,Amber,-1.6135134830087081,0,0.0,0.0,0,0
2024-11-12 14:00:00,99.549,113.57875,99.613,38.15625,Green,-0.6990099040576905,0,0.0,0.0,0,0
2024-11-12 15:00:00,99.351,111.777,99.72,34.18925,Amber,-1.2887337094239222,0,0.0,0.0469,0,0
2024-11-12 16:00:00,99.22475,93.34675,99.38825,33.2915,Amber,-1.381922182796997,0,0.0,0.2201,0,0
2024-11-12 17:00:00,99.30675,91.35925,99.38825,26.24675,Amber,-0.693849510591045,0,0.0,0.3113,0,0
2024-11-12 18:00:00,99.404,79.44725,99.80225,30.77625,Green,0.2636660309960716,0,0.0,0.3052,0,0
2024-11-12 19:00:00,99.7595,65.64825,99.48949999999999,29.511,Amber,1.6911983110055484,0,0.0,0.0,0,0
2024-11-12 20:00:00,99.3135,64.997,99.56375,34.7995,Amber,-0.4223488946133398,0,0.0,0.0844,0,0
2024-11-12 21:00:00,99.3055,50.11225,99.408,36.2545,Amber,-0.41807464446755915,0,0.0,0.1769,0,0
2024-11-12 22:00:00,99.416,43.334,99.43125,35.143,Red,-0.008819635986014157,0,0.0,0.1588,0,1
2024-11-12 23:00:00,99.5745,33.14075,99.42750000000001,37.82875,Amber,0.6417751608397139,0,0.0,0.0,0,0
2024-11-13 00:00:00,99.50475,44.118249999999996,99.4295,47.51175,Amber,0.1489454634833958,0,0.0,0.0,0,0
2024-11-13 01:00:00,99.813,37.760999999999996,99.44225,47.058,Amber,1.7025834207280166,0,0.0029,0.0,0,0
2024-11-13 02:00:00,99.3455,47.16,99.6385,53.90675,Amber,-0.7963400272240055,0,0.0,0.0524,0,0
2024-11-13 03:00:00,99.751,48.317,99.644,56.35825,Amber,0.9949107997093024,0,0.0,0.0,0,0
2024-11-13 04:00:00,99.75,58.513,99.41875,61.27725,Amber,0.7049601459235064,0,0.0,0.0,0,0
2024-11-13 05:00:00,99.76599999999999,61.82625,99.42325,59.67125,Amber,0.594984940931896,0,0.0,0.0,0,0
2024-11-13 06:00:00,99.7695,76.92875,99.3755,63.4135,Amber,0.40243421977651256,0,0.0,0.0,0,0
2024-11-13 07:00:00,100.0,87.9845,99.49775,57.608000000000004,Amber,1.2728146997358245,0,0.1899,0.0,0,0
2024-11-13 08:00:00,99.67575,100.78925,99.465,60.271499999999996,Amber,-0.9913450898745273,0,0.0555,0.0,0,0
2024-11-13 09:00:00,99.65299999999999,101.278,99.31925,57.25625,Amber,-0.941948686726584,0,0.0,0.0,0,0
2024-11-13 10:00:00,99.79225,113.8825,99.43075,46.3895,Amber,0.1313353531236097,0,0.0,0.0,0,0
2024-11-13 11:00:00,99.6345,115.02475,99.50325000000001,45.802,Amber,-0.8782725143595445,0,0.0,0.0,0,0
2024-11-13 12:00:00,99.73725,126.64725000000001,99.45475,43.807,Amber,-0.08476388883917728,0,0.0,0.0,0,0
2024-11-13 13:00:00,99.94800000000001,119.593,99.5865,38.430499999999995,Amber,1.7717481599301743,0,0.1379,0.0,0,0
2024-11-13 14:00:00,99.42125,112.55125,99.4425,35.16025,Amber,-1.5672938994242565,0,0.0,0.0,0,0
2024-11-13 15:00:00,99.74125,104.01025,99.41675,31.00775,Amber,0.16420257094674795,0,0.0,0.0,0,0
2024-11-13 16:00:00,98.80675,101.71925,99.30125,31.591,Red,-1.846446052036008,0,0.0,0.5912,0,1
2024-11-13 17:00:00,99.481,90.92075,99.55275,30.853,Amber,-0.10400441435644771,0,0.0,0.5081,0,0
2024-11-13 18:00:00,99.467,87.76825,99.619,30.7955,Amber,-0.02732567546775127,0,0.0,0.439,0,0
2024-11-13 19:00:00,99.88725,71.1585,99.44575,32.327749999999995,Amber,1.1301195661894767,0,0.0771,0.0,0,0
2024-11-13 20:00:00,99.4205,62.3635,99.36025,30.737499999999997,Amber,-0.12594880550848223,0,0.0,0.0,0,0
2024-11-13 21:00:00,99.322,57.00125,99.508,39.06975,Amber,-0.2164729588904268,0,0.0,0.0759,0,0
2024-11-13 22:00:00,99.5095,45.147999999999996,99.50875,37.9565,Amber,-0.025983946296753192,0,0.0,0.0,0,0
2024-11-13 23:00:00,99.48975,39.0935,99.60775,41.487750000000005,Green,-0.13547671392414928,0,0.0,0.0,0,0
2024-11-14 00:00:00,99.60225,36.48375,99.64275,47.020250000000004,Amber,0.327071340235222,0,0.0,0.0,0,0
2024-11-14 01:00:00,99.71075,44.66775,99.4925,47.73825,Green,1.4818110395845585,0,0.0,0.0,0,0
2024-11-14 02:00:00,99.631,46.47075,99.67475,52.31675,Green,0.639195382561703,0,0.0,0.0,0,0
2024-11-14 03:00:00,99.768,55.23675,99.638,55.76175,Green,1.3673481721549083,0,0.0,0.0,0,0
2024-11-14 04:00:00,99.93675,63.07525,99.74549999999999,58.908500000000004,Amber,1.6032142243471297,0,0.1266,0.0,0,0
2024-11-14 05:00:00,99.74674999999999,70.13475,99.3905,59.85575,Amber,0.11894961670444175,0,0.0633,0.0,0,0
2024-11-14 06:00:00,99.86525,75.57775,99.581,61.932249999999996,Amber,0.810884893410025,0,0.1184,0.0,0,0
2024-11-14 07:00:00,100.0,86.2015,99.64875,58.78975,Amber,1.2947099111262377,0,0.3083,0.0,0,0
2024-11-14 08:00:00,99.831,102.8035,99.3575,63.62475,Amber,-0.2762272591668429,0,0.3292,0.0,0,0
2024-11-14 09:00:00,99.6645,109.11125,99.24125,52.819,Amber,-1.4370886793678366,0,0.1836,0.0,0,0
2024-11-14 10:00:00,99.926,118.36525,99.28425,49.32525,Amber,0.7197051030362651,0,0.2995,0.0,0,0
2024-11-14 11:00:00,99.578,123.10175,99.4385,47.31925,Amber,-1.4547202475094492,0,0.0674,0.0,0,0
2024-11-14 12:00:00,99.5135,113.618,99.30425,40.42,Red,-1.21529984128967,0,0.0,0.0,0,1
2024-11-14 13:00:00,99.699,117.841,99.5975,44.0175,Amber,-0.019434640860027386,0,0.0,0.0,0,0
2024-11-14 14:00:00,99.771,108.86225,99.57775,32.073,Amber,0.5408916238638563,0,0.0,0.0,0,0
2024-11-14 15:00:00,99.2675,101.3055,99.449,35.0995,Amber,-1.5718903692772666,0,0.0,0.1304,0,0
2024-11-14 16:00:00,99.71975,109.172,99.50675000000001,31.37375,Amber,0.6927769059080795,0,0.0,0.0,0,0
2024-11-14 17:00:00,99.39325,96.48725,99.46825,31.41,Green,-0.8270470622076515,0,0.0,0.0047,0,0
2024-11-14 18:00:00,99.04124999999999,82.68674999999999,99.67925,26.12975,Red,-1.4936563269968806,0,0.0,0.3614,0,1
2024-11-14 19:00:00,99.1765,65.07125,99.4285,29.50225,Amber,-0.7395287686619051,0,0.0,0.5828,0,0
2024-11-14 20:00:00,99.14425,62.03525,99.3935,38.151,Red,-0.6049945512011766,0,0.0,0.8365,0,1
2024-11-14 21:00:00,99.04275,51.80875,99.506,39.78775,Red,-0.8011235234079914,0,0.0,1.1916,0,1
2024-11-14 22:00:00,99.871,48.25125,99.51125,39.941500000000005,Amber,1.8662946157321003,0,0.0609,0.7186,0,0
2024-11-14 23:00:00,99.77725000000001,46.5445,99.6875,42.8215,Amber,1.149920215050022,0,0.028,0.3393,0,0
2024-11-15 00:00:00,99.954,39.181,99.26175,45.08525,Amber,1.1079934580035713,0,0.1719,0.0,0,0
2024-11-15 01:00:00,99.68075,44.135999999999996,99.71300000000001,47.5605,Green,0.26406677854580046,0,0.0426,0.0,0,0
2024-11-15 02:00:00,99.981,36.72525,99.1115,54.5275,Amber,0.7540984568534319,0,0.2135,0.0,0,0
2024-11-15 03:00:00,99.9275,51.96825,99.61175,57.91375,Amber,0.5378905303241545,0,0.3308,0.0,0,0
2024-11-15 04:00:00,99.71424999999999,54.76325,99.693,56.8765,Amber,-0.9541629238825261,0,0.235,0.0,0,0
2024-11-15 05:00:00,100.0,71.2565,99.6035,60.57625,Amber,0.8775822675232957,0,0.4249,0.0,0,0
2024-11-15 06:00:00,99.5625,77.5175,99.34225,62.42975,Amber,-1.3627084652085544,0,0.1773,0.0,0,0
2024-11-15 07:00:00,99.696,89.32300000000001,99.377,58.9705,Amber,-0.6520192633102619,0,0.0632,0.0,0,0
2024-11-15 08:00:00,99.66625,100.21000000000001,99.3105,60.213,Amber,-0.5674806409447946,0,0.0,0.0,0,0
2024-11-15 09:00:00,99.35575,113.726,99.36225,55.254,Amber,-1.4722178446007017,0,0.0,0.0422,0,0
2024-11-15 10:00:00,99.654,117.4845,99.4645,52.08625,Amber,-0.008363026032824183,0,0.0,0.0,0,0
2024-11-15 11:00:00,99.36275,121.5485,99.6885,43.924,Amber,-1.2128475372507148,0,0.0,0.0352,0,0
2024-11-15 12:00:00,99.967,119.00975,99.4405,43.0865,Amber,1.5192511645079403,0,0.1569,0.0,0,0
2024-11-15 13:00:00,99.50150000000001,116.27575,99.54325,41.716750000000005,Amber,-0.35989046834947525,0,0.0,0.0,0,0
2024-11-15 14:00:00,99.50575,111.00874999999999,99.35650000000001,34.092999999999996,Amber,-0.22758551463136872,0,0.0,0.0,0,0
2024-11-15 15:00:00,99.54525,104.99625,99.41025,33.28225,Amber,-0.21288962069092318,0,0.0,0.0,0,0
2024-11-15 16:00:00,99.17475,98.08775,99.50525,28.544249999999998,Red,-1.2757486797228157,0,0.0,0.2232,0,1
2024-11-15 17:00:00,99.35175000000001,77.18975,99.33475,27.0885,Amber,-0.5913534272420701,0,0.0,0.2694,0,0
2024-11-15 18:00:00,99.6675,79.52,99.662,31.51925,Amber,1.222478808492811,0,0.0,0.0,0,0
2024-11-15 19:00:00,99.86125,70.02025,99.53475,31.813499999999998,Amber,1.4351093596874116,0,0.0511,0.0,0,0
2024-11-15 20:00:00,99.487,58.78475,99.61175,32.22875,Green,-0.11507769688348041,0,0.0,0.0,0,0
2024-11-15 21:00:00,99.60525,45.796,99.5205,36.057249999999996,Amber,0.33269542317510076,0,0.0,0.0,0,0
2024-11-15 22:00:00,99.06825,54.07125,99.20375,41.67575,Amber,-1.5953013281652764,0,0.0,0.3297,0,0
2024-11-15 23:00:00,99.31775,44.45825,99.642,38.951,Amber,-0.6572264430237164,0,0.0,0.4099,0,0
2024-11-16 00:00:00,99.69575,37.6935,99.56049999999999,44.178,Amber,0.6717443882352165,0,0.0,0.112,0,0
2024-11-16 01:00:00,99.64725,45.84225,99.37225000000001,46.6425,Amber,0.7408378348407954,0,0.0,0.0,0,0
2024-11-16 02:00:00,99.58175,47.98675,99.74175,53.99925,Amber,0.3933916161832033,0,0.0,0.0,0,0
2024-11-16 03:00:00,99.9685,51.17875,99.57050000000001,58.6255,Amber,1.3440585646372045,0,0.1584,0.0,0,0
2024-11-16 04:00:00,99.646,57.668,99.53775,54.21225,Amber,0.015155198344786463,0,0.0,0.0,0,0
2024-11-16 05:00:00,99.9525,69.37575000000001,99.63374999999999,60.232499999999995,Amber,1.212503078431868,0,0.1424,0.0,0,0
2024-11-16 06:00:00,99.58125,80.509,99.5705,56.729,Amber,-0.8178183635386158,0,0.0,0.0,0,0
2024-11-16 07:00:00,99.70125,92.26075,99.50075,59.47725,Amber,-0.20982322336560566,0,0.0,0.0,0,0
2024-11-16 08:00:00,99.5135,101.56075,99.668,63.63675,Amber,-1.1161775680722985,0,0.0,0.0,0,0
2024-11-16 09:00:00,99.78275,105.715,99.68,55.19875,Green,0.5533034748887024,0,0.0,0.0,0,0
2024-11-16 10:00:00,99.8885,114.8655,99.59075,49.65075,Green,0.8858340090045791,0,0.0784,0.0,0,0
2024-11-16 11:00:00,99.73349999999999,119.27175,99.59049999999999,48.1135,Amber,0.24552742220309692,0,0.0018,0.0,0,0
2024-11-16 12:00:00,99.78475,114.60875,99.45875000000001,46.314,Amber,0.404656765055601,0,0.0,0.0,0,0
2024-11-16 13:00:00,99.72425,124.35075,99.60675,40.8585,Amber,-0.10947546857745263,0,0.0,0.0,0,0
2024-11-16 14:00:00,99.12575,115.418,99.4605,36.18575,Red,-1.9945589391577252,0,0.0,0.2722,0,1
2024-11-16 15:00:00,99.4425,111.10075,99.5935,31.051750000000002,Amber,-0.6163304780346601,0,0.0,0.2276,0,0
2024-11-16 16:00:00,99.7005,96.93825,99.6075,31.48075,Amber,0.45158648661223105,0,0.0,0.0,0,0
2024-11-16 17:00:00,99.30875,91.16625,99.6385,29.24325,Amber,-0.7770475665257633,0,0.0,0.0892,0,0
2024-11-16 18:00:00,99.243,77.33574999999999,99.4765,31.0475,Amber,-0.7370590295696426,0,0.0,0.2441,0,0
2024-11-16 19:00:00,98.92949999999999,73.0985,99.5435,32.96875,Red,-1.3664259267549996,0,0.0,0.7125,0,1
2024-11-16 20:00:00,99.72025,64.09700000000001,99.13624999999999,34.273250000000004,Amber,1.1001696677881356,0,0.0,0.3902,0,0
2024-11-16 21:00:00,99.82425,58.08875,99.4285,35.43125,Amber,1.0594229568846352,0,0.0141,0.0,0,0
2024-11-16 22:00:00,99.21074999999999,44.404250000000005,99.63625,39.96425,Amber,-0.48053907197858453,0,0.0,0.1872,0,0
2024-11-16 23:00:00,99.8575,41.04325,99.43225,47.673249999999996,Amber,1.01618428434087,0,0.0474,0.0,0,0
2024-11-17 00:00:00,99.53675,42.073750000000004,99.363,51.40225,Amber,0.0634428085147975,0,0.0,0.0,0,0
2024-11-17 01:00:00,99.70625,36.3545,99.655,51.46175,Amber,0.26558494044955006,0,0.0,0.0,0,0
2024-11-17 02:00:00,99.63550000000001,47.76025,99.581,54.242,Amber,0.029591694865520587,0,0.0,0.0,0,0
2024-11-17 03:00:00,99.57849999999999,55.91925,99.69325,57.88975,Amber,-0.04180381123246064,0,0.0,0.0,0,0
2024-11-17 04:00:00,99.78775,64.41925,99.56125,58.609249999999996,Amber,0.8409844542839398,0,0.0,0.0,0,0
2024-11-17 05:00:00,99.88425000000001,65.834,99.4115,56.95525,Amber,1.4914830077389738,0,0.0741,0.0,0,0
2024-11-17 06:00:00,99.9785,74.05625,99.50475,62.69799999999999,Amber,1.4273031835984993,0,0.2425,0.0,0,0
2024-11-17 07:00:00,99.75725,86.3775,99.4605,54.681,Amber,-0.08722988489225533,0,0.1897,0.0,0,0
2024-11-17 08:00:00,99.83275,95.6605,99.84225,57.222,Amber,0.21927108021609068,0,0.2123,0.0,0,0
2024-11-17 09:00:00,99.77250000000001,109.7265,99.46925,53.537499999999994,Amber,-0.750795711829121,0,0.1747,0.0,0,0
2024-11-17 10:00:00,99.9455,116.6995,99.71025,47.7665,Green,0.9257858632954181,0,0.3101,0.0,0,0
2024-11-17 11:00:00,99.58625,116.82249999999999,99.62575,47.215,Green,-1.5853640583019348,0,0.0862,0.0,0,0
2024-11-17 12:00:00,99.56775,125.84975,99.2845,41.74075,Amber,-1.2115478780489843,0,0.0,0.0,0,0
2024-11-17 13:00:00,99.2455,121.54975,99.565,40.176249999999996,Amber,-1.6588079021761413,0,0.0,0.1524,0,0
2024-11-17 14:00:00,99.70125,117.1635,99.47525,36.43125,Amber,0.27462864463438863,0,0.0,0.0,0,0
2024-11-17 15:00:00,99.55775,102.7995,99.2855,31.5345,Amber,-0.18881902491543354,0,0.0,0.0,0,0
2024-11-17 16:00:00,99.3485,97.92875,99.44975,30.581,Green,-0.9009114349223468,0,0.0,0.0494,0,0
2024-11-17 17:00:00,99.82475,91.7735,99.53,31.61175,Amber,1.3188952933166393,0,0.0146,0.0,0,0
2024-11-17 18:00:00,99.73375,80.3065,99.317,32.9035,Amber,0.7195609610814018,0,0.0,0.0,0,0
2024-11-17 19:00:00,99.40375,72.96525,99.43525,29.533749999999998,Amber,-1.0020606452465624,0,0.0,0.0,0,0
2024-11-17 20:00:00,99.4205,58.585499999999996,99.77575,34.00025,Green,-0.6582975969488615,0,0.0,0.0,0,0
2024-11-17 21:00:00,99.48725,55.60325,99.343,34.17075,Amber,-0.25166152390905727,0,0.0,0.0,0,0
2024-11-17 22:00:00,99.4245,44.75275,99.64375,37.15075,Amber,-0.6814984560613917,0,0.0,0.0,0,0
2024-11-17 23:00:00,99.40225000000001,40.03575,99.65125,43.22775,Amber,-0.5934280528837218,0,0.0,0.0,0,0
2024-11-18 00:00:00,99.81125,38.98425,99.4625,46.536500000000004,Amber,2.0021936948765116,0,0.0011,0.0,0,0
2024-11-18 01:00:00,99.83575,43.05175,99.5075,51.58325,Green,1.3373492893428212,0,0.0268,0.0,0,0
2024-11-18 02:00:00,99.88925,47.27075,99.5995,53.338499999999996,Green,1.0938818975915476,0,0.1059,0.0,0,0
2024-11-18 03:00:00,99.7735,56.2675,99.134,57.25175,Amber,0.38710223377710745,0,0.0693,0.0,0,0
2024-11-18 04:00:00,99.51525,62.425,99.37075,56.61,Amber,-0.9592874818236965,0,0.0,0.0,0,0
2024-11-18 05:00:00,99.52574999999999,72.811,99.4995,55.20525,Amber,-1.2236870438240728,0,0.0,0.0,0,0
2024-11-18 06:00:00,99.71525,82.6185,99.451,59.60425,Amber,0.03891348842080281,0,0.0,0.0,0,0
2024-11-18 07:00:00,99.66075000000001,88.7925,99.78450000000001,56.58575,Green,-0.13250179113813873,0,0.0,0.0,0,0
2024-11-18 08:00:00,99.56675,90.2455,99.34275,57.16824999999999,Amber,-0.5580774480501958,0,0.0,0.0,0,0
2024-11-18 09:00:00,99.85675,106.54375,99.478,51.449,Amber,1.6420282589648434,0,0.0466,0.0,0,0
2024-11-18 10:00:00,99.666,109.868,99.36475,52.24575,Amber,0.006770806876325018,0,0.0,0.0,0,0
2024-11-18 11:00:00,99.7975,112.06375,99.62575,48.470749999999995,Amber,0.8363837386106733,0,0.0,0.0,0,0
2024-11-18 12:00:00,99.59225,121.08500000000001,99.5335,51.3195,Amber,-0.8537914963755184,0,0.0,0.0,0,0
2024-11-18 13:00:00,99.64525,112.8995,99.17175,42.122,Amber,-0.3652307429219027,0,0.0,0.0,0,0
2024-11-18 14:00:00,99.32825,111.1785,99.32975,33.535250000000005,Amber,-1.7241558841488493,0,0.0,0.0697,0,0
2024-11-18 15:00:00,99.71575,114.959,99.39824999999999,39.13175,Amber,0.5697053229592526,0,0.0,0.0,0,0
2024-11-18 16:00:00,99.3275,96.76925,99.37075,29.50875,Amber,-1.212283823383087,0,0.0,0.0704,0,0
2024-11-18 17:00:00,99.2485,93.831,99.68975,31.0485,Amber,-1.152436077503991,0,0.0,0.2199,0,0
2024-11-18 18:00:00,99.315,70.19675000000001,99.32124999999999,25.24925,Amber,-0.5825179060957443,0,0.0,0.3028,0,0
2024-11-18 19:00:00,99.40075,74.62075,99.5365,37.51475,Green,0.0685765903414723,0,0.0,0.3,0,0
2024-11-18 20:00:00,99.30175,61.605999999999995,99.731,33.807249999999996,Amber,-0.49082083459289716,0,0.0,0.3961,0,0
2024-11-18 21:00:00,99.34349999999999,52.3285,99.58075,35.09925,Amber,0.41248919896143027,0,0.0,0.4506,0,0
2024-11-18 22:00:00,99.486,54.146,99.26925,42.39875,Amber,1.635275240370421,0,0.0,0.3625,0,0
2024-11-18 23:00:00,99.65875,36.441,99.59625,41.12225,Amber,1.7722632070606303,0,0.0,0.1017,0,0
2024-11-19 00:00:00,99.25325000000001,45.59475,99.50075,48.53575,Red,-1.0464375373735935,0,0.0,0.2464,0,1
2024-11-19 01:00:00,99.8085,39.09675,99.43275,49.82925,Amber,1.515875199423963,0,0.0,0.0,0,0
2024-11-19 02:00:00,99.57625,49.71575,99.3055,58.79125,Amber,0.2699648518960142,0,0.0,0.0,0,0
2024-11-19 03:00:00,99.48175,51.511250000000004,99.61175,59.2485,Amber,-0.332292089713927,0,0.0,0.0,0,0
2024-11-19 04:00:00,99.63725,64.9435,99.4545,62.5415,Amber,0.3607503536086007,0,0.0,0.0,0,0
2024-11-19 05:00:00,99.9925,68.37,99.3775,61.6315,Amber,1.4308731299433182,0,0.1824,0.0,0,0
2024-11-19 06:00:00,99.95975,79.57075,99.4075,61.71025,Amber,1.0331198276210318,0,0.332,0.0,0,0
2024-11-19 07:00:00,99.895,87.041,99.65625,61.986,Amber,0.6316293612767133,0,0.4169,0.0,0,0
2024-11-19 08:00:00,99.71725,101.562,99.49925,60.48275,Amber,-0.3135794046632983,0,0.3241,0.0,0,0
2024-11-19 09:00:00,99.6585,109.84700000000001,99.2925,55.549499999999995,Amber,-0.9609210742146588,0,0.1725,0.0,0,0
2024-11-19 10:00:00,99.96549999999999,115.94875,99.402,52.38925,Amber,0.7099084624549867,0,0.3278,0.0,0,0
2024-11-19 11:00:00,99.92925,125.30199999999999,99.6915,49.57575,Green,0.5660357116345883,0,0.447,0.0,0,0
2024-11-19 12:00:00,98.97125,118.8005,99.52525,42.552749999999996,Amber,-1.9284663445260666,0,0.0,0.4267,0,0
2024-11-19 13:00:00,99.22575,113.91975,99.57650000000001,36.38725,Amber,-0.8850592248604552,0,0.0,0.5989,0,0
2024-11-19 14:00:00,99.5635,115.15875,99.6245,36.997,Amber,0.028589645897399374,0,0.0,0.4333,0,0
2024-11-19 15:00:00,99.0735,102.572,99.52125000000001,34.8805,Amber,-0.8843807783470559,0,0.0,0.7577,0,0
2024-11-19 16:00:00,99.08175,95.87925,99.4475,31.961,Red,-0.6132449525751413,0,0.0,1.0739,0,1
2024-11-19 17:00:00,99.53,92.40325,99.475,31.24625,Amber,1.1535089024898733,0,0.0,0.9418,0,0
2024-11-19 18:00:00,99.49875,79.621,99.599,26.10775,Amber,0.743124717459454,0,0.0,0.841,0,0
2024-11-19 19:00:00,99.38300000000001,74.82175,99.62675,32.685500000000005,Green,0.12498390957152837,0,0.0,0.8559,0,0
2024-11-19 20:00:00,99.36125,68.5325,99.4645,37.229,Green,0.1997568437382616,0,0.0,0.8926,0,0
2024-11-19 21:00:00,99.96549999999999,46.42825,99.2275,35.7535,Amber,1.7093299460527527,0,0.1554,0.325,0,0
2024-11-19 22:00:00,99.57124999999999,44.173,99.8255,39.25,Amber,0.08964681064112477,0,0.0,0.1517,0,0
2024-11-19 23:00:00,99.3805,39.57625,99.39675,42.009,Amber,-0.6354371633742776,0,0.0,0.1691,0,0
2024-11-20 00:00:00,99.3225,37.32175,99.74925,45.383,Green,-0.7132179171119375,0,0.0,0.2446,0,0
2024-11-20 01:00:00,99.76,42.129000000000005,99.3085,43.49625,Amber,0.7747052488230262,0,0.0,0.0,0,0
2024-11-20 02:00:00,99.6875,47.1185,99.425,56.5155,Amber,0.30211547984301346,0,0.0,0.0,0,0
2024-11-20 03:00:00,99.6645,55.95125,99.51625,55.491749999999996,Amber,0.56718307993201,0,0.0,0.0,0,0
2024-11-20 04:00:00,100.0,56.86425,99.7555,58.316500000000005,Amber,1.4511077112330768,0,0.1899,0.0,0,0
2024-11-20 05:00:00,99.9035,73.91225,99.52125000000001,61.1575,Amber,0.7685918363476969,0,0.2833,0.0,0,0
2024-11-20 06:00:00,100.0,76.46350000000001,99.51875,62.61575,Amber,1.0791746580065678,0,0.4732,0.0,0,0
2024-11-20 07:00:00,99.69775,90.67025,99.55,53.948499999999996,Amber,-0.7978582135059732,0,0.3608,0.0,0,0
2024-11-20 08:00:00,99.76650000000001,104.96525,99.33574999999999,59.654250000000005,Amber,-0.4831965972277209,0,0.3172,0.0,0,0
2024-11-20 09:00:00,99.87075,107.98075,99.71325,52.174499999999995,Green,-0.019020154083421646,0,0.3778,0.0,0,0
2024-11-20 10:00:00,99.786,110.2735,99.4885,55.81675,Amber,-0.4729638026416358,0,0.3537,0.0,0,0
2024-11-20 11:00:00,99.457,111.76425,99.3355,45.49325,Amber,-1.6783122619307695,0,0.0006,0.0,0,0
2024-11-20 12:00:00,99.806,119.39725,99.53399999999999,42.28275,Green,0.5183183577261785,0,0.0,0.0,0,0
2024-11-20 13:00:00,99.85675,118.06575,99.65625,41.574,Green,0.6531740761828231,0,0.0466,0.0,0,0
2024-11-20 14:00:00,99.463,120.458,99.21025,36.167,Amber,-1.258476223644935,0,0.0,0.0,0,0
2024-11-20 15:00:00,99.4485,112.74975,99.57124999999999,33.453,Amber,-0.9450457101741679,0,0.0,0.0,0,0
2024-11-20 16:00:00,99.84325,101.5155,99.568,28.98325,Amber,0.9477268059213125,0,0.0331,0.0,0,0
2024-11-20 17:00:00,99.76975,91.2435,99.39875,32.649,Amber,0.37819900719032,0,0.0,0.0,0,0
2024-11-20 18:00:00,99.4545,79.70775,99.44225,23.090999999999998,Amber,-0.9070307830142793,0,0.0,0.0,0,0
2024-11-20 19:00:00,99.69775,73.038,99.46875,28.97475,Amber,0.4757492567735267,0,0.0,0.0,0,0
2024-11-20 20:00:00,99.50225,64.28999999999999,99.49875,32.437,Amber,-0.6783010789379265,0,0.0,0.0,0,0
2024-11-20 21:00:00,99.30525,46.2885,99.65275,37.5745,Amber,-1.3994443445092786,0,0.0,0.0927,0,0
2024-11-20 22:00:00,99.77175,43.92325,99.31,38.52375,Amber,0.9815150642556939,0,0.0,0.0,0,0
2024-11-20 23:00:00,99.24325,42.1675,99.60125,43.585499999999996,Amber,-1.2073240181781872,0,0.0,0.1547,0,0
2024-11-21 00:00:00,99.58725,40.691,99.50075,48.42225,Green,0.3286767988653781,0,0.0,0.0,0,0
2024-11-21 01:00:00,99.49475,38.663250000000005,99.776,52.51875,Amber,0.05563085659165406,0,0.0,0.0,0,0
2024-11-21 02:00:00,99.5495,49.2465,99.485,55.1625,Amber,0.29722429190476646,0,0.0,0.0,0,0
2024-11-21 03:00:00,99.6365,56.475,99.36025,59.596000000000004,Amber,0.5071451862814906,0,0.0,0.0,0,0
2024-11-21 04:00:00,99.86525,56.041,99.19575,57.935,Amber,1.496039147759962,0,0.0551,0.0,0,0
2024-11-21 05:00:00,99.83225,63.567,99.158,57.30825,Amber,1.1192987989117327,0,0.0773,0.0,0,0
2024-11-21 06:00:00,100.0,79.2045,99.55075,52.84075,Green,1.3571971701397778,0,0.2672,0.0,0,0
2024-11-21 07:00:00,99.8525,87.7065,99.54575,59.59075,Amber,0.3818076717162273,0,0.3096,0.0,0,0
2024-11-21 08:00:00,99.60075,105.4385,99.05449999999999,58.43275,Amber,-1.302868486891784,0,0.1002,0.0,0,0
2024-11-21 09:00:00,99.69175,113.386,99.6455,56.40325,Amber,-0.8189294052154715,0,0.0,0.0,0,0
2024-11-21 10:00:00,99.89725,116.34825000000001,99.59525,51.27525,Green,0.5889287703621169,0,0.0871,0.0,0,0
2024-11-21 11:00:00,99.64925,119.5875,99.857,46.94725,Green,-0.8410922994985732,0,0.0,0.0,0,0
2024-11-21 12:00:00,99.845,118.36449999999999,99.53524999999999,42.16625,Amber,0.7173920319526108,0,0.0349,0.0,0,0
2024-11-21 13:00:00,99.432,116.94675000000001,99.19149999999999,42.82,Red,-1.5015410000499079,0,0.0,0.0,0,1
2024-11-21 14:00:00,99.56475,113.95925,99.54925,32.78125,Amber,-0.6647477800017046,0,0.0,0.0,0,0
2024-11-21 15:00:00,99.22225,114.5725,99.42750000000001,29.5635,Amber,-1.4932351221201672,0,0.0,0.1757,0,0
2024-11-21 16:00:00,99.45975,98.1385,99.59649999999999,31.670499999999997,Green,-0.3264652479447517,0,0.0,0.1139,0,0
2024-11-21 17:00:00,98.9115,94.14175,99.3595,32.46875,Red,-1.5636921352211237,0,0.0,0.6003,0,1
2024-11-21 18:00:00,99.52074999999999,79.7675,99.35875,32.6185,Amber,0.6866027907188537,0,0.0,0.4775,0,0
2024-11-21 19:00:00,99.279,75.58025,99.47274999999999,26.939,Amber,-0.19401486349435537,0,0.0,0.5964,0,0
2024-11-21 20:00:00,99.10175,67.37275,99.3925,29.26825,Amber,-0.6521739647519197,0,0.0,0.8926,0,0
2024-11-21 21:00:00,99.588,46.7915,99.4995,39.197,Amber,1.0544103977219696,0,0.0,0.7025,0,0
2024-11-21 22:00:00,99.624,45.848,99.4595,37.02825,Amber,0.9898284700271882,0,0.0,0.4764,0,0
2024-11-21 23:00:00,99.549,36.548500000000004,99.72225,43.84075,Amber,0.5082569211638017,0,0.0,0.3254,0,0
2024-11-22 00:00:00,99.783,42.56525,99.461,45.17475,Amber,1.1829044100404715,0,0.0,0.0,0,0
2024-11-22 01:00:00,99.939,43.08975,99.47375,50.73725,Amber,1.2076146704161446,0,0.1289,0.0,0,0
2024-11-22 02:00:00,99.307,41.1015,99.5665,54.442,Green,-1.5086475362388914,0,0.0,0.0909,0,0
2024-11-22 03:00:00,99.7925,55.085,99.66525,59.00375,Amber,0.5684898061497023,0,0.0,0.0,0,0
2024-11-22 04:00:00,99.92275000000001,65.53375,99.5255,56.84525,Amber,0.8487803696429184,0,0.1126,0.0,0,0
2024-11-22 05:00:00,99.84075,71.63125,99.399,58.725249999999996,Amber,0.3285058410152504,0,0.1433,0.0,0,0
2024-11-22 06:00:00,99.80924999999999,74.03275,99.4685,64.79724999999999,Amber,0.17411923884094857,0,0.1424,0.0,0,0
2024-11-22 07:00:00,99.81524999999999,91.63075,99.6995,58.378750000000004,Amber,0.3048814827641972,0,0.1476,0.0,0,0
2024-11-22 08:00:00,99.8055,98.83874999999999,99.0975,56.307,Amber,-0.5348191350203098,0,0.143,0.0,0,0
2024-11-22 09:00:00,99.74425,106.19975,99.53,55.208,Amber,-1.3489619083686324,0,0.0771,0.0,0,0
2024-11-22 10:00:00,99.798,117.1865,99.307,54.67825,Amber,-0.13055511516251295,0,0.065,0.0,0,0
2024-11-22 11:00:00,99.7615,120.11525,99.3575,45.325,Amber,-0.9461440726140468,0,0.0164,0.0,0,0
2024-11-22 12:00:00,99.67975,118.696,99.46775,37.87925,Amber,-1.7230564889834226,0,0.0,0.0,0,0
2024-11-22 13:00:00,99.35,114.50874999999999,99.28775,41.4135,Amber,-1.9701593755801245,0,0.0,0.0479,0,0
2024-11-22 14:00:00,99.9735,111.5385,99.56175,32.948,Green,1.2441281963244235,0,0.1634,0.0,0,0
2024-11-22 15:00:00,99.511,109.65125,99.4625,32.36,Amber,-0.7600577057626687,0,0.0,0.0,0,0
2024-11-22 16:00:00,99.14825,101.90925,99.54325,29.37325,Amber,-1.4218979854046296,0,0.0,0.2497,0,0
2024-11-22 17:00:00,99.59825000000001,83.3215,99.4605,34.44725,Amber,0.19343203993322616,0,0.0,0.0494,0,0
2024-11-22 18:00:00,99.269,84.09700000000001,99.33024999999999,29.329250000000002,Red,-0.702604997290569,0,0.0,0.1783,0,1
2024-11-22 19:00:00,99.18625,74.73825,99.42750000000001,32.81575,Amber,-0.832570250121582,0,0.0,0.39,0,0
2024-11-22 20:00:00,99.40875,57.318,99.213,29.25075,Amber,0.3036809164118523,0,0.0,0.3791,0,0
2024-11-22 21:00:00,99.047,45.929249999999996,99.2955,34.80825,Amber,-1.1510588238620627,0,0.0,0.7301,0,0
2024-11-22 22:00:00,99.596,42.91375,99.44975,40.92525,Amber,1.0945368527598465,0,0.0,0.532,0,0
2024-11-22 23:00:00,99.43325,44.74525,99.52825,38.47925,Amber,0.5609535664361189,0,0.0,0.4967,0,0
2024-11-23 00:00:00,99.64175,37.73275,99.68299999999999,44.669,Amber,1.1087407331121406,0,0.0,0.2529,0,0
2024-11-23 01:00:00,99.99325,42.456,99.47175,49.5295,Green,1.514532557687067,0,0.1831,0.0,0,0
2024-11-23 02:00:00,99.63225,48.4815,99.5505,55.694,Amber,0.24203778446430804,0,0.0053,0.0,0,0
2024-11-23 03:00:00,99.62625,51.2515,99.62049999999999,57.50975,Amber,-0.14999427413110286,0,0.0,0.0,0,0
2024-11-23 04:00:00,99.73949999999999,46.8515,99.30475,58.494,Amber,0.3359512431184528,0,0.0,0.0,0,0
2024-11-23 05:00:00,99.8325,62.41075,99.451,60.85325,Amber,0.6038690636830035,0,0.0224,0.0,0,0
2024-11-23 06:00:00,99.74674999999999,73.38425,99.4685,57.73525,Amber,-0.10913875229625608,0,0.0,0.0,0,0
2024-11-23 07:00:00,99.85625,90.85225,99.60025,58.415,Amber,1.2146253390454207,0,0.0461,0.0,0,0
2024-11-23 08:00:00,99.55,101.63725,99.94375,59.390249999999995,Amber,-1.4824500268801988,0,0.0,0.0,0,0
2024-11-23 09:00:00,99.8555,103.973,99.678,52.53675,Green,0.7880662133384051,0,0.0454,0.0,0,0
2024-11-23 10:00:00,99.47775,114.70949999999999,99.302,52.46575,Amber,-1.4575484949696658,0,0.0,0.0,0,0
2024-11-23 11:00:00,99.6195,123.73375,99.53399999999999,51.97425,Green,-0.40546347913313807,0,0.0,0.0,0,0
2024-11-23 12:00:00,99.705,112.37075,99.379,45.719,Amber,0.17574589990704975,0,0.0,0.0,0,0
2024-11-23 13:00:00,99.2885,121.84049999999999,99.53575000000001,36.44425,Amber,-1.5117700377702155,0,0.0,0.1094,0,0
2024-11-23 14:00:00,99.501,111.66775,99.637,38.86,Amber,-0.3727991130908526,0,0.0,0.0064,0,0
2024-11-23 15:00:00,99.3655,101.267,99.52250000000001,34.39575,Amber,-0.8245442557675313,0,0.0,0.0388,0,0
2024-11-23 16:00:00,99.519,105.755,99.2765,29.7885,Amber,0.12452342665306462,0,0.0,0.0,0,0
2024-11-23 17:00:00,99.68725,96.42275000000001,99.60925,28.7705,Amber,1.054778335683885,0,0.0,0.0,0,0
2024-11-23 18:00:00,99.485,87.94550000000001,99.46074999999999,30.458000000000002,Amber,0.0772723257111129,0,0.0,0.0,0,0
2024-11-23 19:00:00,99.36,71.353,99.28525,30.33175,Amber,-1.0508822716009127,0,0.0,0.0379,0,0
2024-11-23 20:00:00,99.6135,61.439,99.45375,32.786500000000004,Amber,0.8266575697712778,0,0.0,0.0,0,0
2024-11-23 21:00:00,99.5755,52.315,99.54925,36.58525,Amber,0.31289483144185326,0,0.0,0.0,0,0
2024-11-23 22:00:00,99.8195,42.58025,99.95,39.326750000000004,Green,1.4402748227032518,0,0.0094,0.0,0,0
2024-11-23 23:00:00,99.51925,48.26025,99.38974999999999,43.25025,Amber,-0.279446469399392,0,0.0,0.0,0,0
2024-11-24 00:00:00,99.3055,45.36725,99.60425000000001,48.2365,Amber,-1.221479926927455,0,0.0,0.0924,0,0
2024-11-24 01:00:00,99.82425,42.96675,99.487,48.277,Amber,1.0956071920783494,0,0.0141,0.0,0,0
2024-11-24 02:00:00,99.9525,37.7875,99.43975,49.04125,Amber,1.1885151395643967,0,0.1565,0.0,0,0
2024-11-24 03:00:00,99.6905,57.845,99.29175000000001,53.141,Amber,0.022163136299665542,0,0.0369,0.0,0,0
2024-11-24 04:00:00,99.99375,63.16499999999999,99.55,58.326249999999995,Amber,1.0522786695119326,0,0.2206,0.0,0,0
2024-11-24 05:00:00,99.56975,66.49575,99.10975,59.77625,Amber,-0.5908634994565904,0,0.0,0.0,0,0
2024-11-24 06:00:00,99.91825,80.3365,99.289,60.6565,Amber,0.5650283379124459,0,0.1081,0.0,0,0
2024-11-24 07:00:00,99.73525000000001,89.27925,99.64175,60.102000000000004,Amber,-0.4414256496938492,0,0.0333,0.0,0,0
2024-11-24 08:00:00,99.8265,94.79650000000001,99.33575,53.997,Amber,0.24136225431660333,0,0.0497,0.0,0,0
2024-11-24 09:00:00,99.56425,106.73125,99.42725,53.97175,Amber,-1.142878578385806,0,0.0,0.0,0,0
2024-11-24 10:00:00,99.70375,115.568,99.56075,50.526,Amber,-0.11340776733635784,0,0.0,0.0,0,0
2024-11-24 11:00:00,99.568,111.3885,99.6935,47.64725,Amber,-1.078197982208117,0,0.0,0.0,0,0
2024-11-24 12:00:00,99.42175,116.2295,99.605,46.90775,Amber,-1.4726778239747622,0,0.0,0.0,0,0
2024-11-24 13:00:00,99.63975,123.05425000000001,99.47725,36.6565,Amber,0.1383294507505172,0,0.0,0.0,0,0
2024-11-24 14:00:00,99.00450000000001,116.4945,99.45824999999999,38.6525,Amber,-1.8945496330702645,0,0.0,0.3934,0,0
2024-11-24 15:00:00,99.2495,113.399,99.367,32.7915,Amber,-0.6851622865068182,0,0.0,0.5419,0,0
2024-11-24 16:00:00,98.952,101.43075,99.3085,31.654,Amber,-1.2316697763302196,0,0.0,0.9878,0,0
2024-11-24 17:00:00,99.348,93.80125,99.79375,31.519,Amber,0.3029481353903361,0,0.0,1.0377,0,0
2024-11-24 18:00:00,99.25,75.60225,99.50675,32.33425,Red,0.037647490983462095,0,0.0,1.1856,0,1
2024-11-24 19:00:00,99.059,65.72125,99.3685,27.2425,Amber,-0.5311816416333616,0,0.0,1.5246,0,0
2024-11-24 20:00:00,99.65625,64.463,99.4905,33.0295,Amber,1.6487691709007009,0,0.0,1.2663,0,0
2024-11-24 21:00:00,99.336,52.005250000000004,99.32849999999999,39.9815,Red,0.2795969713650572,0,0.0,1.3282,0,1
2024-11-24 22:00:00,99.1625,51.34125,99.59675,34.51425,Red,-0.6805221129966373,0,0.0,1.5636,0,1
2024-11-24 23:00:00,99.514,35.1425,99.48325,39.3115,Amber,0.8274887472523784,0,0.0,1.4475,0,0
2024-11-25 00:00:00,99.66625,44.7665,99.63675,44.364000000000004,Amber,1.0461082105422181,0,0.0,1.1792,0,0
2024-11-25 01:00:00,99.55199999999999,45.413,99.39275,47.45375,Green,0.35994775381871785,0,0.0,1.0251,0,0
2024-11-25 02:00:00,99.5255,43.07275,99.29650000000001,55.167,Green,0.3672599735248399,0,0.0,0.8976,0,0
2024-11-25 03:00:00,99.77125000000001,48.698499999999996,99.7365,56.475750000000005,Amber,1.1607730456750587,0,0.0,0.5243,0,0
2024-11-25 04:00:00,99.97775,58.5945,99.7005,61.1815,Amber,1.711006404175632,0,0.1676,0.0,0,0
2024-11-25 05:00:00,99.66975,63.604,99.38325,61.03725,Amber,-0.14531016552249337,0,0.0273,0.0,0,0
2024-11-25 06:00:00,99.91675000000001,73.3555,99.4335,62.207750000000004,Amber,0.9690711718927492,0,0.1339,0.0,0,0
2024-11-25 07:00:00,99.6685,91.84725,99.3715,59.25925,Amber,-0.5101641619471028,0,0.0,0.0,0,0
2024-11-25 08:00:00,99.84075,111.96275,99.81649999999999,56.9495,Green,0.26054266059542447,0,0.0306,0.0,0,0
2024-11-25 09:00:00,99.8475,110.9945,99.49875,51.4855,Amber,0.21480452879714526,0,0.068,0.0,0,0
2024-11-25 10:00:00,100.0,112.23475,99.29775000000001,48.8515,Amber,1.3247004705058643,0,0.2579,0.0,0,0
2024-11-25 11:00:00,99.6155,118.3875,99.65725,49.335750000000004,Amber,-1.3590645795303968,0,0.0633,0.0,0,0
2024-11-25 12:00:00,99.476,126.03425,99.47075000000001,43.438,Amber,-1.4001901618617614,0,0.0,0.0,0,0
2024-11-25 13:00:00,99.566,122.633,99.4165,42.8215,Amber,-0.785011266312426,0,0.0,0.0,0,0
2024-11-25 14:00:00,99.40425,114.25975,99.35575,35.4655,Red,-1.0835972286916054,0,0.0,0.0,0,1
2024-11-25 15:00:00,99.32625,105.16125,99.7165,35.227000000000004,Green,-1.0029577023832044,0,0.0,0.0717,0,0
2024-11-25 16:00:00,99.49675,98.8055,99.536,31.85325,Amber,0.15157062124649653,0,0.0,0.0,0,0
2024-11-25 17:00:00,99.2845,98.0375,99.34100000000001,32.304,Amber,-1.315424416645161,0,0.0,0.1134,0,0
2024-11-25 18:00:00,99.41475,83.32925,99.606,26.542749999999998,Amber,-0.00638518821681812,0,0.0,0.0966,0,0
2024-11-25 19:00:00,99.54400000000001,66.90875,99.6225,28.55575,Amber,1.345807527784606,0,0.0,0.0,0,0
2024-11-25 20:00:00,99.314,59.39775,99.65675,30.394,Amber,-0.7785753535012762,0,0.0,0.0839,0,0
2024-11-25 21:00:00,99.193,50.44925,99.558,37.07375,Amber,-1.3528369966109233,0,0.0,0.2889,0,0
2024-11-25 22:00:00,99.61525,50.87925,99.45075,41.39975,Amber,1.3670497446156702,0,0.0,0.0715,0,0
2024-11-25 23:00:00,99.25375,38.2175,99.59325,40.1145,Amber,-0.8142406483183365,0,0.0,0.2157,0,0
2024-11-26 00:00:00,99.557,36.61825,99.43975,44.841,Amber,0.800028923854932,0,0.0,0.0566,0,0
2024-11-26 01:00:00,99.87075,38.716,99.647,49.363,Amber,1.553943081546594,0,0.0606,0.0,0,0
2024-11-26 02:00:00,99.73474999999999,40.839749999999995,99.57425,53.4355,Amber,0.7399717180057747,0,0.0,0.0,0,0
2024-11-26 03:00:00,99.62075,47.937250000000006,99.495,58.310500000000005,Amber,0.05828608823652857,0,0.0,0.0,0,0
2024-11-26 04:00:00,100.0,64.266,99.51325,59.71825,Green,1.251312344710604,0,0.1899,0.0,0,0
2024-11-26 05:00:00,99.88225,73.04825,99.715,62.06275,Amber,0.6163419390739105,0,0.262,0.0,0,0
2024-11-26 06:00:00,99.99725000000001,80.319,99.57375,62.11825,Amber,0.9797037704491613,0,0.4492,0.0,0,0
2024-11-26 07:00:00,99.49475,88.5135,99.44225,60.6155,Amber,-1.4175106889420497,0,0.1338,0.0,0,0
2024-11-26 08:00:00,99.9245,93.20949999999999,99.45475,56.114,Amber,0.49399847080868675,0,0.2482,0.0,0,0
2024-11-26 09:00:00,99.8385,105.53825,99.62375,53.20075,Amber,-0.09415159657650593,0,0.2766,0.0,0,0
2024-11-26 10:00:00,99.6335,111.85375,99.388,54.93575,Amber,-0.8438771686713685,0,0.1,0.0,0,0
2024-11-26 11:00:00,99.64425,116.77175,99.44624999999999,42.2095,Amber,-0.5717758708160835,0,0.0,0.0,0,0
2024-11-26 12:00:00,99.595,117.5795,99.36825,44.9285,Amber,-0.5805518071349742,0,0.0,0.0,0,0
2024-11-26 13:00:00,99.6035,122.701,99.4505,38.548,Green,-0.7390599648445761,0,0.0,0.0,0,0
2024-11-26 14:00:00,99.60925,113.35525,99.44925,39.27825,Amber,-0.48487228555041617,0,0.0,0.0,0,0
2024-11-26 15:00:00,99.456,105.27025,99.37774999999999,29.59075,Amber,-1.963728719479889,0,0.0,0.0,0,0
2024-11-26 16:00:00,99.26575,99.7425,99.464,25.224,Amber,-1.8227580418544407,0,0.0,0.1322,0,0
2024-11-26 17:00:00,99.6515,95.21350000000001,99.64099999999999,29.16575,Amber,0.8334230797175947,0,0.0,0.0,0,0
2024-11-26 18:00:00,99.345,77.8315,99.42,32.84425,Amber,-0.9052568750062401,0,0.0,0.0529,0,0
2024-11-26 19:00:00,99.178,69.19075000000001,99.54849999999999,28.08925,Amber,-1.2674739990694834,0,0.0,0.2729,0,0
2024-11-26 20:00:00,99.67025,59.065,99.61325,30.602,Amber,1.1972279324800508,0,0.0,0.0005,0,0
2024-11-26 21:00:00,99.44425,54.07625,99.511,34.9355,Amber,0.09125135491030675,0,0.0,0.0,0,0
2024-11-26 22:00:00,99.38875,50.0625,99.1995,38.8785,Red,-0.30512158243019305,0,0.0,0.0092,0,1
2024-11-26 23:00:00,99.8425,41.2645,99.48675,43.947,Green,1.5218959958724285,0,0.0324,0.0,0,0
2024-11-27 00:00:00,99.77775,44.319,99.32900000000001,45.76325,Amber,0.8889776077698723,0,0.0,0.0,0,0
2024-11-27 01:00:00,99.651,36.622,99.57375,51.030499999999996,Green,0.1218544571325141,0,0.0,0.0,0,0
2024-11-27 02:00:00,99.83225,41.43725,99.4485,54.36025,Amber,0.8876162774414716,0,0.0221,0.0,0,0
2024-11-27 03:00:00,99.5675,51.462,99.49375,55.41175,Green,-0.6150511356834528,0,0.0,0.0,0,0
2024-11-27 04:00:00,99.7585,62.19225,99.52825,54.31575,Green,0.18730337233259162,0,0.0,0.0,0,0
2024-11-27 05:00:00,99.61775,68.6435,99.383,61.18575,Amber,-0.8014773251333767,0,0.0,0.0,0,0
2024-11-27 06:00:00,99.97675,69.765,99.80725,59.685,Green,1.5851059979826745,0,0.1666,0.0,0,0
2024-11-27 07:00:00,99.30475,96.83825,99.4805,60.739,Amber,-1.5850545611049836,0,0.0,0.0932,0,0
2024-11-27 08:00:00,99.5785,101.674,99.636,57.383,Amber,-0.24843993918738036,0,0.0,0.0,0,0
2024-11-27 09:00:00,99.95925,108.66325,99.453,60.429500000000004,Amber,1.0198511299797572,0,0.1491,0.0,0,0
2024-11-27 10:00:00,99.6055,116.829,99.57124999999999,50.69525,Amber,-0.26714552995128465,0,0.0,0.0,0,0
2024-11-27 11:00:00,99.63175,118.42575000000001,99.63499999999999,47.87125,Amber,-0.17390509563389606,0,0.0,0.0,0,0
2024-11-27 12:00:00,99.794,120.20675,99.30850000000001,40.567,Amber,0.6732090986924795,0,0.0,0.0,0,0
2024-11-27 13:00:00,99.59725,120.08775,99.51525,37.42125,Amber,-0.641079028957859,0,0.0,0.0,0,0
2024-11-27 14:00:00,99.6435,115.51175,99.50025,35.63225,Amber,-0.42947986442416564,0,0.0,0.0,0,0
2024-11-27 15:00:00,99.202,106.191,99.531,34.041250000000005,Amber,-1.902526202759677,0,0.0,0.1959,0,0
2024-11-27 16:00:00,99.03825,97.5525,99.398,31.221,Red,-1.5138119141855524,0,0.0,0.5556,0,1
2024-11-27 17:00:00,99.63425000000001,100.08525,99.556,32.4535,Amber,0.5063394240004198,0,0.0,0.3193,0,0
2024-11-27 18:00:00,99.29825,82.49825,99.32625,28.2365,Amber,-0.40271215898872187,0,0.0,0.419,0,0
2024-11-27 19:00:00,99.3215,77.81725,99.80975,32.6745,Green,-0.14464290226584392,0,0.0,0.4954,0,0
2024-11-27 20:00:00,99.44550000000001,62.80225,99.47575,33.06325,Green,0.5988580267564244,0,0.0,0.4478,0,0
2024-11-27 21:00:00,99.6345,55.67375,99.36975,34.877250000000004,Amber,1.0502827012095104,0,0.0,0.2113,0,0
2024-11-27 22:00:00,99.50325000000001,37.23375,99.15674999999999,36.2815,Amber,0.20740205190280822,0,0.0,0.1059,0,0
2024-11-27 23:00:00,99.8035,44.43025,99.4225,38.893499999999996,Green,1.569047640454759,0,0.0,0.0,0,0
2024-11-28 00:00:00,99.711,41.195,99.685,46.87975,Amber,0.7882442736121097,0,0.0,0.0,0,0
2024-11-28 01:00:00,99.85175,45.95875,99.68925,56.51475,Green,1.1946537857438513,0,0.0416,0.0,0,0
2024-11-28 02:00:00,99.6815,45.76275,99.56775,54.8755,Amber,-0.1294609101620939,0,0.0,0.0,0,0
2024-11-28 03:00:00,99.82375,47.951,99.46424999999999,61.30775,Amber,0.7338199656744092,0,0.0136,0.0,0,0
2024-11-28 04:00:00,99.72200000000001,60.554500000000004,99.5015,58.232,Amber,-0.626536402147658,0,0.0,0.0,0,0
2024-11-28 05:00:00,99.90725,64.48025,99.49475,55.8895,Amber,1.3729505195053386,0,0.0971,0.0,0,0
2024-11-28 06:00:00,99.84875,86.1625,99.62700000000001,55.19475,Amber,0.49860416829065735,0,0.1358,0.0,0,0
2024-11-28 07:00:00,99.6375,86.85050000000001,99.499,58.72025,Amber,-1.257455276376238,0,0.0,0.0,0,0
2024-11-28 08:00:00,99.96575,101.70700000000001,99.52875,58.9725,Amber,1.2305636972523157,0,0.1556,0.0,0,0
2024-11-28 09:00:00,99.75274999999999,106.77,99.6155,55.76775,Green,-0.4295434567396993,0,0.0983,0.0,0,0
2024-11-28 10:00:00,99.91525,113.53025,99.48175,52.408,Amber,0.6331736344608156,0,0.2034,0.0,0,0
2024-11-28 11:00:00,99.801,119.13,99.69149999999999,45.91725,Green,-0.16276657053328222,0,0.1943,0.0,0,0
2024-11-28 12:00:00,99.73925,119.23175,99.50175,47.43,Green,-0.5184059318274595,0,0.1235,0.0,0,0
2024-11-28 13:00:00,99.51825,120.051,99.5005,35.694,Amber,-1.6742160988215762,0,0.0,0.0,0,0
2024-11-28 14:00:00,99.6925,118.18025,99.32875,35.447,Amber,-0.33558951926918396,0,0.0,0.0,0,0
2024-11-28 15:00:00,99.19325,107.5795,99.6275,38.042500000000004,Amber,-1.7552548382732303,0,0.0,0.2047,0,0
2024-11-28 16:00:00,99.20575,106.38275,99.621,31.040499999999998,Amber,-1.1862219363527975,0,0.0,0.3969,0,0
2024-11-28 17:00:00,99.1185,79.77799999999999,99.27275,27.491,Red,-1.0709852001667122,0,0.0,0.6763,0,1
2024-11-28 18:00:00,99.658,82.1235,99.473,31.963,Amber,1.0197050971935933,0,0.0,0.4162,0,0
2024-11-28 19:00:00,99.27975,71.606,99.49625,31.84725,Red,-0.311245695842667,0,0.0,0.5344,0,1
2024-11-28 20:00:00,99.0665,59.9965,99.6745,34.286,Amber,-0.8852424688244575,0,0.0,0.8658,0,0
2024-11-28 21:00:00,99.2575,51.848,99.56725,36.089,Amber,-0.03264383304286153,0,0.0,1.0063,0,0
2024-11-28 22:00:00,99.2255,44.4415,99.599,40.07325,Amber,-0.20215699041605803,0,0.0,1.1787,0,0
2024-11-28 23:00:00,99.57275,50.0715,99.51025,45.7175,Amber,1.0187170046633456,0,0.0,1.0039,0,0
2024-11-29 00:00:00,99.18325,39.08175,99.47874999999999,46.58275,Amber,-0.479344419565016,0,0.0,1.2185,0,0
2024-11-29 01:00:00,99.532,34.2615,99.52775,50.68475,Amber,1.119024520503782,0,0.0,1.0845,0,0
2024-11-29 02:00:00,99.81375,44.58125,99.003,56.3665,Red,1.53674907540479,0,0.0036,0.6686,0,1
2024-11-29 03:00:00,99.68825,51.92525,99.32575,57.2815,Amber,0.7387358407415918,0,0.0,0.3783,0,0
2024-11-29 04:00:00,99.69575,58.68825,99.33275,60.659,Amber,0.5244780914614712,0,0.0,0.0805,0,0
2024-11-29 05:00:00,99.81,64.15350000000001,99.56524999999999,58.3745,Amber,0.7971925996430245,0,0.0,0.0,0,0
2024-11-29 06:00:00,99.65075,74.84125,99.5745,66.68525,Amber,-0.4510940142298186,0,0.0,0.0,0,0
2024-11-29 07:00:00,99.89175,93.26775,99.57625,61.2215,Amber,1.4227044540947016,0,0.0816,0.0,0,0
2024-11-29 08:00:00,99.4965,96.15575,99.49075,57.74625,Amber,-1.535101416102191,0,0.0,0.0,0,0
2024-11-29 09:00:00,99.469,108.20425,99.26325,56.5435,Amber,-1.1936866719155028,0,0.0,0.0,0,0
2024-11-29 10:00:00,99.31725,111.575,99.73375,47.66825,Amber,-1.3190163963318076,0,0.0,0.0807,0,0
2024-11-29 11:00:00,99.29575,122.653,99.44200000000001,51.49575,Amber,-1.003938424172795,0,0.0,0.1829,0,0
2024-11-29 12:00:00,99.46425,117.71075,99.57275,44.19825,Green,-0.11575582553971892,0,0.0,0.1165,0,0
2024-11-29 13:00:00,99.41825,128.22925,99.69024999999999,36.243750000000006,Amber,0.09575656167493352,0,0.0,0.0962,0,0
2024-11-29 14:00:00,99.63425,116.38075,99.73725,37.60375,Green,1.6396966939512299,0,0.0,0.0,0,0
2024-11-29 15:00:00,99.3575,101.56625,99.34325,33.30625,Amber,-0.4579118140896982,0,0.0,0.0404,0,0
2024-11-29 16:00:00,99.256,101.47475,99.343,30.86025,Amber,-1.089791952978893,0,0.0,0.1824,0,0
2024-11-29 17:00:00,99.6225,95.92325,99.72274999999999,32.82125,Amber,1.1005048710688168,0,0.0,0.0,0,0
2024-11-29 18:00:00,99.5015,78.515,99.58975,31.885,Green,0.24365094716029506,0,0.0,0.0,0,0
2024-11-29 19:00:00,99.384,63.956500000000005,99.3895,31.3,Amber,-0.49349188651388515,0,0.0,0.0139,0,0
2024-11-29 20:00:00,99.3605,54.09,99.57124999999999,33.9675,Amber,-0.41253820066507985,0,0.0,0.0514,0,0
2024-11-29 21:00:00,99.37175,55.089,99.78725,34.52975,Amber,-0.3466750006817854,0,0.0,0.0775,0,0
2024-11-29 22:00:00,99.31825,46.96275,99.53275,38.175250000000005,Amber,-0.9492772158197478,0,0.0,0.1572,0,0
2024-11-29 23:00:00,99.6095,44.4235,99.54325,42.042,Green,1.6916360621426596,0,0.0,0.0,0,0
2024-11-30 00:00:00,99.71350000000001,37.2205,99.2105,47.8375,Amber,1.5737026538980683,0,0.0,0.0,0,0
2024-11-30 01:00:00,99.37950000000001,39.060249999999996,99.569,48.538,Amber,-0.49037388395203213,0,0.0,0.0184,0,0
2024-11-30 02:00:00,99.75375,43.7895,99.56225,60.0125,Amber,1.2009389027684843,0,0.0,0.0,0,0
2024-11-30 03:00:00,99.69825,50.41275,99.54675,56.0435,Amber,0.6448842879321502,0,0.0,0.0,0,0
2024-11-30 04:00:00,99.76175,55.71025,99.44725,58.86875,Amber,0.754694246002614,0,0.0,0.0,0,0
2024-11-30 05:00:00,99.5975,65.12299999999999,99.47125,59.48975,Amber,-0.3662388933415765,0,0.0,0.0,0,0
2024-11-30 06:00:00,99.67275,76.39325,99.528,63.43675,Amber,0.20206971315588218,0,0.0,0.0,0,0
2024-11-30 07:00:00,99.58625,85.443,99.10475,58.0595,Amber,-1.2291590319072663,0,0.0,0.0,0,0
2024-11-30 08:00:00,99.9875,96.13325,99.42125,57.601749999999996,Amber,1.8309959887281024,0,0.1774,0.0,0,0
2024-11-30 09:00:00,99.641,103.1005,99.5205,56.0565,Amber,-0.4427778423849057,0,0.0083,0.0,0,0
2024-11-30 10:00:00,99.88125,119.79575,99.445,50.74825,Amber,0.9223087749216385,0,0.0794,0.0,0,0
2024-11-30 11:00:00,99.3305,120.5595,99.4645,48.98725,Amber,-1.5248655903110107,0,0.0,0.0674,0,0
2024-11-30 12:00:00,99.199,114.58949999999999,99.685,42.7805,Amber,-1.3296525695452246,0,0.0,0.2664,0,0
2024-11-30 13:00:00,99.81700000000001,121.09049999999999,99.496,43.97525,Green,0.5508749701591273,0,0.0069,0.0,0,0
2024-11-30 14:00:00,99.68674999999999,122.40525,99.24,32.6775,Amber,0.346868146474487,0,0.0,0.0,0,0
2024-11-30 15:00:00,99.3625,107.34525,99.2985,33.3215,Red,-0.6444123243233688,0,0.0,0.0354,0,1
2024-11-30 16:00:00,99.3305,104.95725,99.44625,28.5835,Amber,-0.5145026802699577,0,0.0,0.1029,0,0
2024-11-30 17:00:00,99.66575,95.287,99.39500000000001,31.24625,Amber,0.6343560235111696,0,0.0,0.0,0,0
2024-11-30 18:00:00,99.32124999999999,77.1065,99.01425,29.275,Amber,-0.9621005797764504,0,0.0,0.0767,0,0
2024-11-30 19:00:00,99.26050000000001,70.5305,99.51725,30.80325,Amber,-0.9450365034600601,0,0.0,0.2141,0,0
2024-11-30 20:00:00,99.20275,57.56125,99.638,31.61,Red,-0.9562849046230449,0,0.0,0.4093,0,1
2024-11-30 21:00:00,99.61725,47.406,99.43549999999999,35.90875,Amber,1.1244365871093212,0,0.0,0.19,0,0
2024-11-30 22:00:00,99.40825,40.66975,99.71775,38.26525,Amber,-0.022962684867225816,0,0.0,0.1796,0,0
2024-11-30 23:00:00,99.45325,46.65275,99.13775,44.4055,Amber,0.5090898187608465,0,0.0,0.1243,0,0
2024-12-01 00:00:00,99.8495,40.53425,99.42525,47.6205,Amber,1.6095198465328693,0,0.0394,0.0,0,0
2024-12-01 01:00:00,99.52275,42.0425,99.512,50.166,Amber,0.0636304214602656,0,0.0,0.0,0,0
2024-12-01 02:00:00,99.7075,43.15875,99.66625,57.159,Amber,0.6884873574896405,0,0.0,0.0,0,0
2024-12-01 03:00:00,99.03375,56.024249999999995,99.5825,55.27725,Amber,-1.6469135555551484,0,0.0,0.3642,0,0
2024-12-01 04:00:00,99.5605,60.082,99.58925,57.9505,Amber,0.14136616284325162,0,0.0,0.2016,0,0
2024-12-01 05:00:00,99.66749999999999,76.48474999999999,99.493,61.616,Amber,0.39324245995753376,0,0.0,0.0,0,0
2024-12-01 06:00:00,99.553,76.634,99.402,60.605000000000004,Amber,0.18727264456833811,0,0.0,0.0,0,0
2024-12-01 07:00:00,99.87425,84.70725,99.238,60.207,Amber,1.0777010240990306,0,0.0641,0.0,0,0
2024-12-01 08:00:00,99.80275,98.77525,99.37925,54.6845,Green,0.7414861418319014,0,0.0568,0.0,0,0
2024-12-01 09:00:00,99.82025,101.6865,99.55175,53.09975,Green,0.7717596898289245,0,0.0669,0.0,0,0
2024-12-01 10:00:00,99.599,115.649,99.22925,47.03,Green,-0.9186186947801126,0,0.0,0.0,0,0
2024-12-01 11:00:00,99.84725,118.23575,99.57775,44.23025,Amber,0.7126847840361942,0,0.0371,0.0,0,0
2024-12-01 12:00:00,99.54175,120.76599999999999,99.81375,47.82875,Amber,-1.4643769526102561,0,0.0,0.0,0,0
2024-12-01 13:00:00,99.568,122.93225,99.2345,34.16725,Amber,-0.9118532611521135,0,0.0,0.0,0,0
2024-12-01 14:00:00,99.55325,113.26899999999999,99.486,38.82375,Amber,-0.7256308368957949,0,0.0,0.0,0,0
2024-12-01 15:00:00,99.071,109.786,99.54175,34.9985,Amber,-1.8196115935239556,0,0.0,0.3269,0,0
2024-12-01 16:00:00,99.61375000000001,98.5875,99.54050000000001,29.698999999999998,Amber,0.3209543709467916,0,0.0,0.1111,0,0
2024-12-01 17:00:00,99.40025,84.40475,99.462,27.5855,Red,-0.2848259465190868,0,0.0,0.1088,0,1
2024-12-01 18:00:00,99.3795,83.49725,99.632,28.18,Green,-0.25709285194455905,0,0.0,0.1272,0,0
2024-12-01 19:00:00,99.13125,69.34075,99.55924999999999,32.18375,Amber,-1.0366737706376423,0,0.0,0.3939,0,0
2024-12-01 20:00:00,99.27475,58.617,99.3875,34.80675,Red,-0.18709974779201996,0,0.0,0.5171,0,1
2024-12-01 21:00:00,99.46025,46.57,99.27850000000001,34.7035,Amber,0.5101072714354316,0,0.0,0.4548,0,0
2024-12-01 22:00:00,99.62225000000001,44.932249999999996,99.56125,40.323499999999996,Amber,1.467482789847672,0,0.0,0.2304,0,0
2024-12-01 23:00:00,99.62,43.59025,99.286,42.89775,Amber,1.0576078511783065,0,0.0,0.0084,0,0
2024-12-02 00:00:00,99.31275,42.63,99.77275,48.54975,Amber,-0.45754516599360945,0,0.0,0.0935,0,0
2024-12-02 01:00:00,99.82875,46.87175,99.6065,53.391,Amber,1.4647623725918864,0,0.0186,0.0,0,0
2024-12-02 02:00:00,99.71325,46.128,99.47325000000001,54.291,Amber,0.6571196124209875,0,0.0,0.0,0,0
2024-12-02 03:00:00,99.72275,47.896499999999996,99.46775,59.502250000000004,Amber,0.4882460834740622,0,0.0,0.0,0,0
2024-12-02 04:00:00,99.85775,60.5775,99.46000000000001,62.005500000000005,Amber,0.9209002686218691,0,0.0476,0.0,0,0
2024-12-02 05:00:00,99.775,69.675,99.38624999999999,59.818,Amber,0.36856068237096545,0,0.0125,0.0,0,0
2024-12-02 06:00:00,99.61925,75.89750000000001,99.539,59.56025,Amber,-1.5403936615347518,0,0.0,0.0,0,0
2024-12-02 07:00:00,99.797,87.646,99.39675,59.08324999999999,Amber,0.6038807829463263,0,0.0,0.0,0,0
2024-12-02 08:00:00,99.96000000000001,106.81975,99.56775,54.4975,Green,1.4757171877812627,0,0.1499,0.0,0,0
2024-12-02 09:00:00,99.49375,107.39625000000001,99.608,57.127250000000004,Amber,-1.527039013013043,0,0.0,0.0,0,0
2024-12-02 10:00:00,99.26275,113.37325,99.61175,51.1315,Red,-1.5638393339830272,0,0.0,0.1352,0,1
2024-12-02 11:00:00,99.85325,114.37575000000001,99.37375,47.613,Amber,0.7319173155759053,0,0.0431,0.0,0,0
2024-12-02 12:00:00,99.7935,120.8955,99.47125,41.5255,Amber,0.3824462466162752,0,0.0265,0.0,0,0
2024-12-02 13:00:00,99.97975,108.62100000000001,99.44775,37.965,Green,0.8954417164358839,0,0.1962,0.0,0,0
2024-12-02 14:00:00,99.4325,117.9445,99.236,37.51275,Amber,-0.727294934463235,0,0.0,0.0,0,0
2024-12-02 15:00:00,99.357,109.5595,99.6905,33.134,Amber,-0.8579575180671396,0,0.0,0.0409,0,0
2024-12-02 16:00:00,99.4915,95.89699999999999,99.49549999999999,34.68475,Amber,-0.6228593009684715,0,0.0,0.0,0,0
2024-12-02 17:00:00,99.062,89.41875,99.45425,28.643250000000002,Red,-1.403530383632124,0,0.0,0.3359,0,1
2024-12-02 18:00:00,99.619,73.18225,99.412,30.0205,Amber,0.4240268571098744,0,0.0,0.1149,0,0
2024-12-02 19:00:00,99.59475,70.06649999999999,99.50475,31.17225,Green,0.8281168342700836,0,0.0,0.0,0,0
2024-12-02 20:00:00,99.7865,59.41825,99.28175,32.8645,Amber,1.1983153606055377,0,0.0,0.0,0,0
2024-12-02 21:00:00,99.42275000000001,49.60325,99.67425,40.05325,Amber,-0.2978901057565123,0,0.0,0.0,0,0
2024-12-02 22:00:00,99.297,47.1055,99.706,39.301249999999996,Amber,-0.6426239844056031,0,0.0,0.1009,0,0
2024-12-02 23:00:00,99.826,50.65425,99.43375,42.703500000000005,Amber,1.1494572336502802,0,0.0159,0.0,0,0
2024-12-03 00:00:00,99.49325,41.15825,99.53825,44.774,Amber,-0.370216461442374,0,0.0,0.0,0,0
2024-12-03 01:00:00,99.68775000000001,46.580749999999995,99.7695,52.66825,Amber,0.47976547268017417,0,0.0,0.0,0,0
2024-12-03 02:00:00,99.35025,40.00625,99.5205,52.501,Amber,-0.7929760281636561,0,0.0,0.0477,0,0
2024-12-03 03:00:00,99.69425,52.167,99.60275,57.56625,Amber,0.6452067301015824,0,0.0,0.0,0,0
2024-12-03 04:00:00,99.983,55.463,99.26275,55.3295,Amber,1.3708481739157212,0,0.1729,0.0,0,0
2024-12-03 05:00:00,99.53325,62.17425,99.2985,57.098,Amber,-0.41410310226220154,0,0.0,0.0,0,0
2024-12-03 06:00:00,99.76175,84.55075,99.49825,61.83375,Amber,0.43706248767556855,0,0.0,0.0,0,0
2024-12-03 07:00:00,99.55425,89.19625,99.42925,59.7115,Amber,-0.4212024093104008,0,0.0,0.0,0,0
2024-12-03 08:00:00,99.47874999999999,100.0935,99.381,57.563250000000004,Amber,-1.0073680384384547,0,0.0,0.0,0,0
2024-12-03 09:00:00,99.76,104.8165,99.77324999999999,58.005,Amber,0.42632337614406324,0,0.0,0.0,0,0
2024-12-03 10:00:00,99.3885,117.98825,99.39175,51.9525,Amber,-1.2577550172576992,0,0.0,0.0094,0,0
2024-12-03 11:00:00,99.634,121.69425,99.345,48.789500000000004,Amber,0.24988751520925506,0,0.0,0.0,0,0
2024-12-03 12:00:00,99.59100000000001,121.053,99.63875,44.415,Amber,0.18141542076216277,0,0.0,0.0,0,0
2024-12-03 13:00:00,99.45175,126.11125,99.66525,38.46525,Amber,-0.7227853551318377,0,0.0,0.0,0,0
2024-12-03 14:00:00,99.92625,117.06875,99.72425,32.1995,Green,1.5196554866767755,0,0.1161,0.0,0,0
2024-12-03 15:00:00,99.69725,112.13225,99.46625,32.85025,Amber,0.43156975856371704,0,0.0033,0.0,0,0
2024-12-03 16:00:00,99.2185,103.41975,99.3245,31.2595,Red,-1.5451334169662763,0,0.0,0.1794,0,1
2024-12-03 17:00:00,99.379,91.2815,99.57325,29.497999999999998,Amber,-0.6587854308144688,0,0.0,0.1984,0,0
2024-12-03 18:00:00,99.63875,80.814,99.56,25.613,Amber,0.3432992473542468,0,0.0,0.0,0,0
2024-12-03 19:00:00,99.293,70.12575,99.59325,30.762,Amber,-0.851442371626131,0,0.0,0.1049,0,0
2024-12-03 20:00:00,99.758,58.06,99.53225,35.19425,Amber,1.1396358159381168,0,0.0,0.0,0,0
2024-12-03 21:00:00,99.48125,49.198499999999996,99.732,38.33475,Amber,0.09587534839654797,0,0.0,0.0,0,0
2024-12-03 22:00:00,99.41525,45.51075,99.547,42.848,Green,-0.4548990853359287,0,0.0,0.0,0,0
2024-12-03 23:00:00,99.78975,35.03925,99.607,40.627250000000004,Green,1.145218441515737,0,0.0,0.0,0,0
2024-12-04 00:00:00,99.383,44.313,99.5895,42.2725,Green,-0.6652489315051286,0,0.0,0.0149,0,0
2024-12-04 01:00:00,99.63925,41.33025,99.51375,48.193,Amber,0.34945168229888884,0,0.0,0.0,0,0
2024-12-04 02:00:00,99.82625,46.541,99.489,52.570499999999996,Green,1.238294590849809,0,0.0161,0.0,0,0
2024-12-04 03:00:00,99.94200000000001,47.03625,99.45375,57.631,Green,1.2087307732798644,0,0.148,0.0,0,0
2024-12-04 04:00:00,99.56125,56.88875,99.63425,57.0355,Amber,-0.6364356780205568,0,0.0,0.0,0,0
2024-12-04 05:00:00,99.81425,66.55075000000001,99.42925,58.695,Amber,0.5840295283553918,0,0.0041,0.0,0,0
2024-12-04 06:00:00,100.0,75.54225,99.489,63.206,Amber,1.1958294521848476,0,0.194,0.0,0,0
2024-12-04 07:00:00,99.67375,90.11875,99.25575,62.6245,Amber,-0.7891708336657633,0,0.0577,0.0,0,0
2024-12-04 08:00:00,99.7105,96.66075000000001,99.43175,58.338,Amber,-0.4374601701151591,0,0.0,0.0,0,0
2024-12-04 09:00:00,99.82775000000001,110.05875,99.72874999999999,57.21825,Amber,0.41760317912925027,0,0.0176,0.0,0,0
2024-12-04 10:00:00,99.55325,116.70725,99.477,49.328,Amber,-1.3686975963567545,0,0.0,0.0,0,0
2024-12-04 11:00:00,99.80575,122.51525000000001,99.45725,51.23125,Amber,0.287217641768696,0,0.0,0.0,0,0
2024-12-04 12:00:00,99.73425,119.32300000000001,99.4385,41.06425,Amber,0.16849652230233123,0,0.0,0.0,0,0
2024-12-04 13:00:00,99.45949999999999,115.878,99.367,37.8575,Amber,-1.525681676940651,0,0.0,0.0,0,0
2024-12-04 14:00:00,99.2335,118.164,99.5275,34.182249999999996,Green,-1.5918064169032533,0,0.0,0.1644,0,0
2024-12-04 15:00:00,99.352,109.01675,99.43875,34.436499999999995,Amber,-0.7765438089212571,0,0.0,0.2104,0,0
2024-12-04 16:00:00,99.6345,93.80675,99.38024999999999,34.81725,Green,0.4353074273605096,0,0.0,0.0,0,0
2024-12-04 17:00:00,99.33725,92.17125,99.53675,29.7435,Green,-0.6326029465171048,0,0.0,0.0607,0,0
2024-12-04 18:00:00,99.1815,83.95575,99.35375,29.891750000000002,Amber,-1.1316169649229388,0,0.0,0.2771,0,0
2024-12-04 19:00:00,99.6645,70.7025,99.5215,31.586,Amber,1.2983674151029894,0,0.0,0.0105,0,0
2024-12-04 20:00:00,99.3515,60.84175,99.515,31.630000000000003,Amber,-0.3633009659600602,0,0.0,0.057,0,0
2024-12-04 21:00:00,99.83675,56.179500000000004,99.47225,34.97125,Amber,1.351619130065063,0,0.0266,0.0,0,0
2024-12-04 22:00:00,99.42750000000001,50.317750000000004,99.41975,39.5695,Red,-0.16222825613574218,0,0.0,0.0,0,1
2024-12-04 23:00:00,99.04625,41.94,99.26025,42.455,Red,-1.2607032148054371,0,0.0,0.3517,0,1
2024-12-05 00:00:00,99.7655,44.695499999999996,99.47975,46.132999999999996,Amber,0.8407000058299355,0,0.0,0.0,0,0
2024-12-05 01:00:00,99.83275,42.3935,99.37425,49.62175,Green,0.9003291994891928,0,0.0226,0.0,0,0
2024-12-05 02:00:00,99.602,44.79,99.4985,51.5835,Amber,0.05488362851137682,0,0.0,0.0,0,0
2024-12-05 03:00:00,99.84375,49.9685,99.5065,58.53825,Amber,0.8342093446949581,0,0.0336,0.0,0,0
2024-12-05 04:00:00,99.918,60.86,99.19149999999999,55.74525,Amber,0.7743689826439899,0,0.1415,0.0,0,0
2024-12-05 05:00:00,99.553,76.6015,99.52074999999999,55.121500000000005,Amber,-1.3781490426316207,0,0.0,0.0,0,0
2024-12-05 06:00:00,99.36275,85.40899999999999,99.37925,60.0475,Amber,-1.5059571654094601,0,0.0,0.0352,0,0
2024-12-05 07:00:00,99.6105,93.53175,99.64525,61.84575,Amber,-0.18678528518504822,0,0.0,0.0,0,0
2024-12-05 08:00:00,99.55975000000001,101.23625,99.3765,57.41175,Amber,-0.3973767813986845,0,0.0,0.0,0,0
2024-12-05 09:00:00,99.711,106.9045,99.526,54.45675,Amber,0.495900053796789,0,0.0,0.0,0,0
2024-12-05 10:00:00,99.831,121.6335,99.464,53.80425,Amber,1.4270224065971338,0,0.0209,0.0,0,0
2024-12-05 11:00:00,99.602,118.62950000000001,99.4855,46.73125,Amber,-0.06915076698223448,0,0.0,0.0,0,0
2024-12-05 12:00:00,99.78775,124.211,99.5795,45.577,Green,0.9449188628779231,0,0.0,0.0,0,0
2024-12-05 13:00:00,99.62975,116.959,99.52074999999999,38.0355,Amber,-0.529673152242767,0,0.0,0.0,0,0
2024-12-05 14:00:00,99.70475,117.39975,99.5965,29.5835,Amber,-0.07141125348202126,0,0.0,0.0,0,0
2024-12-05 15:00:00,99.25275,107.74725,99.5775,36.854,Red,-1.8467345115878406,0,0.0,0.1452,0,1
2024-12-05 16:00:00,99.2445,97.757,99.525,29.618499999999997,Amber,-1.2579010392732832,0,0.0,0.2986,0,0
2024-12-05 17:00:00,99.788,92.6725,99.35125,28.42375,Amber,0.865586803871646,0,0.0,0.0,0,0
2024-12-05 18:00:00,99.03975,86.75750000000001,99.60725,28.2635,Amber,-1.3294028364724042,0,0.0,0.3582,0,0
2024-12-05 19:00:00,99.12700000000001,68.90375,99.281,31.41225,Red,-0.7473604103608428,0,0.0,0.6291,0,1
2024-12-05 20:00:00,99.741,63.7575,99.6625,35.489,Green,1.1759028118481494,0,0.0,0.286,0,0
2024-12-05 21:00:00,99.50625,48.923249999999996,99.74225,33.606249999999996,Green,0.3095577657494712,0,0.0,0.1777,0,0
2024-12-05 22:00:00,99.37475,46.37825,99.41475,34.22525,Amber,-0.17696643120084418,0,0.0,0.2009,0,0
2024-12-05 23:00:00,99.7255,42.7445,99.1965,44.48825,Amber,1.037452169272276,0,0.0,0.0,0,0
2024-12-06 00:00:00,99.709,38.2035,99.577,45.018499999999996,Amber,0.7261404320089286,0,0.0,0.0,0,0
2024-12-06 01:00:00,99.67425,39.70825,99.73025,53.18325,Green,0.3541529374515407,0,0.0,0.0,0,0
2024-12-06 02:00:00,99.82825,50.031,99.3905,54.1115,Green,1.160053213737088,0,0.0181,0.0,0,0
2024-12-06 03:00:00,99.865,49.9705,99.59175,55.107749999999996,Amber,0.9725239340104992,0,0.073,0.0,0,0
2024-12-06 04:00:00,99.902,55.257,99.66,60.013,Amber,1.2645785706498016,0,0.1649,0.0,0,0
2024-12-06 05:00:00,99.7285,66.0235,99.44575,57.33725,Amber,-0.6025206745252689,0,0.0833,0.0,0,0
2024-12-06 06:00:00,99.98825,85.5615,99.66199999999999,58.4135,Amber,1.3682302595146438,0,0.2615,0.0,0,0
2024-12-06 07:00:00,99.73675,89.28,99.54625,60.6725,Amber,-1.050606809343668,0,0.1881,0.0,0,0
2024-12-06 08:00:00,99.32625,102.73949999999999,99.596,60.373000000000005,Amber,-1.8470656739961193,0,0.0,0.0717,0,0
2024-12-06 09:00:00,99.65425,110.6885,99.2885,53.68,Amber,-0.29732084321579705,0,0.0,0.0,0,0
2024-12-06 10:00:00,99.88325,116.45625,99.63775,48.17925,Amber,0.7202359897367706,0,0.0731,0.0,0,0
2024-12-06 11:00:00,99.56825,127.0335,99.46,51.637750000000004,Green,-0.5294460574340885,0,0.0,0.0,0,0
2024-12-06 12:00:00,99.88525,117.37774999999999,99.58275,45.34525,Amber,0.9883450663478112,0,0.0751,0.0,0,0
2024-12-06 13:00:00,99.50125,120.49775,99.59275,39.12375,Amber,-0.614035194725343,0,0.0,0.0,0,0
2024-12-06 14:00:00,99.69525,118.628,99.68125,42.86875,Amber,-0.01674221968770587,0,0.0,0.0,0,0
2024-12-06 15:00:00,99.01375,107.359,99.478,37.42425,Amber,-1.7825386914020027,0,0.0,0.3842,0,0
2024-12-06 16:00:00,99.60849999999999,97.98675,99.115,31.72775,Amber,0.21599469791117804,0,0.0,0.1736,0,0
2024-12-06 17:00:00,99.42575,86.5475,99.51525000000001,31.45125,Amber,-0.3241313824656236,0,0.0,0.1458,0,0
2024-12-06 18:00:00,99.39825,79.345,99.257,30.41675,Amber,-0.17806718551210468,0,0.0,0.1455,0,0
2024-12-06 19:00:00,99.38550000000001,67.144,99.56125,27.8215,Green,-0.1512543452755987,0,0.0,0.1579,0,0
2024-12-06 20:00:00,99.50175,59.98725,99.449,31.262,Red,0.5597705186154395,0,0.0,0.0541,0,1
2024-12-06 21:00:00,99.5485,54.361999999999995,99.50675000000001,34.527,Amber,0.7856792374972494,0,0.0,0.0,0,0
2024-12-06 22:00:00,100.0,45.50775,99.40050000000001,38.31175,Amber,1.9650442687636613,0,0.1899,0.0,0,0
2024-12-06 23:00:00,99.19725,38.936,99.22,40.60925,Amber,-1.1362098360734918,0,0.0,0.2007,0,0
2024-12-07 00:00:00,99.63375,40.469750000000005,99.5945,47.342749999999995,Amber,0.3313226611236087,0,0.0,0.0,0,0
2024-12-07 01:00:00,99.54925,39.09975,99.46775,54.16125,Amber,-0.08712829683977132,0,0.0,0.0,0,0
2024-12-07 02:00:00,99.7385,35.437749999999994,99.43175,53.33325,Amber,0.4831905026634554,0,0.0,0.0,0,0
2024-12-07 03:00:00,99.7235,56.365,99.35175000000001,59.518,Amber,0.3139248172486926,0,0.0,0.0,0,0
2024-12-07 04:00:00,99.95625,55.817,99.16924999999999,59.11125,Amber,1.2760260860248844,0,0.1461,0.0,0,0
2024-12-07 05:00:00,99.95824999999999,69.782,99.625,57.088,Amber,1.1854113694936448,0,0.2943,0.0,0,0
2024-12-07 06:00:00,99.9495,75.01175,99.6965,59.2695,Amber,0.8087955014835361,0,0.4337,0.0,0,0
2024-12-07 07:00:00,99.77825,91.719,99.5905,64.74549999999999,Amber,-0.628355143265369,0,0.4018,0.0,0,0
2024-12-07 08:00:00,99.77725000000001,97.16025,99.4675,58.589,Amber,-0.7354302451306325,0,0.369,0.0,0,0
2024-12-07 09:00:00,99.43299999999999,110.349,99.45325,56.81175,Amber,-1.846587196842892,0,0.0,0.0,0,0
2024-12-07 10:00:00,99.36475,115.2935,99.5545,48.096999999999994,Amber,-1.3567251793819026,0,0.0,0.0332,0,0
2024-12-07 11:00:00,99.556,112.84400000000001,99.70525,48.31075,Green,-0.3825469809376808,0,0.0,0.0,0,0
2024-12-07 12:00:00,99.507,118.17125,99.69825,42.23725,Amber,-0.35847717589060035,0,0.0,0.0,0,0
2024-12-07 13:00:00,99.70375,118.4225,99.5445,37.05625,Amber,0.9288279511792965,0,0.0,0.0,0,0
2024-12-07 14:00:00,99.39025000000001,107.22625,99.4255,34.15925,Green,-0.8121783056135258,0,0.0,0.0077,0,0
2024-12-07 15:00:00,99.23875,113.72375,99.33875,36.19725,Amber,-1.3533816608477764,0,0.0,0.1669,0,0
2024-12-07 16:00:00,99.527,100.68075,99.29,31.129,Amber,0.2524643415350921,0,0.0,0.0378,0,0
2024-12-07 17:00:00,99.4815,92.247,99.4915,28.762749999999997,Green,0.04400665432915393,0,0.0,0.0,0,0
2024-12-07 18:00:00,99.66775,79.455,99.64025,27.75525,Amber,0.9566342690191096,0,0.0,0.0,0,0
2024-12-07 19:00:00,99.388,70.769,99.3435,29.214750000000002,Red,-0.41736469259000397,0,0.0,0.0099,0,1
2024-12-07 20:00:00,99.411,60.5265,99.51975,29.882,Amber,-0.28618918939511523,0,0.0,0.0,0,0
2024-12-07 21:00:00,99.8255,53.82975,99.6245,40.30125,Amber,1.6424486187248233,0,0.0154,0.0,0,0
2024-12-07 22:00:00,99.36425,47.14425,99.457,35.26075,Amber,-0.8605590219612177,0,0.0,0.0337,0,0
2024-12-07 23:00:00,99.54825,40.11625,99.6925,45.463499999999996,Amber,0.07698391087652234,0,0.0,0.0,0,0
2024-12-08 00:00:00,99.73125,40.707750000000004,99.5315,43.4835,Amber,0.9603438431442656,0,0.0,0.0,0,0
2024-12-08 01:00:00,99.744,37.37575,99.47575,54.1095,Amber,0.7321904551910535,0,0.0,0.0,0,0
2024-12-08 02:00:00,99.6605,43.4085,99.4545,53.433499999999995,Amber,0.08945942835603093,0,0.0,0.0,0,0
2024-12-08 03:00:00,99.89725,43.767,99.396,58.122,Amber,1.306162080768862,0,0.0871,0.0,0,0
2024-12-08 04:00:00,99.795,65.16575,99.6945,56.584999999999994,Green,0.5536206517669814,0,0.072,0.0,0,0
2024-12-08 05:00:00,99.664,76.4425,99.45675,61.21325,Amber,-0.9526863733007619,0,0.0,0.0,0,0
2024-12-08 06:00:00,99.687,81.13374999999999,99.57575,57.972,Amber,-0.5877441986819925,0,0.0,0.0,0,0
2024-12-08 07:00:00,99.864,82.64825,99.1615,58.58975,Amber,0.9765036861903627,0,0.0539,0.0,0,0
2024-12-08 08:00:00,99.64275,101.1115,99.52175,56.67825,Amber,-1.0626406768510368,0,0.0,0.0,0,0
2024-12-08 09:00:00,99.574,106.22825,99.45175,51.68675,Green,-1.228115135199259,0,0.0,0.0,0,0
2024-12-08 10:00:00,99.8355,118.30175,99.2385,48.29375,Amber,1.0890962723465896,0,0.0254,0.0,0,0
2024-12-08 11:00:00,99.48425,113.04975,99.48175,47.8835,Amber,-1.3341451742039183,0,0.0,0.0,0,0
2024-12-08 12:00:00,99.4385,118.9635,99.61449999999999,47.10025,Amber,-1.1339530080795102,0,0.0,0.0,0,0
2024-12-08 13:00:00,99.77325,115.13825,99.49074999999999,36.8485,Amber,0.9440147350544675,0,0.0,0.0,0,0
2024-12-08 14:00:00,99.65125,113.26050000000001,99.50225,37.089,Amber,0.15943875995064527,0,0.0,0.0,0,0
2024-12-08 15:00:00,99.3805,110.2165,99.54975,32.532,Red,-1.1387886590333023,0,0.0,0.0174,0,1
2024-12-08 16:00:00,99.501,101.53175,99.4065,32.9865,Amber,-0.2536241619570625,0,0.0,0.0,0,0
2024-12-08 17:00:00,99.1075,87.78775,99.605,31.34,Amber,-1.5947260853221366,0,0.0,0.2904,0,0
2024-12-08 18:00:00,99.43625,82.20525,99.2175,34.62575,Amber,-0.16776477742666082,0,0.0,0.2521,0,0
2024-12-08 19:00:00,99.64574999999999,70.32925,99.35775,31.903750000000002,Amber,0.9515325665867338,0,0.0,0.0043,0,0
2024-12-08 20:00:00,99.0215,63.1115,99.55799999999999,32.30875,Amber,-1.3698644752377698,0,0.0,0.3807,0,0
2024-12-08 21:00:00,99.487,47.53875,99.24625,30.768,Amber,0.4906633661044347,0,0.0,0.2916,0,0
2024-12-08 22:00:00,99.32975,45.344500000000004,99.53775,39.046,Amber,-0.034690584563915806,0,0.0,0.3598,0,0
2024-12-08 23:00:00,99.663,46.033,99.40975,44.305,Amber,0.9804865685870447,0,0.0,0.0948,0,0
2024-12-09 00:00:00,99.60975,35.44,99.54175,45.9395,Green,0.6054326057794631,0,0.0,0.0,0,0
2024-12-09 01:00:00,99.6255,46.19125,99.47475,54.107,Amber,0.69059563503519,0,0.0,0.0,0,0
2024-12-09 02:00:00,99.987,36.10825,99.60075,57.17275,Amber,1.6939240095776373,0,0.1769,0.0,0,0
2024-12-09 03:00:00,99.88075,51.51,99.53425,55.659,Amber,0.8599874963220149,0,0.2475,0.0,0,0
2024-12-09 04:00:00,99.8665,65.9375,99.53425,58.46275,Amber,0.5932406454458953,0,0.3039,0.0,0,0
2024-12-09 05:00:00,100.0,72.23325,99.414,60.69025,Amber,0.9990573583066569,0,0.4938,0.0,0,0
2024-12-09 06:00:00,99.97200000000001,79.1905,99.557,59.09575,Amber,0.5930605164312678,0,0.6557,0.0,0,0
2024-12-09 07:00:00,99.82775,87.83825,99.44825,63.5525,Amber,-1.2998590709469697,0,0.6733,0.0,0,0
2024-12-09 08:00:00,99.60125,104.11375,99.3125,56.78425,Amber,-1.810499317427187,0,0.4645,0.0,0,0
2024-12-09 09:00:00,99.7445,108.6245,99.48675,52.2675,Amber,-0.6127674475194868,0,0.3989,0.0,0,0
2024-12-09 10:00:00,99.40525,113.55425,99.51650000000001,51.8055,Amber,-1.553681369255075,0,0.0,0.0,0,0
2024-12-09 11:00:00,100.0,113.9105,99.60825,44.67075,Green,1.0624856550160808,0,0.1899,0.0,0,0
2024-12-09 12:00:00,99.7595,115.7925,99.43775,45.827,Amber,0.17993019640149005,0,0.1393,0.0,0,0
2024-12-09 13:00:00,99.81475,121.19475,99.359,38.56275,Amber,0.46623543479340096,0,0.1439,0.0,0,0
2024-12-09 14:00:00,99.46424999999999,119.03025,99.63275,32.0725,Amber,-1.043212477698811,0,0.0,0.0,0,0
2024-12-09 15:00:00,99.00025,104.05025,99.50874999999999,31.9345,Red,-1.5992413509726322,0,0.0,0.3977,0,1
2024-12-09 16:00:00,98.9735,89.04175,99.53675,33.797250000000005,Amber,-1.2160102122802652,0,0.0,0.8221,0,0
2024-12-09 17:00:00,99.37025,91.33875,99.616,29.4555,Green,-0.07454150941241314,0,0.0,0.8498,0,0
2024-12-09 18:00:00,99.337,85.91175,99.334,27.884,Amber,0.03299396822057723,0,0.0,0.9107,0,0
2024-12-09 19:00:00,99.34049999999999,65.20075,99.47975,29.151,Amber,0.4479706813976079,0,0.0,0.9681,0,0
2024-12-09 20:00:00,99.51425,61.1425,99.5035,35.396,Amber,1.1822356000006309,0,0.0,0.8518,0,0
2024-12-09 21:00:00,99.44675,49.16775,99.32900000000001,39.248,Amber,0.6194904978899446,0,0.0,0.803,0,0
2024-12-09 22:00:00,99.6335,43.0005,99.61075,43.74975,Green,1.6514935286735395,0,0.0,0.5674,0,0
2024-12-09 23:00:00,99.64750000000001,42.70825,99.22825,42.73375,Amber,1.1764476686020215,0,0.0,0.3179,0,0
2024-12-10 00:00:00,99.754,37.1525,99.54075,43.7585,Amber,1.3124554254476277,0,0.0,0.0,0,0
2024-12-10 01:00:00,99.71549999999999,41.01175,99.4255,48.2355,Amber,0.8238083750104287,0,0.0,0.0,0,0
2024-12-10 02:00:00,99.641,50.16025,99.3705,49.314750000000004,Amber,0.012189786712435797,0,0.0,0.0,0,0
2024-12-10 03:00:00,99.77725,51.7815,99.49075,57.368,Green,1.3163272548832714,0,0.0,0.0,0,0
2024-12-10 04:00:00,99.8335,62.96925,99.577,57.319,Amber,1.3972656183940075,0,0.0234,0.0,0,0
2024-12-10 05:00:00,99.5795,68.7075,99.482,62.30575,Amber,-1.4760742462083791,0,0.0,0.0,0,0
2024-12-10 06:00:00,99.7935,77.70425,99.45325,60.641000000000005,Amber,0.7195034582939984,0,0.0,0.0,0,0
2024-12-10 07:00:00,99.83875,96.779,99.3055,55.73025,Amber,0.8788942213229931,0,0.0286,0.0,0,0
2024-12-10 08:00:00,99.935,96.0185,99.49125,56.20475,Green,1.20316452230843,0,0.1535,0.0,0,0
2024-12-10 09:00:00,99.9855,111.22975,99.5365,53.2395,Green,1.1200316991270203,0,0.3289,0.0,0,0
2024-12-10 10:00:00,99.685,120.589,99.4615,45.8515,Amber,-0.7739715828094154,0,0.2038,0.0,0,0
2024-12-10 11:00:00,99.73625,118.6185,99.57675,47.71875,Green,-0.8047157471841357,0,0.13,0.0,0,0
2024-12-10 12:00:00,99.50175,119.8455,99.53875,39.94825,Amber,-1.5670503518894845,0,0.0,0.0,0,0
2024-12-10 13:00:00,99.47625,126.8,99.66175,45.004,Amber,-1.1482106897119198,0,0.0,0.0,0,0
2024-12-10 14:00:00,99.542,114.6685,99.856,40.15375,Amber,-0.5847438791570232,0,0.0,0.0,0,0
2024-12-10 15:00:00,99.28,106.77375,99.278,29.4185,Amber,-1.5773064071185252,0,0.0,0.1179,0,0
2024-12-10 16:00:00,99.3925,99.77025,99.5805,32.13075,Amber,-0.6244391154534058,0,0.0,0.1234,0,0
2024-12-10 17:00:00,99.4555,94.14975000000001,99.55725,32.33625,Amber,0.151678820492625,0,0.0,0.0658,0,0
2024-12-10 18:00:00,99.62625,78.18175,99.2815,31.61525,Amber,1.3720863073472178,0,0.0,0.0,0,0
2024-12-10 19:00:00,99.08475,65.8715,99.28275,37.14425,Amber,-1.6085403107915415,0,0.0,0.3132,0,0
2024-12-10 20:00:00,99.374,56.312250000000006,99.64699999999999,33.02675000000001,Amber,0.02861938514658212,0,0.0,0.3371,0,0
2024-12-10 21:00:00,99.19675000000001,47.94375,99.4305,32.4765,Amber,-0.825790835171767,0,0.0,0.5383,0,0
2024-12-10 22:00:00,99.804,41.076,99.42750000000001,37.50425,Amber,1.4267716231725627,0,0.0,0.1322,0,0
2024-12-10 23:00:00,99.73225,37.309,99.455,50.713,Green,0.8881570560485516,0,0.0,0.0,0,0
2024-12-11 00:00:00,99.47175,38.8985,99.46074999999999,46.1095,Amber,0.09737040089231067,0,0.0,0.0,0,0
2024-12-11 01:00:00,99.91125,39.697,99.606,45.8155,Green,1.189125643890394,0,0.1011,0.0,0,0
2024-12-11 02:00:00,99.9565,51.179,99.616,54.97625,Amber,0.9527596593874343,0,0.2475,0.0,0,0
2024-12-11 03:00:00,99.8955,51.2695,99.4755,59.53325,Green,0.5638182607901944,0,0.3329,0.0,0,0
2024-12-11 04:00:00,99.712,57.54425,99.334,57.78425,Amber,-0.3751877360657213,0,0.2348,0.0,0,0
2024-12-11 05:00:00,99.8295,64.195,99.43825,60.82325,Amber,0.18549972109779722,0,0.2542,0.0,0,0
2024-12-11 06:00:00,99.8,84.72449999999999,99.64725,59.675,Amber,-0.5741861698646453,0,0.2441,0.0,0,0
2024-12-11 07:00:00,99.793,88.39325,99.24074999999999,58.6165,Amber,-0.44586171197934327,0,0.227,0.0,0,0
2024-12-11 08:00:00,99.91525,102.28450000000001,99.54275,53.3545,Amber,1.2264953374812628,0,0.3321,0.0,0,0
2024-12-11 09:00:00,99.63374999999999,109.1905,99.60175000000001,54.869,Amber,-1.5092953916897143,0,0.1558,0.0,0,0
2024-12-11 10:00:00,99.64775,115.37825,99.8065,55.83975,Amber,-1.1188051019884073,0,0.0,0.0,0,0
2024-12-11 11:00:00,99.804,118.3425,99.53375,49.247,Green,0.35917274622841755,0,0.0,0.0,0,0
2024-12-11 12:00:00,99.33875,118.28999999999999,99.492,43.2275,Amber,-1.7384820511924721,0,0.0,0.0592,0,0
2024-12-11 13:00:00,99.7255,113.342,99.588,38.46925,Amber,0.24470565160511115,0,0.0,0.0,0,0
2024-12-11 14:00:00,99.53325,116.72025,99.43875,33.28475,Green,-0.49531049269356836,0,0.0,0.0,0,0
2024-12-11 15:00:00,99.4665,104.2845,99.4225,32.81625,Red,-0.6920205103915242,0,0.0,0.0,0,1
2024-12-11 16:00:00,99.43775,105.33525,99.52925,28.174,Amber,-0.6332691556349712,0,0.0,0.0,0,0
2024-12-11 17:00:00,99.0395,93.86099999999999,99.47925000000001,29.36825,Amber,-1.6843294466115024,0,0.0,0.3584,0,0
2024-12-11 18:00:00,99.505,87.16225,99.46625,30.606,Green,0.23811219425964883,0,0.0,0.2514,0,0
2024-12-11 19:00:00,99.53450000000001,70.3575,99.53649999999999,33.75175,Green,0.6058421509373351,0,0.0,0.1148,0,0
2024-12-11 20:00:00,99.5595,61.56275,99.60275,29.78875,Amber,0.7017933467559554,0,0.0,0.0,0,0
2024-12-11 21:00:00,99.21725,56.45175,99.34575000000001,38.20225,Amber,-0.7912089964672694,0,0.0,0.1807,0,0
2024-12-11 22:00:00,99.38075,44.27975,99.37025,36.821,Amber,0.03868496189890134,0,0.0,0.1979,0,0
2024-12-11 23:00:00,99.45075,40.1305,99.43075,42.3435,Green,0.07446389858220406,0,0.0,0.145,0,0
2024-12-12 00:00:00,99.8605,36.03875,99.487,42.688500000000005,Amber,1.6736539292555217,0,0.0504,0.0,0,0
2024-12-12 01:00:00,99.7175,37.144,99.68350000000001,50.9615,Green,0.7999940681706234,0,0.0,0.0,0,0
2024-12-12 02:00:00,99.53825,54.2085,99.643,52.83375,Green,0.046193465486804676,0,0.0,0.0,0,0
2024-12-12 03:00:00,99.56675,52.724000000000004,99.644,57.7755,Amber,-0.10766543931566813,0,0.0,0.0,0,0
2024-12-12 04:00:00,99.797,58.7195,99.446,58.14725,Amber,0.8817824951739854,0,0.0,0.0,0,0
2024-12-12 05:00:00,99.785,68.52625,99.39525,62.642250000000004,Amber,0.5657953028859539,0,0.0,0.0,0,0
2024-12-12 06:00:00,99.8485,81.884,99.25925,60.9735,Amber,1.087679524149504,0,0.0384,0.0,0,0
2024-12-12 07:00:00,100.0,82.924,99.72,56.8475,Amber,1.391494984203071,0,0.2283,0.0,0,0
2024-12-12 08:00:00,99.8865,100.83924999999999,99.59475,52.71675,Amber,0.5046749176694644,0,0.3047,0.0,0,0
2024-12-12 09:00:00,99.95375,109.91799999999999,99.678,51.994,Green,0.8779414376875448,0,0.4483,0.0,0,0
2024-12-12 10:00:00,99.71375,111.2875,99.2175,49.41375,Amber,-1.4238230788106947,0,0.352,0.0,0,0
2024-12-12 11:00:00,99.89725,122.929,99.1555,49.266999999999996,Amber,0.14136851540907017,0,0.4391,0.0,0,0
2024-12-12 12:00:00,99.7375,124.77875,99.57849999999999,43.507,Amber,-1.1018017593567508,0,0.3665,0.0,0,0
2024-12-12 13:00:00,99.77199999999999,113.72625,99.28975,39.18775,Amber,-0.5568912391549706,0,0.3284,0.0,0,0
2024-12-12 14:00:00,99.83575,113.50625,99.32025,36.786,Amber,0.1846425584344172,0,0.354,0.0,0,0
2024-12-12 15:00:00,99.94200000000001,113.712,99.62175,30.60475,Green,1.3802428002495117,0,0.4859,0.0,0,0
2024-12-12 16:00:00,99.6265,95.897,99.3755,33.32,Amber,-1.5298874080663496,0,0.3023,0.0,0,0
2024-12-12 17:00:00,99.8195,92.9465,99.43625,31.12525,Amber,0.28970974203128985,0,0.3117,0.0,0,0
2024-12-12 18:00:00,99.07525,81.02275,99.346,27.6605,Red,-1.9281969437195847,0,0.0,0.3227,0,1
2024-12-12 19:00:00,99.3905,66.6175,99.30425,30.9965,Amber,-0.6832943685738071,0,0.0,0.3301,0,0
2024-12-12 20:00:00,99.8375,58.453,99.707,31.6645,Amber,0.6763382121632773,0,0.0274,0.0,0,0
2024-12-12 21:00:00,99.13425,56.38825,99.3505,36.32525,Amber,-1.0386756151179053,0,0.0,0.2637,0,0
2024-12-12 22:00:00,99.5655,43.93675,99.60325,36.80675,Amber,0.2890079956786471,0,0.0,0.0961,0,0
2024-12-12 23:00:00,99.31575000000001,40.722,99.50775,41.166250000000005,Amber,-0.2496890812078743,0,0.0,0.1783,0,0
2024-12-13 00:00:00,100.0,34.05975,99.42525,48.1215,Amber,1.400522759908616,0,0.1899,0.0,0,0
2024-12-13 01:00:00,99.6845,47.48125,99.3185,47.655499999999996,Amber,0.293814067631124,0,0.0643,0.0,0,0
2024-12-13 02:00:00,99.98400000000001,42.940250000000006,99.4965,53.6695,Amber,1.0572881600972448,0,0.2382,0.0,0,0
2024-12-13 03:00:00,99.8865,51.185,99.34,60.24925,Amber,0.5466993063972353,0,0.3146,0.0,0,0
2024-12-13 04:00:00,99.65875,54.415749999999996,99.5975,60.753,Amber,-0.37045692717001005,0,0.1632,0.0,0,0
2024-12-13 05:00:00,99.4525,69.358,99.2975,59.3635,Amber,-1.5084263107092057,0,0.0,0.0,0,0
2024-12-13 06:00:00,99.80725,78.6585,99.61925,55.5755,Amber,0.327134359286743,0,0.0,0.0,0,0
2024-12-13 07:00:00,99.8565,93.008,99.2205,61.844500000000004,Amber,0.4319236782337454,0,0.0464,0.0,0,0
2024-12-13 08:00:00,99.48925,101.12025,99.47125,58.0045,Amber,-1.0742348167685403,0,0.0,0.0,0,0
2024-12-13 09:00:00,99.67699999999999,109.09575,99.51675,52.58425,Amber,0.12351572683998209,0,0.0,0.0,0,0
2024-12-13 10:00:00,99.629,115.42325,99.43175,52.043,Amber,-0.14031889859347976,0,0.0,0.0,0,0
2024-12-13 11:00:00,99.869,115.10050000000001,99.34975,43.69975,Amber,0.9874741720425547,0,0.0589,0.0,0,0
2024-12-13 12:00:00,99.542,121.17425,99.26625,43.131750000000004,Amber,-0.8550734436696075,0,0.0,0.0,0,0
2024-12-13 13:00:00,99.58775,116.07325,99.32875,41.26175,Green,-0.3348479415416429,0,0.0,0.0,0,0
2024-12-13 14:00:00,99.50399999999999,115.47825,99.265,35.07275,Amber,-1.0055049650109968,0,0.0,0.0,0,0
2024-12-13 15:00:00,99.20025000000001,110.14175,99.44874999999999,34.7745,Amber,-1.6422104683984327,0,0.0,0.1977,0,0
2024-12-13 16:00:00,99.539,99.36775,99.661,31.2335,Amber,-0.006254180036643857,0,0.0,0.0566,0,0
2024-12-13 17:00:00,99.46075,89.4425,99.6365,31.7715,Amber,-0.08253097678279642,0,0.0,0.0,0,0
2024-12-13 18:00:00,99.285,81.90575,99.626,29.68775,Amber,-0.9443700431375646,0,0.0,0.1129,0,0
2024-12-13 19:00:00,99.4025,72.28975,99.80275,31.81375,Amber,0.029701247889320753,0,0.0,0.1084,0,0
2024-12-13 20:00:00,99.7265,59.47975,99.434,31.4285,Amber,1.5540702166701457,0,0.0,0.0,0,0
2024-12-13 21:00:00,99.07375,54.29,99.418,38.909,Amber,-1.5303618354556403,0,0.0,0.3242,0,0
2024-12-13 22:00:00,99.407,43.354,99.63725,36.17975,Amber,0.06726455596048522,0,0.0,0.3151,0,0
2024-12-13 23:00:00,99.62325,47.463499999999996,99.492,44.8885,Amber,0.8699165735583251,0,0.0,0.0898,0,0
2024-12-14 00:00:00,99.7745,35.3765,99.72075,47.65425,Green,1.0452896447055497,0,0.0,0.0,0,0
2024-12-14 01:00:00,99.9325,34.85425,99.2675,51.1015,Amber,1.1171804545248498,0,0.1224,0.0,0,0
2024-12-14 02:00:00,99.87049999999999,47.0635,99.26775,54.27825,Amber,0.7907573917166046,0,0.1828,0.0,0,0
2024-12-14 03:00:00,99.6575,49.92175,99.25675,54.9705,Amber,-0.28013607369284005,0,0.0302,0.0,0,0
2024-12-14 04:00:00,99.794,59.482,99.2975,55.8625,Amber,0.15616426160524138,0,0.0141,0.0,0,0
2024-12-14 05:00:00,99.61425,75.7635,99.53775,61.763,Amber,-1.3127572552008808,0,0.0,0.0,0,0
2024-12-14 06:00:00,99.96025,69.92125,99.504,60.7555,Amber,1.083303554661272,0,0.1501,0.0,0,0
2024-12-14 07:00:00,99.53275,89.6325,99.42575,61.10475,Amber,-1.2549946412028614,0,0.0,0.0,0,0
2024-12-14 08:00:00,99.5955,99.479,99.19525,57.2065,Amber,-0.6144898131723503,0,0.0,0.0,0,0
2024-12-14 09:00:00,99.77375,114.88525,99.467,57.7385,Green,0.3883768997623407,0,0.0,0.0,0,0
2024-12-14 10:00:00,99.81700000000001,114.80625,99.71575,48.36775,Amber,0.625012773115814,0,0.0069,0.0,0,0
2024-12-14 11:00:00,99.0795,119.6145,99.61175,44.7825,Amber,-1.7683960679404631,0,0.0,0.3184,0,0
2024-12-14 12:00:00,99.59225,116.5695,99.797,44.60175,Amber,0.10318782250956299,0,0.0,0.1241,0,0
2024-12-14 13:00:00,99.68325,123.1675,99.56375,39.79275,Amber,0.3493593143495229,0,0.0,0.0,0,0
2024-12-14 14:00:00,99.43625,113.542,99.4705,37.581,Red,-0.4658301847890022,0,0.0,0.0,0,1
2024-12-14 15:00:00,99.71825,103.97925,99.339,35.524,Amber,0.6163068889049103,0,0.0,0.0,0,0
2024-12-14 16:00:00,99.20825,104.481,99.44275,32.18575,Amber,-0.9350526762185819,0,0.0,0.1897,0,0
2024-12-14 17:00:00,99.63499999999999,91.53625,99.70775,34.057500000000005,Green,0.4654661951998662,0,0.0,0.0,0,0
2024-12-14 18:00:00,99.43775,86.35625,99.33725,35.435500000000005,Amber,-0.42070373619887796,0,0.0,0.0,0,0
2024-12-14 19:00:00,99.44175,67.512,99.71075,31.7135,Green,-0.21139593973749674,0,0.0,0.0,0,0
2024-12-14 20:00:00,99.84375,59.95875,99.55375000000001,35.69625,Amber,1.2921520679370992,0,0.0336,0.0,0,0
2024-12-14 21:00:00,99.5955,51.36575,99.598,37.9615,Amber,0.31696559019805587,0,0.0,0.0,0,0
2024-12-14 22:00:00,99.5975,42.83225,99.469,40.4975,Green,0.037644563552304715,0,0.0,0.0,0,0
2024-12-14 23:00:00,99.5015,40.66275,99.6105,39.016,Green,-0.4492515690754899,0,0.0,0.0,0,0
2024-12-15 00:00:00,99.5435,39.542500000000004,99.59425,46.571,Amber,-0.31507817176632485,0,0.0,0.0,0,0
2024-12-15 01:00:00,99.917,38.423249999999996,99.45325,48.4355,Amber,1.4645609499888437,0,0.1069,0.0,0,0
2024-12-15 02:00:00,99.9475,48.9205,99.49775,53.353,Amber,1.345656628792232,0,0.2443,0.0,0,0
2024-12-15 03:00:00,99.81,56.2625,99.70225,56.718,Amber,0.46115343303878586,0,0.2442,0.0,0,0
2024-12-15 04:00:00,99.69825,60.88925,99.67099999999999,54.1205,Green,-0.20250960125626977,0,0.1323,0.0,0,0
2024-12-15 05:00:00,100.0,67.99125000000001,99.47625,58.28675,Amber,1.044797190254533,0,0.3222,0.0,0,0
2024-12-15 06:00:00,99.557,78.50575,99.46000000000001,62.4995,Amber,-1.5694787794241039,0,0.0691,0.0,0,0
2024-12-15 07:00:00,99.92675,90.65675,99.56175,57.57225,Green,0.6097091644620378,0,0.1857,0.0,0,0
2024-12-15 08:00:00,99.74525,102.766,99.57275,56.79375,Amber,-0.2769214326726727,0,0.1209,0.0,0,0
2024-12-15 09:00:00,99.48075,108.342,99.4585,53.5095,Amber,-1.2546934569251889,0,0.0,0.0,0,0
2024-12-15 10:00:00,99.961,114.86850000000001,99.37375,53.440749999999994,Amber,0.8277372658227216,0,0.1509,0.0,0,0
2024-12-15 11:00:00,100.0,120.54350000000001,99.577,46.6535,Amber,1.0045832098560705,0,0.3408,0.0,0,0
2024-12-15 12:00:00,99.53999999999999,116.98525,99.61975000000001,40.9535,Amber,-1.0517718395548938,0,0.0707,0.0,0,0
2024-12-15 13:00:00,99.65925,118.9165,99.416,42.34725,Amber,-0.33493562022724915,0,0.0,0.0,0,0
2024-12-15 14:00:00,99.362,111.145,99.638,35.113749999999996,Amber,-1.1681531263734288,0,0.0,0.0359,0,0
2024-12-15 15:00:00,99.35325,100.02825,99.59625,31.93525,Red,-1.0317565851991073,0,0.0,0.0806,0,1
2024-12-15 16:00:00,98.9395,98.2635,99.3745,25.89375,Amber,-1.5127038443076561,0,0.0,0.539,0,0
2024-12-15 17:00:00,99.1985,88.70925,99.35025,30.88275,Amber,-0.5649415257311414,0,0.0,0.7385,0,0
2024-12-15 18:00:00,99.20875,79.936,99.63575,24.44525,Amber,-0.32821249034301325,0,0.0,0.9276,0,0
2024-12-15 19:00:00,99.04625,71.60225,99.56575000000001,37.89375,Amber,-0.8277285955986539,0,0.0,1.2793,0,0
2024-12-15 20:00:00,99.291,56.00125,99.6585,29.40275,Amber,0.7659155994345703,0,0.0,1.3863,0,0
2024-12-15 21:00:00,99.56,55.65175,99.25399999999999,32.65975,Amber,1.6474122719097386,0,0.0,1.2242,0,0
2024-12-15 22:00:00,99.7115,42.29425,99.69825,34.696749999999994,Amber,1.5025887695421842,0,0.0,0.9106,0,0
2024-12-15 23:00:00,99.7065,45.27125,99.3605,46.06325,Amber,1.02659994762346,0,0.0,0.602,0,0
2024-12-16 00:00:00,99.57975,43.019999999999996,99.36825,44.902,Amber,0.3701883974967945,0,0.0,0.4202,0,0
2024-12-16 01:00:00,99.70400000000001,39.7245,99.524,51.88675,Amber,0.689301977960962,0,0.0,0.1141,0,0
2024-12-16 02:00:00,99.76875,44.931,99.62375,53.30525,Amber,1.1730460801500466,0,0.0,0.0,0,0
2024-12-16 03:00:00,99.4615,53.581,99.45025,56.05075,Amber,-1.7094093618650863,0,0.0,0.0,0,0
2024-12-16 04:00:00,99.901,61.317750000000004,99.4905,61.9225,Amber,1.4085582218019104,0,0.0909,0.0,0,0
2024-12-16 05:00:00,99.42150000000001,74.038,99.7365,57.5065,Amber,-1.1748387841526937,0,0.0,0.0,0,0
2024-12-16 06:00:00,99.65775,82.56875000000001,99.4065,59.4085,Amber,0.029114085284219094,0,0.0,0.0,0,0
2024-12-16 07:00:00,99.743,93.32675,99.6425,57.23875,Amber,0.4519314924361291,0,0.0,0.0,0,0
2024-12-16 08:00:00,99.975,97.3315,99.43025,59.3385,Amber,1.250285826727167,0,0.1649,0.0,0,0
2024-12-16 09:00:00,99.7655,111.5995,99.50049999999999,54.38025,Green,0.11053010585619616,0,0.1203,0.0,0,0
2024-12-16 10:00:00,99.6795,110.60525,99.65425,50.57275,Amber,-0.15337213907922603,0,0.0,0.0,0,0
2024-12-16 11:00:00,99.919,117.34275,99.23075,51.2545,Amber,0.9992992715427305,0,0.1089,0.0,0,0
2024-12-16 12:00:00,99.5095,111.3175,99.64099999999999,41.99725,Green,-1.5235613825356502,0,0.0,0.0,0,0
2024-12-16 13:00:00,99.478,118.30725000000001,99.4535,40.95125,Red,-1.1827402986137923,0,0.0,0.0,0,1
2024-12-16 14:00:00,99.63125,112.12425,99.79225,38.40325,Amber,-0.19796452219972563,0,0.0,0.0,0,0
2024-12-16 15:00:00,99.752,110.02225,99.43425,35.369,Green,0.5556563440389752,0,0.0,0.0,0,0
2024-12-16 16:00:00,98.93175,98.61574999999999,99.32225,31.195,Amber,-1.7898435902996164,0,0.0,0.4662,0,0
2024-12-16 17:00:00,99.07825,90.1795,99.64625,26.0035,Amber,-0.989494429274708,0,0.0,0.7859,0,0
2024-12-16 18:00:00,99.08025,79.03275,99.53425,27.4775,Red,-0.7224904587888171,0,0.0,1.1035,0,1
2024-12-16 19:00:00,99.40299999999999,66.81625,99.41875,27.750999999999998,Amber,0.2704629564873796,0,0.0,1.0985,0,0
2024-12-16 20:00:00,99.27074999999999,64.17375,99.40950000000001,34.765,Amber,0.06128027668956134,0,0.0,1.2256,0,0
2024-12-16 21:00:00,99.48,54.327,99.64375,32.31075,Amber,1.2841846394428424,0,0.0,1.1436,0,0
2024-12-16 22:00:00,99.87025,47.7345,99.7845,35.778999999999996,Green,1.703296457744643,0,0.0601,0.6713,0,0
2024-12-16 23:00:00,99.72075,46.556,99.48675,41.14125,Amber,0.8630487764000536,0,0.0,0.3484,0,0
2024-12-17 00:00:00,99.50525,46.98075,99.34025,42.945,Amber,-0.16698881792147252,0,0.0,0.2411,0,0
2024-12-17 01:00:00,99.70150000000001,50.34625,99.45625,52.638999999999996,Red,0.5140950189772532,0,0.0,0.0,0,1
2024-12-17 02:00:00,99.969,47.154250000000005,99.6165,51.470749999999995,Amber,1.3480036961989292,0,0.1589,0.0,0,0
2024-12-17 03:00:00,99.97200000000001,48.39075,99.37325,52.38525,Amber,1.002067208510275,0,0.3208,0.0,0,0
2024-12-17 04:00:00,99.63425000000001,60.741249999999994,99.51975,58.955,Amber,-0.6233861138073438,0,0.1449,0.0,0,0
2024-12-17 05:00:00,99.827,69.28875,99.45949999999999,55.63575,Amber,0.3128311158233354,0,0.1618,0.0,0,0
2024-12-17 06:00:00,99.46525,76.72475,99.76125,57.946,Amber,-1.4841715173922345,0,0.0,0.0,0,0
2024-12-17 07:00:00,99.68025,86.56125,99.6075,61.19475,Amber,-0.38647979240724006,0,0.0,0.0,0,0
2024-12-17 08:00:00,99.91975,103.48525,99.22475,59.2815,Amber,0.8876990635189586,0,0.1096,0.0,0,0
2024-12-17 09:00:00,99.9745,106.00825,99.47125,54.18575,Green,1.167864802691475,0,0.274,0.0,0,0
2024-12-17 10:00:00,99.548,116.24325,99.39325,52.92975,Green,-0.9148393189639556,0,0.0119,0.0,0,0
2024-12-17 11:00:00,99.5215,120.9125,99.70175,48.2265,Amber,-0.7572563273667468,0,0.0,0.0,0,0
2024-12-17 12:00:00,99.54,122.03525,99.47575,45.47025,Amber,-0.7778606113710931,0,0.0,0.0,0,0
2024-12-17 13:00:00,99.69425,114.27275,99.65325,40.2525,Amber,-0.02680080246963118,0,0.0,0.0,0,0
2024-12-17 14:00:00,99.48725,114.14699999999999,99.4875,38.325,Amber,-0.7616310821965052,0,0.0,0.0,0,0
2024-12-17 15:00:00,99.43675,118.35425000000001,99.2,35.62425,Amber,-1.166827567576633,0,0.0,0.0,0,0
2024-12-17 16:00:00,99.16,98.8745,99.34174999999999,31.030749999999998,Amber,-1.7777809946040626,0,0.0,0.2379,0,0
2024-12-17 17:00:00,99.64,98.0055,99.60225,33.72775,Amber,0.7779915179300707,0,0.0,0.0,0,0
2024-12-17 18:00:00,99.27074999999999,81.6135,99.64825,28.02125,Amber,-0.8585158871703771,0,0.0,0.1272,0,0
2024-12-17 19:00:00,99.03875,68.1635,99.44175,28.54975,Red,-1.3451242916929462,0,0.0,0.4864,0,1
2024-12-17 20:00:00,99.12925,61.12075,99.37875,28.204,Amber,-0.6713847314460187,0,0.0,0.755,0,0
2024-12-17 21:00:00,99.45125,50.8875,99.31175,34.9725,Amber,0.7519270131606979,0,0.0,0.7017,0,0
2024-12-17 22:00:00,99.47975,49.611000000000004,99.413,36.963750000000005,Amber,0.6328674332736063,0,0.0,0.6199,0,0
2024-12-17 23:00:00,99.606,43.7295,99.52025,43.2595,Amber,1.2579280583308836,0,0.0,0.4118,0,0
2024-12-18 00:00:00,99.5655,35.08,99.3985,47.211,Amber,0.7908185706422596,0,0.0,0.2443,0,0
2024-12-18 01:00:00,99.19425,44.88,99.37825000000001,49.192,Amber,-1.0656063115718042,0,0.0,0.4479,0,0
2024-12-18 02:00:00,99.8005,41.70925,99.74525,51.3335,Green,1.419614220313713,0,0.0,0.0454,0,0
2024-12-18 03:00:00,99.65350000000001,50.04375,99.51849999999999,55.575,Amber,0.5074544270193856,0,0.0,0.0,0,0
2024-12-18 04:00:00,99.93375,63.80275,99.67025,56.16575,Green,1.2250773313756043,0,0.1236,0.0,0,0
2024-12-18 05:00:00,99.8595,61.6435,99.5005,56.96325,Amber,0.7142925630448175,0,0.173,0.0,0,0
2024-12-18 06:00:00,99.69275,80.78,99.28625,60.516,Amber,0.014067381433790304,0,0.0557,0.0,0,0
2024-12-18 07:00:00,99.83125,89.96549999999999,99.5685,59.8095,Amber,0.3429176303779051,0,0.0768,0.0,0,0
2024-12-18 08:00:00,99.2185,100.74525,99.45075,56.289500000000004,Amber,-1.8634721413074178,0,0.0,0.1794,0,0
2024-12-18 09:00:00,99.788,107.09625,99.75275,57.429249999999996,Green,0.26052871710562914,0,0.0,0.0,0,0
2024-12-18 10:00:00,99.53525,115.723,99.35475,50.64325,Amber,-0.4882013170301815,0,0.0,0.0,0,0
2024-12-18 11:00:00,100.0,124.081,99.755,48.789500000000004,Green,1.183469283578837,0,0.1899,0.0,0,0
2024-12-18 12:00:00,99.855,120.00175,99.3285,45.67875,Amber,0.5329429872718906,0,0.2348,0.0,0,0
2024-12-18 13:00:00,99.57375,120.37625,99.53025,39.329,Amber,-0.31593639036750437,0,0.0,0.0,0,0
2024-12-18 14:00:00,99.32225,120.79375,99.5495,39.0895,Amber,-1.4448199402340778,0,0.0,0.0757,0,0
2024-12-18 15:00:00,99.67425,106.20875,99.48525,32.6425,Amber,0.05873233729973869,0,0.0,0.0,0,0
2024-12-18 16:00:00,99.24725000000001,99.1805,99.56425,35.3085,Green,-1.2412905905361773,0,0.0,0.1507,0,0
2024-12-18 17:00:00,99.36500000000001,91.88024999999999,99.47575,29.2465,Amber,-0.6019688001859718,0,0.0,0.1836,0,0
2024-12-18 18:00:00,99.54275,86.3995,99.4685,28.23625,Amber,0.531513777349851,0,0.0,0.0388,0,0
2024-12-18 19:00:00,98.935,68.25025,99.55375000000001,31.012,Red,-1.6163597979452156,0,0.0,0.5017,0,1
2024-12-18 20:00:00,99.63325,62.5435,99.42925,29.255499999999998,Amber,0.8358278907526024,0,0.0,0.2664,0,0
2024-12-18 21:00:00,99.48575,44.33275,99.47425,35.95925,Amber,0.46710199398824853,0,0.0,0.1786,0,0
2024-12-18 22:00:00,99.398,40.891,99.47375,39.38625,Amber,0.01924350554993086,0,0.0,0.1785,0,0
2024-12-18 23:00:00,99.72925000000001,41.924,99.55,41.27925,Amber,0.9864707149486325,0,0.0,0.0,0,0
2024-12-19 00:00:00,99.68375,34.79575,99.424,49.163,Green,0.7025964356442067,0,0.0,0.0,0,0
2024-12-19 01:00:00,99.655,39.915499999999994,99.49275,54.81125,Amber,0.44990642968027,0,0.0,0.0,0,0
2024-12-19 02:00:00,99.73,45.71725,99.72749999999999,52.31425,Green,0.8381727405178416,0,0.0,0.0,0,0
2024-12-19 03:00:00,99.61075,52.18275,99.47575,54.218,Amber,-0.1905037479032007,0,0.0,0.0,0,0
2024-12-19 04:00:00,99.38225,57.19025,99.30499999999999,62.310249999999996,Amber,-1.9131468876329962,0,0.0,0.0157,0,0
2024-12-19 05:00:00,99.907,71.0415,99.65925,55.9705,Green,1.4366486968825027,0,0.0969,0.0,0,0
2024-12-19 06:00:00,99.99975,84.9775,99.2655,56.42525,Amber,1.294668998167774,0,0.2865,0.0,0,0
2024-12-19 07:00:00,99.99975,91.11175,99.46674999999999,58.8985,Amber,0.9289589550226439,0,0.4762,0.0,0,0
2024-12-19 08:00:00,99.6125,101.38725,99.34775,54.979,Amber,-0.5489301694226496,0,0.2786,0.0,0,0
2024-12-19 09:00:00,99.66775,103.78275,99.49475,54.9875,Amber,-0.37680270117348924,0,0.1362,0.0,0,0
2024-12-19 10:00:00,99.85,112.374,99.52674999999999,49.652,Green,0.06367206124266896,0,0.1761,0.0,0,0
2024-12-19 11:00:00,99.90125,119.13275,99.42075,48.92275,Amber,0.38005251340507096,0,0.2672,0.0,0,0
2024-12-19 12:00:00,99.285,125.93,99.48599999999999,44.552,Amber,-1.6869202495074078,0,0.0,0.1129,0,0
2024-12-19 13:00:00,99.03275,113.4735,99.36025000000001,39.99725,Amber,-1.5583028313481673,0,0.0,0.4781,0,0
2024-12-19 14:00:00,99.62774999999999,116.41925,99.50225,38.0935,Amber,0.19837321189619359,0,0.0,0.2483,0,0
2024-12-19 15:00:00,99.599,104.236,99.48675,32.117,Green,0.1485861650436115,0,0.0,0.0472,0,0
2024-12-19 16:00:00,99.5655,99.4065,99.52225,35.74725,Amber,0.2106974348190828,0,0.0,0.0,0,0
2024-12-19 17:00:00,99.37875,88.818,99.49925,30.36025,Amber,-0.15623175357971167,0,0.0,0.0192,0,0
2024-12-19 18:00:00,99.36875,66.86775,99.4905,28.013749999999998,Amber,-0.26821947137732305,0,0.0,0.0484,0,0
2024-12-19 19:00:00,99.80575,69.49549999999999,99.301,29.74375,Amber,1.5051328174448426,0,0.0,0.0,0,0
2024-12-19 20:00:00,99.45824999999999,60.4645,99.76675,29.49975,Amber,-0.4308747946719837,0,0.0,0.0,0,0
2024-12-19 21:00:00,99.23225,52.74825,99.5215,35.0055,Amber,-1.1885287977865746,0,0.0,0.1657,0,0
2024-12-19 22:00:00,99.512,43.41675,99.351,39.93375,Amber,0.2710699146192609,0,0.0,0.0516,0,0
2024-12-19 23:00:00,99.4845,45.329,99.36875,41.20125,Amber,0.039820833375037105,0,0.0,0.0,0,0
2024-12-20 00:00:00,99.7305,39.6235,99.60225,49.63425,Amber,0.9384330242023333,0,0.0,0.0,0,0
2024-12-20 01:00:00,99.6615,40.318,99.542,52.805,Green,0.8507787671877024,0,0.0,0.0,0,0
2024-12-20 02:00:00,99.55775,47.701750000000004,99.4445,54.125,Amber,0.1620303533675914,0,0.0,0.0,0,0
2024-12-20 03:00:00,99.858,47.204499999999996,99.67875000000001,56.43425,Green,1.5581783627894668,0,0.0479,0.0,0,0
2024-12-20 04:00:00,99.71600000000001,58.42875,99.41425,60.104,Amber,0.36113076801638183,0,0.0,0.0,0,0
2024-12-20 05:00:00,99.62175,68.43225000000001,99.779,61.671499999999995,Amber,-0.6686869423718409,0,0.0,0.0,0,0
2024-12-20 06:00:00,99.7865,75.53525,99.436,60.2825,Amber,0.783817197321696,0,0.0,0.0,0,0
2024-12-20 07:00:00,99.871,88.86,99.03049999999999,55.84625,Amber,1.0679907984919306,0,0.0609,0.0,0,0
2024-12-20 08:00:00,99.5505,99.00075,99.55799999999999,56.23625,Amber,-1.4196639052848512,0,0.0,0.0,0,0
2024-12-20 09:00:00,99.4545,104.23325,99.23575,54.542,Amber,-1.375121656012521,0,0.0,0.0,0,0
2024-12-20 10:00:00,99.95625,109.26175,99.73175,57.1065,Green,1.277029455005836,0,0.1461,0.0,0,0
2024-12-20 11:00:00,99.20875000000001,117.80975000000001,99.59450000000001,48.822,Amber,-1.5112844722482437,0,0.0,0.1892,0,0
2024-12-20 12:00:00,99.831,127.80525,99.50725,45.86575,Amber,0.6420782438842056,0,0.0209,0.0,0,0
2024-12-20 13:00:00,99.6585,124.14225,99.54825,43.173500000000004,Green,0.1811086110586803,0,0.0,0.0,0,0
2024-12-20 14:00:00,99.916,118.77725000000001,99.41375,37.7215,Amber,0.8382601804632785,0,0.1059,0.0,0,0
2024-12-20 15:00:00,99.268,108.98475,99.693,29.256500000000003,Green,-1.1339602817999896,0,0.0,0.1299,0,0
2024-12-20 16:00:00,99.39450000000001,104.87225000000001,99.8235,31.330750000000002,Green,-0.508388124360405,0,0.0,0.1334,0,0
2024-12-20 17:00:00,99.22475,92.974,99.396,25.024,Amber,-1.0996507823078774,0,0.0,0.3065,0,0
2024-12-20 18:00:00,99.67099999999999,73.77025,99.4215,26.6985,Amber,0.5508609532808939,0,0.0,0.0335,0,0
2024-12-20 19:00:00,99.2105,67.39825,99.3245,28.586750000000002,Amber,-0.8272318091890655,0,0.0,0.2209,0,0
2024-12-20 20:00:00,99.7585,63.44325,99.53925,32.24275,Amber,1.4168878005610603,0,0.0,0.0,0,0
2024-12-20 21:00:00,99.27325,58.17825,99.62975,30.6635,Red,-0.6269728491496229,0,0.0,0.1247,0,1
2024-12-20 22:00:00,99.75075,48.423500000000004,99.75575,43.31275,Green,0.9928051100002855,0,0.0,0.0,0,0
2024-12-20 23:00:00,99.75675,39.81925,99.56175,37.693,Amber,0.72579915251913,0,0.0,0.0,0,0
2024-12-21 00:00:00,99.59775,39.5435,99.59125,47.8155,Amber,0.1573878962669994,0,0.0,0.0,0,0
2024-12-21 01:00:00,99.815,41.08275,99.247,48.114000000000004,Amber,0.7725213189343706,0,0.0049,0.0,0,0
2024-12-21 02:00:00,99.78775,47.716499999999996,99.79925,55.23325,Amber,0.6041836344936891,0,0.0,0.0,0,0
2024-12-21 03:00:00,99.62225000000001,53.66825,99.53875,55.84325,Green,-1.1065441957738047,0,0.0,0.0,0,0
2024-12-21 04:00:00,99.90775,56.91775,99.41425,62.6865,Amber,1.350672089802375,0,0.0976,0.0,0,0
2024-12-21 05:00:00,100.0,72.17775,99.47475,59.991749999999996,Amber,1.3452912742452419,0,0.2875,0.0,0,0
2024-12-21 06:00:00,99.78675,82.5895,99.55850000000001,59.17075,Amber,-0.2599796789946423,0,0.2642,0.0,0,0
2024-12-21 07:00:00,99.77074999999999,86.97625,99.33025,59.45125,Amber,-0.3235049055556955,0,0.2248,0.0,0,0
2024-12-21 08:00:00,99.40899999999999,100.60275,99.45474999999999,56.579,Red,-1.616400923728453,0,0.0,0.0,0,1
2024-12-21 09:00:00,99.50575,111.186,99.38575,54.939750000000004,Amber,-0.9783247913278454,0,0.0,0.0,0,0
2024-12-21 10:00:00,99.6385,120.152,99.42575,52.13625,Amber,-0.21862949198712495,0,0.0,0.0,0,0
2024-12-21 11:00:00,99.6795,118.43025,99.353,48.341499999999996,Amber,0.3205182531589943,0,0.0,0.0,0,0
2024-12-21 12:00:00,99.649,127.58625,99.707,42.65275,Amber,0.3100490907424089,0,0.0,0.0,0,0
2024-12-21 13:00:00,99.451,118.274,99.47800000000001,42.09675,Amber,-0.910125664153163,0,0.0,0.0,0,0
2024-12-21 14:00:00,99.41375,111.03975,99.3545,37.09675,Amber,-1.254717813588364,0,0.0,0.0,0,0
2024-12-21 15:00:00,99.7065,110.875,99.37275,31.933,Amber,0.9362809384174124,0,0.0,0.0,0,0
2024-12-21 16:00:00,99.15075,101.4975,99.705,29.0815,Amber,-1.6732621477256182,0,0.0,0.2472,0,0
2024-12-21 17:00:00,99.56275,93.36225,99.50325,30.619,Red,0.36908296870777596,0,0.0,0.0824,0,1
2024-12-21 18:00:00,99.488,84.795,99.40275,30.06625,Red,0.14035481412707346,0,0.0,0.0,0,1
2024-12-21 19:00:00,99.44800000000001,75.9505,99.5985,31.99925,Amber,-0.07389050021341484,0,0.0,0.0,0,0
2024-12-21 20:00:00,99.3385,54.40225,99.53425,29.1675,Amber,-0.5797246942606955,0,0.0,0.0594,0,0
2024-12-21 21:00:00,99.564,52.5445,99.56375,34.326,Amber,0.8752955612611947,0,0.0,0.0,0,0
2024-12-21 22:00:00,99.51774999999999,39.8285,99.675,34.31125,Green,0.3673401795331139,0,0.0,0.0,0,0
2024-12-21 23:00:00,99.513,37.792500000000004,99.63575,41.35675,Amber,0.44429011834602133,0,0.0,0.0,0,0
2024-12-22 00:00:00,99.24600000000001,35.195,99.34275,47.71625,Red,-1.5695305084820461,0,0.0,0.1519,0,1
2024-12-22 01:00:00,99.631,41.467999999999996,99.58924999999999,52.83225,Amber,1.1151340598830386,0,0.0,0.0,0,0
2024-12-22 02:00:00,99.9705,42.3075,99.56700000000001,56.9795,Green,1.6918336088425074,0,0.1604,0.0,0,0
2024-12-22 03:00:00,99.5535,48.777,99.42575,58.429,Amber,-0.07866004830897352,0,0.0,0.0,0,0
2024-12-22 04:00:00,99.89525,57.682,99.5615,62.974000000000004,Amber,0.9797212560395713,0,0.0851,0.0,0,0
2024-12-22 05:00:00,99.82075,63.63075,99.42775,61.59825,Amber,0.5036199839789811,0,0.0958,0.0,0,0
2024-12-22 06:00:00,99.76075,81.45875,99.44975,61.97,Amber,-0.07096748172899572,0,0.0464,0.0,0,0
2024-12-22 07:00:00,99.789,87.2,99.4025,55.80825,Amber,-0.06538251229581307,0,0.0253,0.0,0,0
2024-12-22 08:00:00,99.54675,96.79875,99.59875,60.185249999999996,Amber,-1.2504109932692076,0,0.0,0.0,0,0
2024-12-22 09:00:00,99.55,106.30025,99.4945,53.12,Amber,-1.2167918828779127,0,0.0,0.0,0,0
2024-12-22 10:00:00,99.9845,107.97075,99.632,51.39675,Amber,1.4364159465754873,0,0.1744,0.0,0,0
2024-12-22 11:00:00,99.65225000000001,116.28049999999999,99.711,45.5865,Green,-0.3687247123635091,0,0.0165,0.0,0,0
2024-12-22 12:00:00,99.71275,115.9625,99.2775,44.574999999999996,Amber,0.04152091522364494,0,0.0,0.0,0,0
2024-12-22 13:00:00,99.56649999999999,122.13675,99.55975000000001,32.067750000000004,Amber,-0.6083899697808354,0,0.0,0.0,0,0
2024-12-22 14:00:00,99.32525,118.5555,99.53,36.6015,Amber,-1.4104698681728494,0,0.0,0.0727,0,0
2024-12-22 15:00:00,99.2085,107.76175,99.52175,33.630250000000004,Amber,-1.3131376745972485,0,0.0,0.2621,0,0
2024-12-22 16:00:00,99.46025,94.4325,99.70425,34.476,Amber,-0.14057644144312903,0,0.0,0.1998,0,0
2024-12-22 17:00:00,99.2725,90.32925,99.446,28.67775,Amber,-0.7909669478714584,0,0.0,0.3252,0,0
2024-12-22 18:00:00,99.27250000000001,77.12925,99.42425,29.13775,Amber,-0.5791362088171031,0,0.0,0.4506,0,0
2024-12-22 19:00:00,99.5735,68.38125,99.6805,33.56925,Green,1.6086247920046604,0,0.0,0.2751,0,0
2024-12-22 20:00:00,99.18875,65.95725,99.551,30.90675,Amber,-0.9167487207496421,0,0.0,0.4843,0,0
2024-12-22 21:00:00,99.05075,54.5935,99.5525,40.42825,Red,-1.3430358449818875,0,0.0,0.8314,0,1
2024-12-22 22:00:00,99.48825,43.04625,99.61625000000001,33.39775,Amber,0.9363205805536037,0,0.0,0.7411,0,0
2024-12-22 23:00:00,99.66675000000001,37.986000000000004,99.59,42.781,Green,1.2229353158017353,0,0.0,0.4723,0,0
2024-12-23 00:00:00,99.65875,42.894,99.71625,50.87975,Green,0.8548746474087676,0,0.0,0.2115,0,0
2024-12-23 01:00:00,99.52674999999999,43.77575,99.56825,53.28075,Amber,0.38056183034798535,0,0.0,0.0826,0,0
2024-12-23 02:00:00,99.52850000000001,48.39775,99.44675,54.335499999999996,Amber,0.18527120066315295,0,0.0,0.0,0,0
2024-12-23 03:00:00,99.68725,59.80925,99.541,56.79125,Green,1.0820983692349488,0,0.0,0.0,0,0
2024-12-23 04:00:00,99.91075000000001,55.7085,99.67575,58.216750000000005,Amber,1.76287321288905,0,0.1006,0.0,0,0
2024-12-23 05:00:00,99.9435,67.16499999999999,99.4515,59.9765,Amber,1.291515471129604,0,0.234,0.0,0,0
2024-12-23 06:00:00,99.8815,83.015,99.4105,62.148,Amber,0.7056609862233248,0,0.3054,0.0,0,0
2024-12-23 07:00:00,99.85849999999999,91.22475,99.54374999999999,59.342,Amber,0.35337652477387177,0,0.3538,0.0,0,0
2024-12-23 08:00:00,99.47800000000001,99.3155,99.22925000000001,56.614000000000004,Amber,-1.767581226069121,0,0.0217,0.0,0,0
2024-12-23 09:00:00,99.50525,111.16225,99.44874999999999,54.17375,Amber,-1.2140242752559791,0,0.0,0.0,0,0
2024-12-23 10:00:00,99.626,114.23225,99.5145,51.21425,Green,-0.4379632273353551,0,0.0,0.0,0,0
2024-12-23 11:00:00,99.45325,112.61574999999999,99.616,46.065,Amber,-0.9376066256352588,0,0.0,0.0,0,0
2024-12-23 12:00:00,99.66425,116.8995,99.54275,43.736000000000004,Green,0.43610988758987934,0,0.0,0.0,0,0
2024-12-23 13:00:00,99.66225,121.02850000000001,99.60125,39.84675,Amber,1.0084725542119766,0,0.0,0.0,0,0
2024-12-23 14:00:00,99.59675,112.45375,99.654,36.553,Amber,0.1394793899624757,0,0.0,0.0,0,0
2024-12-23 15:00:00,99.27775,104.42699999999999,99.4015,36.967,Amber,-1.7580078728595387,0,0.0,0.1202,0,0
2024-12-23 16:00:00,99.15675,107.2895,99.70125,36.44125,Red,-1.4659874026855213,0,0.0,0.3614,0,1
2024-12-23 17:00:00,99.3075,86.77225,99.68025,27.84525,Amber,-0.6135178548632794,0,0.0,0.4518,0,0
2024-12-23 18:00:00,99.51474999999999,76.5885,99.58425,27.7565,Green,0.47599388668301035,0,0.0,0.335,0,0
2024-12-23 19:00:00,99.65275,70.50325000000001,99.4865,32.449,Green,1.1854743233495695,0,0.0,0.0801,0,0
2024-12-23 20:00:00,99.3895,62.3605,99.25825,35.49475,Amber,0.03561289896934821,0,0.0,0.0886,0,0
2024-12-23 21:00:00,99.44225,47.346000000000004,99.3935,35.649,Amber,0.185315006663089,0,0.0,0.0443,0,0
2024-12-23 22:00:00,99.67425,42.328250000000004,99.77725,37.13625,Green,1.2158981720718753,0,0.0,0.0,0,0
2024-12-23 23:00:00,99.8105,41.68575,99.5255,41.74275,Amber,1.4430909407309505,0,0.0004,0.0,0,0
2024-12-24 00:00:00,99.6765,42.1395,99.42625,45.170249999999996,Amber,0.4316428477662602,0,0.0,0.0,0,0
2024-12-24 01:00:00,99.464,39.432249999999996,99.1565,50.08925,Amber,-0.6704228797024857,0,0.0,0.0,0,0
2024-12-24 02:00:00,99.8725,47.543,99.64075,54.6965,Amber,1.2296400187675127,0,0.0624,0.0,0,0
2024-12-24 03:00:00,99.75375,49.510999999999996,99.533,50.022999999999996,Green,0.31728172870103727,0,0.006,0.0,0,0
2024-12-24 04:00:00,99.688,56.047,99.56049999999999,57.801,Amber,-0.1613171278310944,0,0.0,0.0,0,0
2024-12-24 05:00:00,99.67625,74.7875,99.35475,54.798750000000005,Amber,-0.09191676008917103,0,0.0,0.0,0,0
2024-12-24 06:00:00,99.54375,80.2695,99.3045,61.35425,Amber,-0.839505056316094,0,0.0,0.0,0,0
2024-12-24 07:00:00,99.8575,95.261,99.5295,55.07525,Amber,1.0153046873590397,0,0.0474,0.0,0,0
2024-12-24 08:00:00,99.91875,98.3115,99.39250000000001,57.31275,Amber,1.3257916183349807,0,0.156,0.0,0,0
2024-12-24 09:00:00,99.7805,116.09175,99.24575,52.08025,Amber,0.26732147894759006,0,0.1264,0.0,0,0
2024-12-24 10:00:00,99.6575,117.81575000000001,99.35075,50.61775,Amber,-0.5861093382372181,0,0.0,0.0,0,0
2024-12-24 11:00:00,99.099,117.00125,99.2575,47.53425,Amber,-1.818949966513787,0,0.0,0.2989,0,0
2024-12-24 12:00:00,99.4875,123.36375,99.575,42.059,Green,-0.4808264769277116,0,0.0,0.2094,0,0
2024-12-24 13:00:00,99.2405,125.15625,99.42325,39.47975,Amber,-0.9160751757668382,0,0.0,0.3668,0,0
2024-12-24 14:00:00,99.4085,112.47275,99.5315,37.86875,Amber,-0.14604056420177622,0,0.0,0.3562,0,0
2024-12-24 15:00:00,99.77375,111.86125,99.479,33.86875,Amber,1.3059197742913335,0,0.0,0.0,0,0
2024-12-24 16:00:00,99.19525,101.72625,99.58875,32.212,Amber,-0.7040284845179848,0,0.0,0.2027,0,0
2024-12-24 17:00:00,99.223,90.727,99.63325,31.506,Amber,-0.7453790997868691,0,0.0,0.3776,0,0
2024-12-24 18:00:00,99.34425,85.6725,99.323,28.02675,Amber,-0.09228208987141039,0,0.0,0.4313,0,0
2024-12-24 19:00:00,99.352,74.4485,99.5375,32.14225,Green,-0.1479246867950319,0,0.0,0.4772,0,0
2024-12-24 20:00:00,99.77775,57.562250000000006,99.18825,32.41775,Amber,1.261539702979428,0,0.0,0.0974,0,0
2024-12-24 21:00:00,99.40174999999999,54.296499999999995,99.5745,34.88375,Amber,0.09267299399665477,0,0.0,0.0936,0,0
2024-12-24 22:00:00,99.352,38.8515,99.4785,40.2735,Amber,-0.2964813985772012,0,0.0,0.1395,0,0
2024-12-24 23:00:00,99.0815,46.9235,99.31524999999999,45.79575,Amber,-1.3554231926490492,0,0.0,0.4559,0,0
2024-12-25 00:00:00,99.445,44.00925,99.52799999999999,47.079750000000004,Amber,0.19349992464816848,0,0.0,0.4089,0,0
2024-12-25 01:00:00,99.68125,43.26925,99.69475,53.31875,Amber,0.9048041819657946,0,0.0,0.1255,0,0
2024-12-25 02:00:00,99.5575,46.8595,99.5685,56.39725,Amber,0.6760691618717652,0,0.0,0.0,0,0
2024-12-25 03:00:00,99.87725,59.731,99.6345,56.78775,Amber,1.374394582827062,0,0.0671,0.0,0,0
2024-12-25 04:00:00,99.6315,60.311,99.523,58.00375,Amber,0.3192519415167003,0,0.0,0.0,0,0
2024-12-25 05:00:00,99.799,72.1885,99.4015,52.266999999999996,Amber,0.8481231671809906,0,0.0,0.0,0,0
2024-12-25 06:00:00,99.761,81.39525,99.69175,62.80525,Amber,0.3684527928330931,0,0.0,0.0,0,0
2024-12-25 07:00:00,99.843,91.14274999999999,99.751,60.525999999999996,Amber,0.784099836794634,0,0.0329,0.0,0,0
2024-12-25 08:00:00,99.709,100.975,99.40125,50.64625,Amber,-0.6778563415673892,0,0.0,0.0,0,0
2024-12-25 09:00:00,99.4245,110.03399999999999,99.64750000000001,52.63875,Amber,-1.7855155009634394,0,0.0,0.0,0,0
2024-12-25 10:00:00,99.74475,114.97025,99.6905,54.409,Green,0.20959396968581362,0,0.0,0.0,0,0
2024-12-25 11:00:00,99.88225,125.744,99.46325,50.180499999999995,Amber,0.9570792859393522,0,0.0721,0.0,0,0
2024-12-25 12:00:00,99.761,122.501,99.152,44.89775,Amber,0.20759039409767505,0,0.023,0.0,0,0
2024-12-25 13:00:00,99.64975,121.23425,99.36875,42.59525,Amber,-0.2967810661998247,0,0.0,0.0,0,0
2024-12-25 14:00:00,99.28925000000001,108.6335,99.40424999999999,35.30575,Amber,-1.4950200843383095,0,0.0,0.1087,0,0
2024-12-25 15:00:00,99.30025,103.03925,99.2955,35.78375,Amber,-1.2117394151437149,0,0.0,0.2064,0,0
2024-12-25 16:00:00,99.60075,101.501,99.43525,31.14875,Amber,0.0835932574954502,0,0.0,0.0035,0,0
2024-12-25 17:00:00,99.33425,83.0215,99.62425,32.75025,Green,-0.7529232837831547,0,0.0,0.0672,0,0
2024-12-25 18:00:00,99.6655,77.337,99.47,22.86825,Amber,1.0502260317655094,0,0.0,0.0,0,0
2024-12-25 19:00:00,99.451,65.876,99.1465,30.009,Amber,0.06712088279065166,0,0.0,0.0,0,0
2024-12-25 20:00:00,99.40225000000001,59.40575,99.42025,32.2695,Amber,-0.38832714140930363,0,0.0,0.0,0,0
2024-12-25 21:00:00,99.524,50.435,99.50975,39.425250000000005,Green,0.222611203431689,0,0.0,0.0,0,0
2024-12-25 22:00:00,99.66799999999999,48.4235,99.184,41.757,Amber,1.1626656988672504,0,0.0,0.0,0,0
2024-12-25 23:00:00,99.519,36.994749999999996,99.59,38.23325,Amber,-0.17653543655999693,0,0.0,0.0,0,0
2024-12-26 00:00:00,99.0795,38.63225,99.40725,48.53,Amber,-1.82031510987333,0,0.0,0.3184,0,0
2024-12-26 01:00:00,99.66875,44.5595,99.6315,48.60575,Green,0.8741109017385128,0,0.0,0.0476,0,0
2024-12-26 02:00:00,99.84425,47.44725,99.07300000000001,56.8875,Amber,1.130132911726758,0,0.0341,0.0,0,0
2024-12-26 03:00:00,100.0,50.12975,99.7645,59.38425,Amber,1.1689978698028876,0,0.224,0.0,0,0
2024-12-26 04:00:00,99.74475,60.104,99.277,52.88375,Amber,0.31891930977506905,0,0.1587,0.0,0,0
2024-12-26 05:00:00,99.731,70.75874999999999,99.49875,57.5225,Amber,0.167994683378753,0,0.0796,0.0,0,0
2024-12-26 06:00:00,99.66300000000001,80.798,99.7135,58.267,Amber,-0.8762940639455046,0,0.0,0.0,0,0
2024-12-26 07:00:00,99.90875,92.98425,99.67725,57.94525,Green,0.7436831517085655,0,0.0986,0.0,0,0
2024-12-26 08:00:00,99.9755,98.97575,99.4905,55.0465,Amber,0.9736897376631152,0,0.264,0.0,0,0
2024-12-26 09:00:00,99.75399999999999,100.64224999999999,99.6055,56.94475,Amber,-0.35326514569853096,0,0.2079,0.0,0,0
2024-12-26 10:00:00,99.605,110.61125,99.556,46.6575,Amber,-1.1760334346553882,0,0.0028,0.0,0,0
2024-12-26 11:00:00,99.48400000000001,113.54425,99.724,48.6525,Amber,-1.330111807343727,0,0.0,0.0,0,0
2024-12-26 12:00:00,99.13374999999999,115.75399999999999,99.43525,46.176,Amber,-1.6459666438996892,0,0.0,0.2642,0,0
2024-12-26 13:00:00,99.26575,117.6905,99.5565,40.20825,Amber,-0.870597753098113,0,0.0,0.3964,0,0
2024-12-26 14:00:00,99.28875,116.69575,99.4445,38.0015,Amber,-0.5699159415614229,0,0.0,0.5055,0,0
2024-12-26 15:00:00,99.56375,113.76025,99.50375,35.76425,Amber,0.9236198272824564,0,0.0,0.3397,0,0
2024-12-26 16:00:00,99.18125,98.28225,99.48474999999999,33.639250000000004,Amber,-0.8144135032521537,0,0.0,0.5564,0,0
2024-12-26 17:00:00,99.81,89.00325,99.6575,28.96,Amber,1.6725632753422428,0,0.0,0.1443,0,0
2024-12-26 18:00:00,99.27725000000001,78.5325,99.48075,27.93025,Green,-0.502079525462387,0,0.0,0.265,0,0
2024-12-26 19:00:00,99.21000000000001,69.0225,99.76425,33.49825,Red,-0.7221144700660621,0,0.0,0.4529,0,1
2024-12-26 20:00:00,99.45175,65.813,99.237,35.57975,Amber,0.1485178454992875,0,0.0,0.3991,0,0
2024-12-26 21:00:00,99.78575000000001,42.418,99.5945,35.06875,Green,1.1747562812827121,0,0.0,0.0113,0,0
2024-12-26 22:00:00,99.5585,40.3275,99.5505,39.94025,Amber,0.17094083522555592,0,0.0,0.0,0,0
2024-12-26 23:00:00,99.66475,39.65,99.142,49.126,Amber,0.7789577817194081,0,0.0,0.0,0,0
2024-12-27 00:00:00,99.54925,39.7855,99.41499999999999,42.9375,Amber,0.06404667509678076,0,0.0,0.0,0,0
2024-12-27 01:00:00,99.251,39.1485,99.4605,48.667,Amber,-1.5975307491468647,0,0.0,0.1469,0,0
2024-12-27 02:00:00,99.81325,43.72825,99.64125,53.30875,Amber,1.0218037755160534,0,0.0031,0.0,0,0
2024-12-27 03:00:00,99.80175,53.402,99.1835,52.326499999999996,Amber,0.939313231639776,0,0.0,0.0,0,0
2024-12-27 04:00:00,99.59775,53.02725,99.31925,52.30175,Amber,-0.07355603568757746,0,0.0,0.0,0,0
2024-12-27 05:00:00,99.738,68.3955,99.54025,62.984249999999996,Amber,0.5309535200888592,0,0.0,0.0,0,0
2024-12-27 06:00:00,99.73825,74.24425000000001,99.47550000000001,61.98975,Amber,0.3829949314676299,0,0.0,0.0,0,0
2024-12-27 07:00:00,100.0,89.14375,99.437,59.539,Amber,1.6594294661430764,0,0.1899,0.0,0,0
2024-12-27 08:00:00,99.71175,88.15125,99.67999999999999,54.94125,Amber,-0.39638752201007516,0,0.0915,0.0,0,0
2024-12-27 09:00:00,99.955,109.66525,99.63575,50.405,Green,1.0651955176334194,0,0.2364,0.0,0,0
2024-12-27 10:00:00,99.61825,120.7915,99.4745,53.184,Amber,-1.1698964046087867,0,0.0446,0.0,0,0
2024-12-27 11:00:00,99.43425,118.15825000000001,99.369,48.803250000000006,Amber,-1.4619684039799028,0,0.0,0.0,0,0
2024-12-27 12:00:00,99.6315,122.4795,99.35225,44.601749999999996,Amber,-0.4333618964764411,0,0.0,0.0,0,0
2024-12-27 13:00:00,99.28625,124.775,99.56675,39.73175,Red,-1.3882616333245126,0,0.0,0.1117,0,1
2024-12-27 14:00:00,99.49525,115.61725,99.51775,33.832750000000004,Green,-0.3288845264093732,0,0.0,0.0144,0,0
2024-12-27 15:00:00,99.50450000000001,113.04525,99.63624999999999,30.12325,Amber,0.07455613415943836,0,0.0,0.0,0,0
2024-12-27 16:00:00,99.43625,100.3355,99.41525,33.90775,Green,-0.25132618091083975,0,0.0,0.0,0,0
2024-12-27 17:00:00,99.24549999999999,92.18725,99.609,27.8335,Amber,-1.2947453634496227,0,0.0,0.1524,0,0
2024-12-27 18:00:00,99.43475000000001,84.83075,99.58500000000001,30.97875,Amber,0.3152030761045995,0,0.0,0.1156,0,0
2024-12-27 19:00:00,99.27074999999999,64.69475,99.5275,27.591,Amber,-1.131590789960737,0,0.0,0.2428,0,0
2024-12-27 20:00:00,99.4175,54.408249999999995,99.51275,33.774,Amber,0.31702753757315766,0,0.0,0.2232,0,0
2024-12-27 21:00:00,99.81875,53.8885,99.41475,38.0045,Amber,1.8596269211522676,0,0.0086,0.0,0,0
2024-12-27 22:00:00,99.59275,48.01125,99.58175,39.66575,Amber,0.6027180723115232,0,0.0,0.0,0,0
2024-12-27 23:00:00,99.663,39.8045,99.39224999999999,43.8785,Amber,0.660582856333222,0,0.0,0.0,0,0
2024-12-28 00:00:00,99.90275,38.281,99.629,46.219,Green,1.223369890534043,0,0.0926,0.0,0,0
2024-12-28 01:00:00,99.78425,44.6595,99.79,50.22875,Green,0.4985288234857952,0,0.0668,0.0,0,0
2024-12-28 02:00:00,99.89675,41.665,99.51225,52.848,Amber,0.95831657429133,0,0.1534,0.0,0,0
2024-12-28 03:00:00,99.79675,51.663000000000004,99.41875,61.7385,Amber,0.19319543768659755,0,0.1401,0.0,0,0
2024-12-28 04:00:00,99.5435,51.67225,99.5665,58.1065,Amber,-1.5852458253019626,0,0.0,0.0,0,0
2024-12-28 05:00:00,99.8485,74.917,99.39975,60.77575,Amber,0.39968758683449535,0,0.0384,0.0,0,0
2024-12-28 06:00:00,99.89750000000001,85.34275,99.364,60.45725,Amber,0.7801163727373981,0,0.1258,0.0,0,0
2024-12-28 07:00:00,99.8805,89.832,99.16975,64.27074999999999,Amber,0.5131228029025253,0,0.1962,0.0,0,0
2024-12-28 08:00:00,99.76925,97.57425,99.36,56.58975,Amber,-0.15457457877188233,0,0.1553,0.0,0,0
2024-12-28 09:00:00,99.96549999999999,104.5695,99.32724999999999,59.3645,Amber,0.9952144618380198,0,0.3107,0.0,0,0
2024-12-28 10:00:00,99.31475,113.465,99.47075,46.84975,Amber,-1.964698800055504,0,0.0,0.0832,0,0
2024-12-28 11:00:00,99.525,118.28125,99.61325,47.926249999999996,Green,-0.7897046538728519,0,0.0,0.0,0,0
2024-12-28 12:00:00,99.9255,122.90625,99.42175,46.91075,Amber,0.7579884269967007,0,0.1154,0.0,0,0
2024-12-28 13:00:00,99.50125,113.98025,99.33125,37.2415,Amber,-0.6369282019927671,0,0.0,0.0,0,0
2024-12-28 14:00:00,98.97075,111.25475,99.495,35.39375,Amber,-1.4984489798243177,0,0.0,0.4272,0,0
2024-12-28 15:00:00,99.43674999999999,103.8455,99.4395,30.881500000000003,Amber,-0.02870710164389623,0,0.0,0.3884,0,0
2024-12-28 16:00:00,99.185,92.94675000000001,99.32900000000001,37.917500000000004,Amber,-0.7339406855661067,0,0.0,0.6013,0,0
2024-12-28 17:00:00,99.3515,89.383,99.394,26.686500000000002,Amber,-0.13521784567528938,0,0.0,0.6477,0,0
2024-12-28 18:00:00,99.05525,84.998,99.5,30.2575,Amber,-0.9115166015467474,0,0.0,0.9904,0,0
2024-12-28 19:00:00,99.712,67.518,99.46424999999999,30.929750000000002,Amber,1.5661321219243418,0,0.0,0.6763,0,0
2024-12-28 20:00:00,99.25675,53.84825,99.46424999999999,30.896,Amber,-0.33408062743500916,0,0.0,0.8175,0,0
2024-12-28 21:00:00,99.32650000000001,51.2965,99.64125,35.212,Amber,0.0540085786951706,0,0.0,0.8889,0,0
2024-12-28 22:00:00,99.63475,44.66775,99.37774999999999,38.50425,Amber,1.0032191024770034,0,0.0,0.6521,0,0
2024-12-28 23:00:00,99.66875,38.818,99.46275,44.1875,Amber,0.8453317586867553,0,0.0,0.3813,0,0
2024-12-29 00:00:00,99.5795,43.159,99.65174999999999,44.158249999999995,Green,0.26106841435029843,0,0.0,0.1997,0,0
2024-12-29 01:00:00,99.8075,40.30975,99.53625,49.3995,Amber,1.2364329985715545,0,0.0,0.0,0,0
2024-12-29 02:00:00,99.9215,46.2345,99.66375,54.24825,Green,1.2981868365503033,0,0.1114,0.0,0,0
2024-12-29 03:00:00,99.804,51.5105,99.511,59.432,Amber,0.5264744942570501,0,0.1053,0.0,0,0
2024-12-29 04:00:00,99.79025,63.34,99.4445,63.8085,Amber,0.23598930430569653,0,0.0854,0.0,0,0
2024-12-29 05:00:00,99.75775,67.35025,99.849,57.6455,Amber,-0.17049925603699914,0,0.0331,0.0,0,0
2024-12-29 06:00:00,99.69475,73.97925000000001,99.602,58.85725,Amber,-1.3599000333085072,0,0.0,0.0,0,0
2024-12-29 07:00:00,99.83575,83.1965,99.3965,57.063,Green,0.4605766857928377,0,0.0256,0.0,0,0
2024-12-29 08:00:00,99.6225,107.07125,99.3535,59.421,Amber,-1.623202773325778,0,0.0,0.0,0,0
2024-12-29 09:00:00,99.73375,107.40825,99.372,51.98125,Amber,-0.07195960927799654,0,0.0,0.0,0,0
2024-12-29 10:00:00,99.544,118.71775,99.31325,53.6365,Amber,-1.4930728179915578,0,0.0,0.0,0,0
2024-12-29 11:00:00,99.6255,118.9795,99.34425,49.788,Amber,-0.4953961397989602,0,0.0,0.0,0,0
2024-12-29 12:00:00,99.77725,113.254,99.33825,39.195750000000004,Amber,0.7930991556608565,0,0.0,0.0,0,0
2024-12-29 13:00:00,99.6365,122.07300000000001,99.5205,43.1245,Amber,-0.23760573387653222,0,0.0,0.0,0,0
2024-12-29 14:00:00,99.6895,112.53524999999999,99.47200000000001,34.869749999999996,Amber,0.26035301424636964,0,0.0,0.0,0,0
2024-12-29 15:00:00,99.38225,111.06775,99.452,30.5775,Amber,-1.6778085182260198,0,0.0,0.0157,0,0
2024-12-29 16:00:00,99.16625,96.556,99.60325,32.5355,Amber,-1.66750043361647,0,0.0,0.2474,0,0
2024-12-29 17:00:00,99.6125,88.46025,99.41075,28.39,Amber,0.3015566454692086,0,0.0,0.0328,0,0
2024-12-29 18:00:00,99.02250000000001,80.518,99.55375,34.4535,Amber,-1.4348551552112772,0,0.0,0.4082,0,0
2024-12-29 19:00:00,99.10675,68.51475,99.21325,29.21625,Amber,-0.8064976990166001,0,0.0,0.6994,0,0
2024-12-29 20:00:00,99.5355,64.34775,99.4205,35.5635,Amber,0.9567273120815414,0,0.0,0.5618,0,0
2024-12-29 21:00:00,99.20975,53.3955,99.66225,34.39575,Green,-0.2732259186183529,0,0.0,0.75,0,0
2024-12-29 22:00:00,98.96325,42.7905,99.5475,41.26375,Red,-1.0255385075071348,0,0.0,1.1847,0,1
2024-12-29 23:00:00,99.16499999999999,40.3955,99.57275,37.71425,Red,-0.010529402814011121,0,0.0,1.4176,0,1
2024-12-30 00:00:00,99.45224999999999,40.4655,99.62525,45.50325,Green,0.9884955345110562,0,0.0,1.3633,0,0
2024-12-30 01:00:00,99.82325,37.925250000000005,99.51775,49.397000000000006,Amber,1.5138755059671538,0,0.0131,0.938,0,0
2024-12-30 02:00:00,99.83,46.50675,99.769,53.2575,Green,1.1737388281239791,0,0.033,0.5059,0,0
2024-12-30 03:00:00,99.9935,50.832499999999996,99.267,60.75125,Amber,1.104448009404739,0,0.2164,0.0,0,0
2024-12-30 04:00:00,99.7945,66.479,99.292,61.30525,Amber,0.3845603330741752,0,0.2008,0.0,0,0
2024-12-30 05:00:00,99.73275,68.59025,99.54124999999999,62.909,Amber,-0.21450369450484913,0,0.1235,0.0,0,0
2024-12-30 06:00:00,99.6485,72.41625,99.4405,62.256499999999996,Amber,-1.3481814463765582,0,0.0,0.0,0,0
2024-12-30 07:00:00,99.80275,92.75200000000001,99.419,60.436749999999996,Amber,0.02105765225667211,0,0.0,0.0,0,0
2024-12-30 08:00:00,99.7755,105.3825,99.51525,53.456,Amber,-0.1380349952568418,0,0.0,0.0,0,0
2024-12-30 09:00:00,99.963,107.675,99.59375,54.40025,Green,1.7089738975542068,0,0.1529,0.0,0,0
2024-12-30 10:00:00,99.7005,113.59700000000001,99.62675,56.82725,Amber,-0.6426055256105196,0,0.0433,0.0,0,0
2024-12-30 11:00:00,99.3865,113.673,99.59375,48.920500000000004,Amber,-1.6945709412205041,0,0.0,0.0114,0,0
2024-12-30 12:00:00,100.0,114.51925,99.65225,44.94675,Green,1.0367590699240197,0,0.1899,0.0,0,0
2024-12-30 13:00:00,99.13725,114.93475,99.33250000000001,37.80575,Amber,-1.5489870414153066,0,0.0,0.2607,0,0
2024-12-30 14:00:00,99.76625,117.44825,99.47725,35.80175,Amber,0.31834069329436515,0,0.0,0.0,0,0
2024-12-30 15:00:00,99.164,107.178,99.30199999999999,32.8005,Amber,-1.0319075785517136,0,0.0,0.2339,0,0
2024-12-30 16:00:00,99.596,107.71375,99.446,27.23625,Amber,0.25584703035283096,0,0.0,0.0359,0,0
2024-12-30 17:00:00,99.39150000000001,93.65625,99.4385,30.28825,Amber,-0.3437500235298348,0,0.0,0.0423,0,0
2024-12-30 18:00:00,99.30975000000001,83.7525,99.702,27.76175,Amber,-0.3414571339143348,0,0.0,0.1305,0,0
2024-12-30 19:00:00,99.635,68.48349999999999,99.2385,30.448999999999998,Amber,0.6978419340076469,0,0.0,0.0,0,0
2024-12-30 20:00:00,99.55625,56.80625,99.46125,29.90925,Amber,0.6167255790366954,0,0.0,0.0,0,0
2024-12-30 21:00:00,99.47,51.772999999999996,99.613,33.92725,Amber,-0.18342609317415043,0,0.0,0.0,0,0
2024-12-30 22:00:00,99.22775,41.8865,99.52000000000001,39.870000000000005,Green,-1.3367840880658468,0,0.0,0.1702,0,0
2024-12-30 23:00:00,99.52000000000001,40.936,99.267,41.97025,Amber,0.431999292413336,0,0.0,0.0481,0,0
2024-12-31 00:00:00,99.4445,40.61325,99.43175,44.29775,Amber,-0.22396059074154825,0,0.0,0.0015,0,0
2024-12-31 01:00:00,99.17325,43.066,99.35025,45.576,Amber,-1.4154185344849184,0,0.0,0.2262,0,0
2024-12-31 02:00:00,99.93225,40.00325,99.5945,56.358,Green,1.747611213583189,0,0.1221,0.0,0,0
2024-12-31 03:00:00,99.90625,46.897,99.54925,55.789500000000004,Green,1.144102819833612,0,0.2183,0.0,0,0
2024-12-31 04:00:00,99.85300000000001,62.479,99.391,56.968,Amber,0.6989949941251448,0,0.2612,0.0,0,0
2024-12-31 05:00:00,100.0,68.38925,99.502,61.6375,Amber,0.8491363098299933,0,0.4511,0.0,0,0
2024-12-31 06:00:00,99.95325,79.57325,99.381,59.87875,Amber,0.4810197184211603,0,0.5942,0.0,0,0
2024-12-31 07:00:00,100.0,83.05875,99.5355,55.99325,Green,1.0421181927622027,0,0.7841,0.0,0,0
2024-12-31 08:00:00,99.468,101.96725,99.501,53.81925,Amber,-1.959152914913368,0,0.442,0.0,0,0
2024-12-31 09:00:00,99.55325,109.97825,99.51425,50.68725,Amber,-1.0672773754769576,0,0.1851,0.0,0,0
2024-12-31 10:00:00,99.8455,119.76124999999999,99.628,53.449,Green,0.17927890074341485,0,0.2205,0.0,0,0
2024-12-31 11:00:00,99.576,119.17225,99.255,49.61875,Amber,-0.6875065915398587,0,0.0,0.0,0,0
2024-12-31 12:00:00,99.51775,123.577,99.324,42.457,Amber,-0.6701310742446036,0,0.0,0.0,0,0
2024-12-31 13:00:00,99.62975,120.06899999999999,99.32900000000001,33.768,Amber,0.23637697353207907,0,0.0,0.0,0,0
2024-12-31 14:00:00,99.33225,115.08525,99.68350000000001,37.835,Amber,-1.461238040437886,0,0.0,0.0657,0,0
2024-12-31 15:00:00,99.245,111.40875,99.51725,38.366749999999996,Amber,-1.297254953594428,0,0.0,0.2186,0,0
2024-12-31 16:00:00,99.44375,97.16825,99.55275,29.131,Amber,-0.09282877127968527,0,0.0,0.1728,0,0
2024-12-31 17:00:00,99.13225,94.80775,99.72725,28.08025,Amber,-1.373615251774227,0,0.0,0.4385,0,0
2024-12-31 18:00:00,99.40275,83.6745,99.38375,29.7245,Amber,0.22401841030329947,0,0.0,0.4336,0,0
2024-12-31 19:00:00,99.23225,70.452,99.544,31.40275,Green,-0.5641845511052576,0,0.0,0.5993,0,0
2024-12-31 20:00:00,98.769,53.92425,99.4145,34.155,Red,-1.7951051380346728,0,0.0,1.2283,0,1
2024-12-31 21:00:00,99.56450000000001,45.433,99.59475,36.64575,Amber,1.078990192024463,0,0.0,1.0617,0,0
2024-12-31 22:00:00,99.8985,51.51025,99.574,38.1055,Green,1.4627059904307858,0,0.0884,0.5611,0,0
2024-12-31 23:00:00,99.66,40.31025,99.56275,45.8945,Amber,0.6098790357814551,0,0.0,0.299,0,0
